path,split
danga/anhyangryeon/seong-dan-002 danga 1/04-anhyangnyeon-imsulji.csv,valid
"danga/ansukseon/seong-dan-001 danga/03-ansukseon(chang),jangdeokhwa(gosu)-mangogangsan.csv",valid
"danga/ansukseon/seong-dan-001 danga/11-ansukseon(chang),jangdeokhwa(gosu)-jeokbyeokbu.csv",train
"danga/baeseolhyang/pan-0-007 SPsidaeui pansori yeoryu myeongchangdeul 4 baeseolhyang,gimsohyang,baksochun,jonongok/01-baeseolhyang-chuwolgangsan.csv",train
danga/bagyangdeok/seong-dan-003 danga 2/05-bagyangdeok-mangogangsan.csv,train
danga/bagyangdeok/seong-dan-003 danga 2/06-bagyangdeok-eohwasesang.csv,valid
"danga/bakchowol/seong-dan-001 danga/09-bakchowol(chang),ijeongeop(gosu)-gangsangpungwol.csv",train
danga/bakchowol/seong-dan-004 dangajip 1/03-bakchowol-cheonhataeryeong(hongmunyeon).csv,test
danga/bakchowol/seong-dan-004 dangajip 1/04-bakchowol-yeuidongbang(cheoringa).csv,train
"danga/bakdongjin/seong-dan-001 danga/01-bakdongjin(chang),jangdeokhwa(gosu)-jingukmyeongsan.csv",train
"danga/bakdongjin/seong-dan-001 danga/06-bakdongjin(chang),jangdeokhwa(gosu)-gwangdaega.csv",train
danga/bakdongjin/seong-dan-006 bakdongjin (danga)/01-bakdongjin-jeokbyeokga.csv,train
danga/bakdongjin/seong-dan-006 bakdongjin (danga)/02-bakdongjin-jinguk myeongsan.csv,train
danga/bakdongjin/seong-dan-006 bakdongjin (danga)/03-bakdongjin-hongmunyeonga.csv,train
danga/bakdongjin/seong-dan-006 bakdongjin (danga)/04-bakdongjin-undam punggyeong.csv,train
danga/bakdongjin/seong-dan-006 bakdongjin (danga)/05-bakdongjin-gongdorani.csv,train
danga/bakdongjin/seong-dan-006 bakdongjin (danga)/06-bakdongjin-chohanga.csv,train
danga/bakgwihui/seong-dan-002 danga 1/05-bakgwihui-choroinsaeng.csv,train
danga/bakgwihui/seong-dan-002 danga 1/09-bakgwihui-cheonhataepyeong.csv,train
danga/bakgwihui/seong-dan-005 dangajip 2/01-bakgwihui-jukjangmanghye.csv,train
danga/bakgwihui/seong-dan-005 dangajip 2/02-bakgwihui-choroinsaeng(baekbalga).csv,test
danga/bakrokju/gimseonyeongsojang yuseonggieumban(MP3)/15 - undampunggyeong-baknokju(1933).csv,valid
"danga/bakrokju/pan-0-005 SPsidaeui pansori yeoryu myeongchangdeul 2 bakrokju,obichwi/01-bakrokju-jingukmyeongsan.csv",train
"danga/bakrokju/pan-0-005 SPsidaeui pansori yeoryu myeongchangdeul 2 bakrokju,obichwi/02-bakrokju-gwibulgwi.csv",valid
"danga/bakrokju/pan-0-005 SPsidaeui pansori yeoryu myeongchangdeul 2 bakrokju,obichwi/03-bakrokju-daegwangangsan.csv",train
danga/bakrokju/seong-dan-004 dangajip 1/05-bakrokju-hannoga.csv,train
danga/bakrokju/seong-dan-004 dangajip 1/06-bakrokju-undampunggyeong.csv,train
"danga/baksochun/pan-0-007 SPsidaeui pansori yeoryu myeongchangdeul 4 baeseolhyang,gimsohyang,baksochun,jonongok/08-baksochun-gangsangpungwol.csv",train
"danga/baksochun/pan-0-007 SPsidaeui pansori yeoryu myeongchangdeul 4 baeseolhyang,gimsohyang,baksochun,jonongok/09-baksochun-myeonggimyeongchang.csv",train
danga/baksonghui/seong-dan-007 inganmunhwajae baksonghui danga/01-baksonghui-insaengbaeknyeon.csv,train
danga/baksonghui/seong-dan-007 inganmunhwajae baksonghui danga/02-baksonghui-jingukmyeongsan.csv,train
danga/baksonghui/seong-dan-007 inganmunhwajae baksonghui danga/03-baksonghui-jeokbyeokbu.csv,train
danga/baksonghui/seong-dan-007 inganmunhwajae baksonghui danga/04-baksonghui-honamga.csv,train
danga/baksonghui/seong-dan-007 inganmunhwajae baksonghui danga/05-baksonghui-baekbalga.csv,train
danga/baksonghui/seong-dan-007 inganmunhwajae baksonghui danga/06-baksonghui-pyeonsichun.csv,train
danga/baksonghui/seong-dan-007 inganmunhwajae baksonghui danga/07-baksonghui-yeogaekgateun.csv,train
danga/baksonghui/seong-dan-007 inganmunhwajae baksonghui danga/08-baksonghui-hanroga.csv,train
danga/baksonghui/seong-dan-007 inganmunhwajae baksonghui danga/09-baksonghui-undampunggyeong.csv,train
danga/baksonghui/seong-dan-007 inganmunhwajae baksonghui danga/10-baksonghui-gangsangpungwol.csv,train
danga/baksonghui/seong-dan-007 inganmunhwajae baksonghui danga/11-baksonghui-mangogangsan.csv,train
danga/baksonghui/seong-dan-007 inganmunhwajae baksonghui danga/12-baksonghui-beotnimga.csv,train
danga/baksonghui/seong-dan-007 inganmunhwajae baksonghui danga/13-baksonghui-ssukdaemeori(pansori chunhyangga jung).csv,train
danga/bangjingwan/pan-0-014 bikteo yuseonggi wonban sirijeu 13 30nyeondae pansori geoljakjip/07-bangjingwan-danga nogeumbangcho.csv,train
danga/gimchangryong/pan-chun-030 pansori 5myeongchang gimchangryong/01-gimchangryong-danga_daejangbuhan.csv,train
"danga/gimchangryong/pan-chun-038 pansori5myeongchang/13-gimchangryong-daejangbu han(sang,ha).csv",train
danga/gimilgu/seong-dan-003 danga 2/10-gimilgu-sinbaekbalga.csv,train
danga/gimilgu/seong-dan-003 danga 2/11-gimilgu-gangsangpungwol.csv,train
danga/gimsohui/pan-0-008 gimsohui pansori ilsaeng/02-gimsohui-danga pyeonsichun.csv,train
danga/gimsohui/pan-0-008 gimsohui pansori ilsaeng/03-gimsohui-danga yeokryeogwagaek.csv,valid
danga/gimsohui/seong-dan-005 dangajip 2/03-gimsohui-yeokryeogwagaek.csv,train
danga/gimsohui/seong-dan-005 dangajip 2/04-gimsohui-pyeonsichun.csv,train
danga/gimsuhyeon/seong-dan-003 danga 2/07-gimsuhyeon-gogocheonbyeon.csv,train
danga/gimsuhyeon/seong-dan-003 danga 2/12-gimsuhyeon-hongmunyeonga.csv,train
danga/gimsuhyeon/seong-dan-003 danga 2/13-gimsuhyeon-jukjangmanghye.csv,train
danga/gimyeonsu/seong-dan-004 dangajip 1/01-gimyeonsu-sasipunggyeong(isan jeosan).csv,train
danga/gimyeonsu/seong-dan-004 dangajip 1/02-gimyeonsu-baekguga.csv,train
danga/gimyeoran/seong-dan-005 dangajip 2/07-gimyeoran-mangogangsan.csv,train
danga/gimyeoran/seong-dan-005 dangajip 2/08-gimyeoran-jeokbyeokbu.csv,train
danga/hannongseon/seong-dan-002 danga 1/07-hannongseon-pyeonsichun.csv,train
danga/hannongseon/seong-dan-002 danga 1/10-hannongseon-undampunggyeong.csv,train
danga/hannongseon/seong-dan-003 danga 2/08-hannongseon-baekbalga.csv,train
danga/hannongseon/seong-dan-003 danga 2/09-hannongseon-oknosachang.csv,train
danga/hannongseon/seong-dan-005 dangajip 2/05-hannongseon-eowacheongchun(bulsubin)(jangbuga).csv,valid
danga/hannongseon/seong-dan-005 dangajip 2/06-hannongseon-gongdonanri.csv,test
"danga/hapchang/seong-dan-008 ansukseon,josanghyeon changa/01-ansukseon(gueum),wonjanghyeon(daegeum),itaebaek(ajaeng),jeonghwayeong(janggo)-Intro.csv",train
"danga/hapchang/seong-dan-008 ansukseon,josanghyeon changa/02-ansukseon,josanghyeon(sori),wonjanghyeon(daegeum),itaebaek(ajaeng),jeonghwayeong(buk)-chunhyangga jung sarangga.csv",test
"danga/hapchang/seong-dan-008 ansukseon,josanghyeon changa/03-josanghyeon(sori),bakchunmaeng(buk)-danga_isanjeosan.csv",train
"danga/hapchang/seong-dan-008 ansukseon,josanghyeon changa/04-ansukseon(sori),jeonghwayeong(buk)-danga_eohwa sesang beotnimnedeul.csv",train
"danga/hapchang/seong-dan-008 ansukseon,josanghyeon changa/05-josanghyeon,ansukseon(sori),wonjanghyeon(daegeum),itaebaek(ajaeng),jeonghwayeong(buk)-simcheongga jung simbongsa nuntteuneun daemok.csv",train
danga/idongbaek/pan-0-014 bikteo yuseonggi wonban sirijeu 13 30nyeondae pansori geoljakjip/01-idongbaek-japga saetaryeong.csv,test
danga/idongbaek/pan-0-014 bikteo yuseonggi wonban sirijeu 13 30nyeondae pansori geoljakjip/02-idongbaek-danga baekbalga.csv,train
danga/idongbaek/pan-chun-038 pansori5myeongchang/10-idongbaek-gakjotaryeong(saetaryeong).csv,train
danga/idongbaek/pan-chun-038 pansori5myeongchang/11-idongbaek-gangsangyeongga(baekbalga).csv,train
danga/ihwajungseon/myeongchang ihwajungseon pansoriseonjip/10-ihwajungseon-chohanga.csv,valid
danga/ihwajungseon/pan-chun-035 hangugui widaehan pansori myeongchangdeul(III) ihwajungseon/01-ihwajungseon-sosangpalgyeong.csv,valid
danga/ihwajungseon/pan-chun-035 hangugui widaehan pansori myeongchangdeul(III) ihwajungseon/02-ihwajungseon-chohanga.csv,train
danga/imbangul/myeongchang imbangul pansoriseonjip/02-imbangul-pyeonsichun.csv,train
danga/imbangul/myeongchang imbangul pansoriseonjip/08-imbangul-chueok.csv,train
danga/imbangul/myeongchang imbangul pansoriseonjip/09-imbangul-myeonggimyeongchang.csv,train
danga/imbangul/myeongchang imbangul pansoriseonjip/10-imbangul-honamga.csv,train
danga/imbangul/pan-0-014 bikteo yuseonggi wonban sirijeu 13 30nyeondae pansori geoljakjip/04-imbangul-danga pyeonsichun.csv,train
danga/imbangul/pan-chun-032 pansori myeongchang imbangul jeonjip/01-imbangul-danga_honamga.csv,valid
danga/imbangul/pan-chun-032 pansori myeongchang imbangul jeonjip/02-imbangul-danga_myeonggi myeongchang.csv,train
danga/imbangul/pan-chun-034 hangugui widaehan pansori myeongchangdeul(II) imbangul/01-imbangul-pyeonsichun.csv,train
danga/imbangul/pan-chun-034 hangugui widaehan pansori myeongchangdeul(II) imbangul/03-imbangul-chueok.csv,train
danga/imbangul/pan-chun-034 hangugui widaehan pansori myeongchangdeul(II) imbangul/04-imbangul-myeonggimyeongchang.csv,test
danga/iseonyu/gimseonyeongsojang yuseonggieumban(MP3)/01 - danga wolhamong-iseonyu.csv,train
danga/iseonyu/pan-chun-036 pansorimyeongchang iseonyu/01-iseonyu-danga_yeokdaega(cheonjigwangtangga).csv,train
"danga/jonongok/pan-0-007 SPsidaeui pansori yeoryu myeongchangdeul 4 baeseolhyang,gimsohyang,baksochun,jonongok/14-jonongok-gangsange dungdung.csv",train
"danga/jonongok/pan-0-007 SPsidaeui pansori yeoryu myeongchangdeul 4 baeseolhyang,gimsohyang,baksochun,jonongok/15-jonongok-namhansanseong.csv",train
"danga/josanghyeon/seong-dan-001 danga/02-josanghyeon(chang),bakchunmaeng(gosu)-sacheolga.csv",test
danga/josanghyeon/seong-dan-002 danga 1/03-josanghyeon-sacheolga.csv,train
danga/jotongdal/seong-dan-002 danga 1/06-jotongdal-gowanggeumrae.csv,train
"danga/obichwi/pan-0-005 SPsidaeui pansori yeoryu myeongchangdeul 2 bakrokju,obichwi/10-obichwi-chohanga.csv",train
"danga/obichwi/pan-0-005 SPsidaeui pansori yeoryu myeongchangdeul 2 bakrokju,obichwi/11-obichwi-geumsugangsan.csv",train
"danga/ojeongsuk/seong-dan-001 danga/08-ojeongsuk(chang),jangdeokhwa(gosu)-honamga.csv",train
"danga/seongchangsun/seong-dan-001 danga/05-seongchangsun(chang),gimdeuksu(gosu)-hongmunyeonga.csv",train
"danga/seongchangsun/seong-dan-001 danga/07-seongchangsun(chang),gimdeuksu(gosu)-baekbalga.csv",train
"danga/seongchangsun/seong-dan-001 danga/10-seongchangsun(chang),gimdeuksu(gosu)-jukjangmanghye.csv",train
"danga/seongchangsun/seong-dan-001 danga/12-seongchangsun(chang),gimdeuksu(gosu)-undampunggyeong.csv",test
"danga/seongchangsun/seong-dan-001 danga/14-seongchangsun(chang),gimdeuksu(gosu)-pyeonsichun.csv",train
"danga/seongchangsun/seong-dan-001 danga/15-seongchangsun(chang),gimdeuksu(gosu)-gongdonani.csv",train
danga/seonguhyang/seong-dan-002 danga 1/08-seonguhyang-gangsangpungwol.csv,train
danga/seonguhyang/seong-dan-003 danga 2/03-seonguhyang-cheoringa.csv,train
danga/seonguhyang/seong-dan-003 danga 2/04-seonguhyang-jingukmyeongsan.csv,train
danga/seonguhyang/seong-dan-004 dangajip 1/07-seonguhyang-jingukmyeongsan.csv,train
danga/seonguhyang/seong-dan-004 dangajip 1/08-seonguhyang-gangsangpungwol.csv,train
danga/sinpyeongil/seong-dan-002 danga 1/11-sinpyeongil-honamga.csv,train
"danga/sinyeonghui/seong-dan-001 danga/04-sinyeonghui(chang),jangdeokhwa(gosu)-chunmongga.csv",train
"danga/sinyeonghui/seong-dan-001 danga/13-sinyeonghui(chang),jangdeokhwa(gosu)-chuhanga.csv",train
danga/sinyeonghui/seong-dan-003 danga 2/01-sinyeonghui-chohanga.csv,train
danga/sinyeonghui/seong-dan-003 danga 2/02-sinyeonghui-chunmongga.csv,valid
danga/sinyeonghui/seong-dan-003 danga 2/14-sinyeonghui-jangbuga.csv,test
danga/sinyugyeong/seong-dan-002 danga 1/01-sinyugyeong-jangbuga_eoacheongchun.csv,train
danga/sinyugyeong/seong-dan-002 danga 1/02-sinyugyeong-tamgyeongga_cheonsaengajae.csv,train
danga/songgideok/myeonginmyeongchangseonjip(6) dongpyeonje pansori/04-songgideok-danga sosangpalgyeong.csv,train
danga/songgideok/songmangap songgideok(1913)-seonyeongakhoe/Nip6131-sosangpalgyeongga-songgideok-(seonyeongakhoe).csv,test
madang12/baebijangtaryeong/bakdongjin/pan-0-012 inganmunhwajae bakdongjin pansori daejeonjip pansori baebijang taryeong/pan-0-012 inganmunhwajae bakdongjin pansori daejeonjip pansori baebijang taryeong CD1/01-bakdongjin-baebijang taryeong_baeseondal yebangsoimeuro immyeongdoeeo jejuro naeryeoganeun daemok.csv,valid
madang12/baebijangtaryeong/bakdongjin/pan-0-012 inganmunhwajae bakdongjin pansori daejeonjip pansori baebijang taryeong/pan-0-012 inganmunhwajae bakdongjin pansori daejeonjip pansori baebijang taryeong CD1/02-bakdongjin-baebijang taryeong_badaeseo pungrangmanna gosa jinaego jejue dangdoham.csv,valid
madang12/baebijangtaryeong/bakdongjin/pan-0-012 inganmunhwajae bakdongjin pansori daejeonjip pansori baebijang taryeong/pan-0-012 inganmunhwajae bakdongjin pansori daejeonjip pansori baebijang taryeong CD1/03-bakdongjin-baebijang taryeong_jeongbijanggwa aerangui ibyeoldaemok.csv,valid
madang12/baebijangtaryeong/bakdongjin/pan-0-012 inganmunhwajae bakdongjin pansori daejeonjip pansori baebijang taryeong/pan-0-012 inganmunhwajae bakdongjin pansori daejeonjip pansori baebijang taryeong CD1/04-bakdongjin-baebijang taryeong_sinimsatto doimhaengcha.csv,valid
madang12/baebijangtaryeong/bakdongjin/pan-0-012 inganmunhwajae bakdongjin pansori daejeonjip pansori baebijang taryeong/pan-0-012 inganmunhwajae bakdongjin pansori daejeonjip pansori baebijang taryeong CD1/05-bakdongjin-baebijang taryeong_baebijang hoejeolsikil eummokkumyeo hanrasaneuro cheonryeopgam.csv,train
madang12/baebijangtaryeong/bakdongjin/pan-0-012 inganmunhwajae bakdongjin pansori daejeonjip pansori baebijang taryeong/pan-0-012 inganmunhwajae bakdongjin pansori daejeonjip pansori baebijang taryeong CD2/01-bakdongjin-baebijang taryeong_aerangege banhan baebijang.csv,train
madang12/baebijangtaryeong/bakdongjin/pan-0-012 inganmunhwajae bakdongjin pansori daejeonjip pansori baebijang taryeong/pan-0-012 inganmunhwajae bakdongjin pansori daejeonjip pansori baebijang taryeong CD2/02-bakdongjin-baebijang taryeong_sangsabyeongnan baebijang.csv,train
madang12/baebijangtaryeong/bakdongjin/pan-0-012 inganmunhwajae bakdongjin pansori daejeonjip pansori baebijang taryeong/pan-0-012 inganmunhwajae bakdongjin pansori daejeonjip pansori baebijang taryeong CD2/03-bakdongjin-baebijang taryeong_baebijang aerang mannareo ganeun daemok.csv,valid
madang12/baebijangtaryeong/bakdongjin/pan-0-012 inganmunhwajae bakdongjin pansori daejeonjip pansori baebijang taryeong/pan-0-012 inganmunhwajae bakdongjin pansori daejeonjip pansori baebijang taryeong CD2/04-bakdongjin-baebijang taryeong_bangjawa aerangi jjagoseo nongganburineun daemok.csv,train
madang12/baebijangtaryeong/bakdongjin/pan-0-012 inganmunhwajae bakdongjin pansori daejeonjip pansori baebijang taryeong/pan-0-012 inganmunhwajae bakdongjin pansori daejeonjip pansori baebijang taryeong CD2/05-bakdongjin-baebijang taryeong_aerang baebijangege sajoehaneun daemok.csv,train
"madang12/baebijangtaryeong/gimsohui/pan-0-017 bikteo yuseonggi wonban sirijeu 10 gimyeoran,gimsohui choginogeum seonjip/09-gimsohui-baebijangjeon jung jeongbijanggwa aerangi ibyeolhaneun de.csv",train
madang12/garujigitaryeong/bakdongjin/pan-ga-001 garujigi taryeong/pan-ga-001 garujigi taryeong(1)/01-bakdongjin(chang)-garujigitaryeong_cheoeum daemok~jeokmakhan sanjunge joeun giwajibeul chajaseo jeonyeokbabeul jieomeokgo teonulrigireul bamsaedorok han yeonhu.csv,test
madang12/garujigitaryeong/bakdongjin/pan-ga-001 garujigi taryeong/pan-ga-001 garujigi taryeong(1)/02-bakdongjin(chang)-garujigitaryeong_gangsoe yeojaga gyeondida mothayeo haruneun gangsoereul japgo tongsajeonghaneun daemok~jangseung daebanghante jimseungdeuri gohaneun daemok.csv,valid
madang12/garujigitaryeong/bakdongjin/pan-ga-001 garujigi taryeong/pan-ga-001 garujigi taryeong(2)/01-bakdongjin-garujigitaryeong_jangseung daebang keuge nolra jangseung hoeuihaneun daemok~byeongangsoega kotgunyeoge chanbarami swaeswaenamyeo jukneun daemok.csv,train
madang12/garujigitaryeong/bakdongjin/pan-ga-001 garujigi taryeong/pan-ga-001 garujigi taryeong(2)/02-bakdongjin-garujigitaryeong_byeongangsoe jugeun daemok~chonggakjaengi hanpaega buchaereul buchimyeonseo deureooneun daemok.csv,train
madang12/garujigitaryeong/bakdongjin/pan-ga-001 garujigi taryeong/pan-ga-001 garujigi taryeong(3)/01-bakdongjin-garujigitaryeong_chonggakjaengideuri buchaereul buchimyeo gyeongjoreul sseugo deureooneunde~ongsaengwonui soni songjange ttak deureobutneun daemok.csv,train
madang12/garujigitaryeong/bakdongjin/pan-ga-001 garujigi taryeong/pan-ga-001 garujigi taryeong(3)/02-bakdongjin-garujigitaryeong_ongsaengwonui soni songjange ttak deureobutneun daemok~kkeutdaemok.csv,test
madang12/sugyeongnangjajeon/baksonghui/pan-suk-001 baksonghui sugyeongnangjajeon wanchang/01-baksonghui-sugyeongnangjajeon_seongungwa seonnyeo kkumsogeseo mannaneun daemok.csv,train
madang12/sugyeongnangjajeon/baksonghui/pan-suk-001 baksonghui sugyeongnangjajeon wanchang/02-baksonghui-sugyeongnangjajeon_seonguni nangja geurineun daemok.csv,train
madang12/sugyeongnangjajeon/baksonghui/pan-suk-001 baksonghui sugyeongnangjajeon wanchang/03-baksonghui-sugyeongnangjajeon_nangja chaja okryeondongeuro ganeun daemok.csv,valid
madang12/sugyeongnangjajeon/baksonghui/pan-suk-001 baksonghui sugyeongnangjajeon wanchang/04-baksonghui-sugyeongnangjajeon_seongungwa nangja dongbyeoldangeseo noneun daemok.csv,train
madang12/sugyeongnangjajeon/baksonghui/pan-suk-001 baksonghui sugyeongnangjajeon wanchang/05-baksonghui-sugyeongnangjajeon_sugyeongnangja sinyeoege mohamdanghaneun daemok.csv,train
madang12/sugyeongnangjajeon/baksonghui/pan-suk-001 baksonghui sugyeongnangjajeon wanchang/06-baksonghui-sugyeongnangjajeon_sugyeongnangja yueonhaneun daemok.csv,valid
madang12/sugyeongnangjajeon/baksonghui/pan-suk-001 baksonghui sugyeongnangjajeon wanchang/07-baksonghui-sugyeongnangjajeon_seonguni sugyeongnangja butdeulgo tonggokhaneun daemok.csv,test
madang12/sugyeongnangjajeon/baksonghui/pan-suk-001 baksonghui sugyeongnangjajeon wanchang/08-baksonghui-sugyeongnangjajeon_seonguni yak guhareo ganeun daemok.csv,train
madang12/sugyeongnangjajeon/baksonghui/pan-suk-001 baksonghui sugyeongnangjajeon wanchang/09-baksonghui-sugyeongnangjajeon_seonguni yakguhae sugyeongnangja salrineun daemok.csv,train
madang12/sugyeongnangjajeon/jeongjeongryeol/pan-0-031 pansori 5myeongchang jeongjeongryeol/12-jeongjeongryeol-sugyeongnangjajeon_moja ibyeolhaneun de.csv,train
madang12/sugyeongnangjajeon/jeongjeongryeol/pan-0-031 pansori 5myeongchang jeongjeongryeol/13-jeongjeongryeol-sugyeongnangjajeon_yakguhareo ganeun de.csv,train
madang5/chunhyangga/ansukseon/gita037 ansukseon jieum/02-ansukseon-chunhyanggajung ibyeolga.csv,train
madang5/chunhyangga/ansukseon/gita037 ansukseon jieum/10-ansukseon-eodiro galkkabuda.csv,train
madang5/chunhyangga/ansukseon/pan-chun-023 ansukseon chunhyangga/pan-chun-023 ansukseon chunhyangga 1/01-ansukseon-chunhyangga_gisanyeongsu(jungjungmori).csv,train
madang5/chunhyangga/ansukseon/pan-chun-023 ansukseon chunhyangga/pan-chun-023 ansukseon chunhyangga 1/02-ansukseon-chunhyangga_dongmun bak nagamyeon(jungjungmori).csv,train
madang5/chunhyangga/ansukseon/pan-chun-023 ansukseon chunhyangga/pan-chun-023 ansukseon chunhyangga 1/03-ansukseon-chunhyangga_nagwi anjang(jajinmori).csv,train
madang5/chunhyangga/ansukseon/pan-chun-023 ansukseon chunhyangga/pan-chun-023 ansukseon chunhyangga 1/04-ansukseon-chunhyangga_jeokseongga(jinyang).csv,train
"madang5/chunhyangga/ansukseon/pan-chun-023 ansukseon chunhyangga/pan-chun-023 ansukseon chunhyangga 1/05-ansukseon-chunhyangga_imongryongi si eupneunde(sichang),anjeotda ireona(jungjungmori),baekbaekhonghong(jungjungmori).csv",train
"madang5/chunhyangga/ansukseon/pan-chun-023 ansukseon chunhyangga/pan-chun-023 ansukseon chunhyangga 1/06-ansukseon-chunhyangga_chunhyangui seolbuhwayong(jajinmori),bangja chunhyang bureureo ganeunde(jajinmori).csv",valid
madang5/chunhyangga/ansukseon/pan-chun-023 ansukseon chunhyangga/pan-chun-023 ansukseon chunhyangga 1/07-ansukseon-chunhyangga_ne geureun naeryeok(jungjungmori).csv,train
madang5/chunhyangga/ansukseon/pan-chun-023 ansukseon chunhyangga/pan-chun-023 ansukseon chunhyangga 1/08-ansukseon-chunhyangga_gyeongsangdo sanseneun(jajinmori).csv,train
madang5/chunhyangga/ansukseon/pan-chun-023 ansukseon chunhyangga/pan-chun-023 ansukseon chunhyangga 1/09-ansukseon-chunhyangga_bangja chunhyangjip garikineun de(jinyang).csv,train
madang5/chunhyangga/ansukseon/pan-chun-023 ansukseon chunhyangga/pan-chun-023 ansukseon chunhyangga 1/10-ansukseon-chunhyangga_doryeonnim geusibuteo(jajinmori).csv,train
madang5/chunhyangga/ansukseon/pan-chun-023 ansukseon chunhyangga/pan-chun-023 ansukseon chunhyangga 1/11-ansukseon-chunhyangga_cheonja puri(jungjungmori).csv,test
"madang5/chunhyangga/ansukseon/pan-chun-023 ansukseon chunhyangga/pan-chun-023 ansukseon chunhyangga 1/12-ansukseon-chunhyangga_ieukgo toeryeongsori(jinyang),daldo bakgo daldo bakda(jajinmori).csv",train
madang5/chunhyangga/ansukseon/pan-chun-023 ansukseon chunhyangga/pan-chun-023 ansukseon chunhyangga 1/13-ansukseon-chunhyangga_bang chiryeo(jungmori).csv,test
"madang5/chunhyangga/ansukseon/pan-chun-023 ansukseon chunhyangga/pan-chun-023 ansukseon chunhyangga 1/14-ansukseon-chunhyangga_gin sarangga(jinyang),jajinsarangga(jungjungmori).csv",train
madang5/chunhyangga/ansukseon/pan-chun-023 ansukseon chunhyangga/pan-chun-023 ansukseon chunhyangga 2/01-ansukseon-chunhyangga_jeongjanorae(jungjungmori).csv,train
madang5/chunhyangga/ansukseon/pan-chun-023 ansukseon chunhyangga/pan-chun-023 ansukseon chunhyangga 2/02-ansukseon-chunhyangga_ibyeolcha naganeunde(jungmori)~geonjanghan dupaechogun(jungjungmori).csv,train
"madang5/chunhyangga/ansukseon/pan-chun-023 ansukseon chunhyangga/pan-chun-023 ansukseon chunhyangga 2/03-ansukseon-chunhyangga_ibyeolga chodu(jinyang),chunhyangmochini naonda(jungjungmori),chunhyangiga(jungmori).csv",train
madang5/chunhyangga/ansukseon/pan-chun-023 ansukseon chunhyangga/pan-chun-023 ansukseon chunhyangga 2/04-ansukseon-chunhyangga_orijeong ibyeol(jinyang)~geu jarie teolsseok(jungmori).csv,valid
madang5/chunhyangga/ansukseon/pan-chun-023 ansukseon chunhyangga/pan-chun-023 ansukseon chunhyangga 3/01-ansukseon-chunhyangga_bi majeun jebigati(jinyang).csv,train
madang5/chunhyangga/ansukseon/pan-chun-023 ansukseon chunhyangga/pan-chun-023 ansukseon chunhyangga 3/02-ansukseon-chunhyangga_harugago iteulgago(jungmori).csv,train
madang5/chunhyangga/ansukseon/pan-chun-023 ansukseon chunhyangga/pan-chun-023 ansukseon chunhyangga 3/03-ansukseon-chunhyangga_sinyeonmaji(jajinmori).csv,train
"madang5/chunhyangga/ansukseon/pan-chun-023 ansukseon chunhyangga/pan-chun-023 ansukseon chunhyangga 3/04-ansukseon-chunhyangga_gisaengjeomgo(jinyang),jounmou yangdaeseoni(jungjungmori),gunrosaryeong(jungjungmori).csv",train
"madang5/chunhyangga/ansukseon/pan-chun-023 ansukseon chunhyangga/pan-chun-023 ansukseon chunhyangga 3/05-ansukseon-chunhyangga_galkkabuda(jungmori),acha acha nae ijeotda(danjungmori),baekgutaryeong(jungjungmori).csv",train
madang5/chunhyangga/ansukseon/pan-chun-023 ansukseon chunhyangga/pan-chun-023 ansukseon chunhyangga 3/06-ansukseon-chunhyangga_haengsugisaengi naganda(jungmori)~golbangui sucheongtongin(hwimori).csv,train
"madang5/chunhyangga/ansukseon/pan-chun-023 ansukseon chunhyangga/pan-chun-023 ansukseon chunhyangga 4/01-ansukseon-chunhyangga_jipjangsaryeong(jinyang),sipjangga(jinyang),yeoreul chigo(jungmori).csv",train
"madang5/chunhyangga/ansukseon/pan-chun-023 ansukseon chunhyangga/pan-chun-023 ansukseon chunhyangga 4/02-ansukseon-chunhyangga_yeoreo gisaengi deureoonda(jungjungmori),chunhyangiga jeongsin charyeo(jungmori).csv",test
madang5/chunhyangga/ansukseon/pan-chun-023 ansukseon chunhyangga/pan-chun-023 ansukseon chunhyangga 4/03-ansukseon-chunhyangga_okjungga(jinyang).csv,test
madang5/chunhyangga/ansukseon/pan-chun-023 ansukseon chunhyangga/pan-chun-023 ansukseon chunhyangga 4/04-ansukseon-chunhyangga_mongjungga(jungmori).csv,train
madang5/chunhyangga/ansukseon/pan-chun-023 ansukseon chunhyangga/pan-chun-023 ansukseon chunhyangga 4/05-ansukseon-chunhyangga_gisaengjung nanhyangi(jungmori).csv,train
madang5/chunhyangga/ansukseon/pan-chun-023 ansukseon chunhyangga/pan-chun-023 ansukseon chunhyangga 4/06-ansukseon-chunhyangga_ssukdaemeori(jungmori).csv,train
"madang5/chunhyangga/ansukseon/pan-chun-023 ansukseon chunhyangga/pan-chun-023 ansukseon chunhyangga 4/07-ansukseon-chunhyangga_gwageojang(jajinmori),namdaemun bak sseok naseoseo(jajinmori),eosahaengjang(jungmori).csv",train
madang5/chunhyangga/ansukseon/pan-chun-023 ansukseon chunhyangga/pan-chun-023 ansukseon chunhyangga 5/01-ansukseon-chunhyangga_bangja pyeonji jeonhaneunde(jinyang).csv,train
madang5/chunhyangga/ansukseon/pan-chun-023 ansukseon chunhyangga/pan-chun-023 ansukseon chunhyangga 5/02-ansukseon-chunhyangga_chunhyangpyeonji(nangsongjo).csv,train
"madang5/chunhyangga/ansukseon/pan-chun-023 ansukseon chunhyangga/pan-chun-023 ansukseon chunhyangga 5/03-ansukseon-chunhyangga_nongbuga(jungmori),jajinnongbuga(jungjungmori).csv",valid
madang5/chunhyangga/ansukseon/pan-chun-023 ansukseon chunhyangga/pan-chun-023 ansukseon chunhyangga 5/04-ansukseon-chunhyangga_bakseokti(jinyang).csv,test
madang5/chunhyangga/ansukseon/pan-chun-023 ansukseon chunhyangga/pan-chun-023 ansukseon chunhyangga 5/05-ansukseon-chunhyangga_eosawa jangmo(jungjungmori).csv,test
madang5/chunhyangga/ansukseon/pan-chun-023 ansukseon chunhyangga/pan-chun-023 ansukseon chunhyangga 5/06-ansukseon-chunhyangga_deureotdeon chotbureul(jungmori).csv,train
"madang5/chunhyangga/ansukseon/pan-chun-023 ansukseon chunhyangga/pan-chun-023 ansukseon chunhyangga 6/01-ansukseon-chunhyangga_chogyeong igyeong(jinyang),okjungsangbong(jungmori.csv",test
madang5/chunhyangga/ansukseon/pan-chun-023 ansukseon chunhyangga/pan-chun-023 ansukseon chunhyangga 6/02-ansukseon-chunhyangga_gageupsuryeong moadeulje(jajinmori).csv,train
madang5/chunhyangga/ansukseon/pan-chun-023 ansukseon chunhyangga/pan-chun-023 ansukseon chunhyangga 6/03-ansukseon-chunhyangga_eosachuldo(jajinmori).csv,train
madang5/chunhyangga/ansukseon/pan-chun-023 ansukseon chunhyangga/pan-chun-023 ansukseon chunhyangga 6/04-ansukseon-chunhyangga_sajeongi oksoereul moreuwa deulgo(jungmori).csv,train
madang5/chunhyangga/ansukseon/pan-chun-023 ansukseon chunhyangga/pan-chun-023 ansukseon chunhyangga 6/05-ansukseon-chunhyangga_mao mao geurimao(jungmori).csv,test
madang5/chunhyangga/ansukseon/pan-chun-023 ansukseon chunhyangga/pan-chun-023 ansukseon chunhyangga 6/06-ansukseon-chunhyangga_chunhyangmo chum chuneunde(jungjungmori).csv,train
"madang5/chunhyangga/baeseolhyang/pan-0-007 SPsidaeui pansori yeoryu myeongchangdeul 4 baeseolhyang,gimsohyang,baksochun,jonongok/02-baeseolhyang-mongjungga.csv",valid
madang5/chunhyangga/bakdongjin/pan-0-011 bakdongjin myeongchangui batangsoriro deutneun pansori giljabi/05-bakdongjin-chunhyangga jung eosattowa chunhyangmo sangbong daemok_jungjungmori.csv,train
madang5/chunhyangga/bakdongjin/pan-0-011 bakdongjin myeongchangui batangsoriro deutneun pansori giljabi/07-bakdongjin-chunhyangga jung amhaengeosa chuldo daemok_jajinmori.csv,train
madang5/chunhyangga/bakdongjin/pan-chun-020 inganmunhwajae bakdongjin pansori daejeonjip pansori chunhyangga/pan-chun-020 inganmunhwajae bakdongjin pansori daejeonjip pansori chunhyangga CD1/01-bakdongjin-chunhyangga_eosatto bangja mannaneun daemok.csv,train
madang5/chunhyangga/bakdongjin/pan-chun-020 inganmunhwajae bakdongjin pansori daejeonjip pansori chunhyangga/pan-chun-020 inganmunhwajae bakdongjin pansori daejeonjip pansori chunhyangga CD1/02-bakdongjin-chunhyangga_chunhyangmo giwonhaneun daemok.csv,train
madang5/chunhyangga/bakdongjin/pan-chun-020 inganmunhwajae bakdongjin pansori daejeonjip pansori chunhyangga/pan-chun-020 inganmunhwajae bakdongjin pansori daejeonjip pansori chunhyangga CD1/03-bakdongjin-chunhyangga_eosattowa chunhyangmo sangbong daemok.csv,train
madang5/chunhyangga/bakdongjin/pan-chun-020 inganmunhwajae bakdongjin pansori daejeonjip pansori chunhyangga/pan-chun-020 inganmunhwajae bakdongjin pansori daejeonjip pansori chunhyangga CD1/04-bakdongjin-chunhyangga_eosatto chunhyangmo sogineun daemok 1.csv,train
madang5/chunhyangga/bakdongjin/pan-chun-020 inganmunhwajae bakdongjin pansori daejeonjip pansori chunhyangga/pan-chun-020 inganmunhwajae bakdongjin pansori daejeonjip pansori chunhyangga CD1/05-bakdongjin-chunhyangga_eosatto chunhyangmo sogineun daemok 2.csv,train
madang5/chunhyangga/bakdongjin/pan-chun-020 inganmunhwajae bakdongjin pansori daejeonjip pansori chunhyangga/pan-chun-020 inganmunhwajae bakdongjin pansori daejeonjip pansori chunhyangga CD1/06-bakdongjin-chunhyangga_chunhyangi kkumkkuneun daemok.csv,valid
madang5/chunhyangga/bakdongjin/pan-chun-020 inganmunhwajae bakdongjin pansori daejeonjip pansori chunhyangga/pan-chun-020 inganmunhwajae bakdongjin pansori daejeonjip pansori chunhyangga CD2/01-bakdongjin-chunhyangga_eosatto chunhyang okjungsangbong daemok 1.csv,train
madang5/chunhyangga/bakdongjin/pan-chun-020 inganmunhwajae bakdongjin pansori daejeonjip pansori chunhyangga/pan-chun-020 inganmunhwajae bakdongjin pansori daejeonjip pansori chunhyangga CD2/02-bakdongjin-chunhyangga_eosatto chunhyang okjungsangbong daemok 2.csv,train
madang5/chunhyangga/bakdongjin/pan-chun-020 inganmunhwajae bakdongjin pansori daejeonjip pansori chunhyangga/pan-chun-020 inganmunhwajae bakdongjin pansori daejeonjip pansori chunhyangga CD2/03-bakdongjin-chunhyangga_eosatto chunhyanggwa yaksokhaneun daemok.csv,train
madang5/chunhyangga/bakdongjin/pan-chun-020 inganmunhwajae bakdongjin pansori daejeonjip pansori chunhyangga/pan-chun-020 inganmunhwajae bakdongjin pansori daejeonjip pansori chunhyangga CD2/04-bakdongjin-chunhyangga_singwansatto saengiljanchi daemok.csv,train
madang5/chunhyangga/bakdongjin/pan-chun-020 inganmunhwajae bakdongjin pansori daejeonjip pansori chunhyangga/pan-chun-020 inganmunhwajae bakdongjin pansori daejeonjip pansori chunhyangga CD2/05-bakdongjin-chunhyangga_eosatto geuljitneun daemok.csv,train
madang5/chunhyangga/bakdongjin/pan-chun-020 inganmunhwajae bakdongjin pansori daejeonjip pansori chunhyangga/pan-chun-020 inganmunhwajae bakdongjin pansori daejeonjip pansori chunhyangga CD2/06-bakdongjin-chunhyangga_amhaengeosa chuldo daemok.csv,train
madang5/chunhyangga/bakdongjin/pan-chun-020 inganmunhwajae bakdongjin pansori daejeonjip pansori chunhyangga/pan-chun-020 inganmunhwajae bakdongjin pansori daejeonjip pansori chunhyangga CD2/07-bakdongjin-chunhyangga_sudoan sanggo daemok.csv,train
madang5/chunhyangga/bakgyehyang/pan-0-027 deugeum Vol.3 jeonju daesaseup pansori myeongchangbu jangwonja nundaemok3/01-bakgyehyang-chunhyangga_ibyeoldaemok.csv,test
madang5/chunhyangga/bakjunggeun/myeonginmyeongchangseonjip(6) dongpyeonje pansori/13-bakjunggeun-chunhyangga jung jeokjeokgongbang.csv,train
madang5/chunhyangga/bakjunggeun/myeonginmyeongchangseonjip(6) dongpyeonje pansori/14-bakjunggeun-chunhyangga jung dongpungga.csv,train
madang5/chunhyangga/bakrokju/gimseonyeongsojang yuseonggieumban(MP3)/16 - chundangsigwa-baknokju(1933).csv,train
"madang5/chunhyangga/bakrokju/pan-0-005 SPsidaeui pansori yeoryu myeongchangdeul 2 bakrokju,obichwi/04-bakrokju-chunhyang jip garikineun de.csv",train
"madang5/chunhyangga/bakrokju/pan-0-005 SPsidaeui pansori yeoryu myeongchangdeul 2 bakrokju,obichwi/05-bakrokju-ibyeolga.csv",train
"madang5/chunhyangga/bakrokju/pan-0-005 SPsidaeui pansori yeoryu myeongchangdeul 2 bakrokju,obichwi/06-bakrokju-dongpungga.csv",valid
"madang5/chunhyangga/baksochun/pan-0-007 SPsidaeui pansori yeoryu myeongchangdeul 4 baeseolhyang,gimsohyang,baksochun,jonongok/10-baksochun-ibyeolga.csv",train
"madang5/chunhyangga/baksochun/pan-0-007 SPsidaeui pansori yeoryu myeongchangdeul 4 baeseolhyang,gimsohyang,baksochun,jonongok/11-baksochun-eosa bakseokti neomneun de.csv",test
"madang5/chunhyangga/baksochun/pan-0-007 SPsidaeui pansori yeoryu myeongchangdeul 4 baeseolhyang,gimsohyang,baksochun,jonongok/12-baksochun-eosawa chunhyangmo.csv",train
madang5/chunhyangga/choechaeseon/pan-0-025 deugeum Vol.1 jeonju daesaseup pansori myeongchangbu jangwonja nundaemok1/06-choechaeseon-chunhyangga_okjungsangbonghaneunde.csv,train
madang5/chunhyangga/choehyeonju/gita044 gamdok imgwontaek chunyangdyeon orijineolsaundeuteuraek/14-choehyeonju-namwone yeolnyeo natne.csv,train
madang5/chunhyangga/choenansu/pan-0-025 deugeum Vol.1 jeonju daesaseup pansori myeongchangbu jangwonja nundaemok1/05-choenansu-chunhyangga_bakseokgogae olraseonde.csv,test
"madang5/chunhyangga/choeseunghui/pan-chun-029 myeonginmyeongchang(5) pansori 3myeongchang(choeseunghui,seonguhyang,baksonghui) teukbyeolgongyeon silhwang/01-choeseunghui-pansori chunhyangga jung okjungsangbong~eosa chuldo jeon(gimyeoranje).csv",train
madang5/chunhyangga/eunhuijin/pan-chun-011-015 eunhuijin chunhyangga/pan-chun-011 eunhuijin chunhyangga I/01-eunhuijin-danga_sacheolga.csv,train
madang5/chunhyangga/eunhuijin/pan-chun-011-015 eunhuijin chunhyangga/pan-chun-011 eunhuijin chunhyangga I/02-eunhuijin-chunhyangga_choip~bangja nagwi anjang jitneunde.csv,train
madang5/chunhyangga/eunhuijin/pan-chun-011-015 eunhuijin chunhyangga/pan-chun-011 eunhuijin chunhyangga I/03-eunhuijin-chunhyangga_jeokseongga daemok.csv,train
madang5/chunhyangga/eunhuijin/pan-chun-011-015 eunhuijin chunhyangga/pan-chun-011 eunhuijin chunhyangga I/04-eunhuijin-chunhyangga_bangja chunhyangi bureureo ganeunde.csv,train
madang5/chunhyangga/eunhuijin/pan-chun-011-015 eunhuijin chunhyangga/pan-chun-011 eunhuijin chunhyangga I/05-eunhuijin-chunhyangga_bangja chunhyangege sujak haneunde.csv,valid
madang5/chunhyangga/eunhuijin/pan-chun-011-015 eunhuijin chunhyangga/pan-chun-011 eunhuijin chunhyangga I/06-eunhuijin-chunhyangga_cheonja dwitpuri.csv,train
"madang5/chunhyangga/eunhuijin/pan-chun-011-015 eunhuijin chunhyangga/pan-chun-011 eunhuijin chunhyangga I/07-eunhuijin-chunhyangga_idoryeong,chunhyangjip geonneo ganeunde.csv",valid
"madang5/chunhyangga/eunhuijin/pan-chun-011-015 eunhuijin chunhyangga/pan-chun-011 eunhuijin chunhyangga I/08-eunhuijin-chunhyangga_chunhyangmo,idoryeong eumsiksang charineunde.csv",train
madang5/chunhyangga/eunhuijin/pan-chun-011-015 eunhuijin chunhyangga/pan-chun-012 eunhuijin chunhyangga II/01-eunhuijin-chunhyangga_sarangga.csv,train
"madang5/chunhyangga/eunhuijin/pan-chun-011-015 eunhuijin chunhyangga/pan-chun-012 eunhuijin chunhyangga II/02-eunhuijin-chunhyangga_chunhyangi,idoryeong eopgo noneunde.csv",test
madang5/chunhyangga/eunhuijin/pan-chun-011-015 eunhuijin chunhyangga/pan-chun-012 eunhuijin chunhyangga II/03-eunhuijin-chunhyangga_idoryeong ibyeol gohareo ganeunde.csv,valid
madang5/chunhyangga/eunhuijin/pan-chun-011-015 eunhuijin chunhyangga/pan-chun-012 eunhuijin chunhyangga II/04-eunhuijin-chunhyangga_chunhyangege ibyeol gohaneunde.csv,train
madang5/chunhyangga/eunhuijin/pan-chun-011-015 eunhuijin chunhyangga/pan-chun-012 eunhuijin chunhyangga II/05-eunhuijin-chunhyangga_ibyeoriran mare chunhyang nolraeneunde.csv,train
madang5/chunhyangga/eunhuijin/pan-chun-011-015 eunhuijin chunhyangga/pan-chun-012 eunhuijin chunhyangga II/06-eunhuijin-chunhyangga_chunhyangmo gigamakhyeo sori jireuneunde.csv,train
madang5/chunhyangga/eunhuijin/pan-chun-011-015 eunhuijin chunhyangga/pan-chun-012 eunhuijin chunhyangga II/07-eunhuijin-chunhyangga_hutnal giyakhamyeo uneunde.csv,train
madang5/chunhyangga/eunhuijin/pan-chun-011-015 eunhuijin chunhyangga/pan-chun-013 eunhuijin chunhyangga III/01-eunhuijin-chunhyangga_ibyeore chunhyangi nunmul heulrineunde.csv,train
madang5/chunhyangga/eunhuijin/pan-chun-011-015 eunhuijin chunhyangga/pan-chun-013 eunhuijin chunhyangga III/02-eunhuijin-chunhyangga_singwansatto buim haneunde.csv,train
madang5/chunhyangga/eunhuijin/pan-chun-011-015 eunhuijin chunhyangga/pan-chun-013 eunhuijin chunhyangga III/03-eunhuijin-chunhyangga_gisaengjeomgo haneunde.csv,train
madang5/chunhyangga/eunhuijin/pan-chun-011-015 eunhuijin chunhyangga/pan-chun-013 eunhuijin chunhyangga III/04-eunhuijin-chunhyangga_chunhyangi jaba deurineunde.csv,train
madang5/chunhyangga/eunhuijin/pan-chun-011-015 eunhuijin chunhyangga/pan-chun-013 eunhuijin chunhyangga III/05-eunhuijin-chunhyangga_sucheong geojeolhaneunde.csv,train
madang5/chunhyangga/eunhuijin/pan-chun-011-015 eunhuijin chunhyangga/pan-chun-013 eunhuijin chunhyangga III/06-eunhuijin-chunhyangga_sipjangga.csv,train
madang5/chunhyangga/eunhuijin/pan-chun-011-015 eunhuijin chunhyangga/pan-chun-013 eunhuijin chunhyangga III/07-eunhuijin-chunhyangga_chunhyangi tuok doeneunde.csv,train
madang5/chunhyangga/eunhuijin/pan-chun-011-015 eunhuijin chunhyangga/pan-chun-013 eunhuijin chunhyangga III/08-eunhuijin-chunhyangga_ssukdaemeori.csv,train
madang5/chunhyangga/eunhuijin/pan-chun-011-015 eunhuijin chunhyangga/pan-chun-013 eunhuijin chunhyangga III/09-eunhuijin-chunhyangga_jangwongeupje haneunde.csv,train
madang5/chunhyangga/eunhuijin/pan-chun-011-015 eunhuijin chunhyangga/pan-chun-013 eunhuijin chunhyangga III/10-eunhuijin-chunhyangga_eosahaengjang charineunde.csv,train
"madang5/chunhyangga/eunhuijin/pan-chun-011-015 eunhuijin chunhyangga/pan-chun-014 eunhuijin chunhyangga IV/01-eunhuijin-chunhyangga_eosatto,bangja manna chunhyang pyeonji ikneunde.csv",valid
madang5/chunhyangga/eunhuijin/pan-chun-011-015 eunhuijin chunhyangga/pan-chun-014 eunhuijin chunhyangga IV/02-eunhuijin-chunhyangga_bangjaga eosatto ara boneunde.csv,train
madang5/chunhyangga/eunhuijin/pan-chun-011-015 eunhuijin chunhyangga/pan-chun-014 eunhuijin chunhyangga IV/03-eunhuijin-chunhyangga_bongsaga chunhyang kkum haemong haneunde.csv,test
"madang5/chunhyangga/eunhuijin/pan-chun-011-015 eunhuijin chunhyangga/pan-chun-014 eunhuijin chunhyangga IV/04-eunhuijin-chunhyangga_eosatto,chunhyangjibeuro geuphi ganeunde.csv",train
"madang5/chunhyangga/eunhuijin/pan-chun-011-015 eunhuijin chunhyangga/pan-chun-014 eunhuijin chunhyangga IV/05-eunhuijin-chunhyangga_chunhyangmo,sawibogo bangawo haneunde.csv",train
"madang5/chunhyangga/eunhuijin/pan-chun-011-015 eunhuijin chunhyangga/pan-chun-014 eunhuijin chunhyangga IV/06-eunhuijin-chunhyangga_chunhyangmo,eosatto haengsaekbogo nolraneunde.csv",valid
"madang5/chunhyangga/eunhuijin/pan-chun-011-015 eunhuijin chunhyangga/pan-chun-014 eunhuijin chunhyangga IV/07-eunhuijin-chunhyangga_eosatto,chunhyangmo sogineunde.csv",train
madang5/chunhyangga/eunhuijin/pan-chun-011-015 eunhuijin chunhyangga/pan-chun-014 eunhuijin chunhyangga IV/08-eunhuijin-chunhyangga_okjungsangbong.csv,train
madang5/chunhyangga/eunhuijin/pan-chun-011-015 eunhuijin chunhyangga/pan-chun-015 eunhuijin chunhyangga V/01-eunhuijin-chunhyangga_bongwansatto saengil janchi.csv,train
madang5/chunhyangga/eunhuijin/pan-chun-011-015 eunhuijin chunhyangga/pan-chun-015 eunhuijin chunhyangga V/02-eunhuijin-chunhyangga_amhaengeosa chuldu haneunde.csv,valid
"madang5/chunhyangga/eunhuijin/pan-chun-011-015 eunhuijin chunhyangga/pan-chun-015 eunhuijin chunhyangga V/03-eunhuijin-chunhyangga_chunhyang,ogeseo dongheoneuro japhyeo oneunde.csv",train
madang5/chunhyangga/eunhuijin/pan-chun-011-015 eunhuijin chunhyangga/pan-chun-015 eunhuijin chunhyangga V/04-eunhuijin-chunhyangga_neulgeun gwabu hana eosattoege hwa naeneunde.csv,train
"madang5/chunhyangga/eunhuijin/pan-chun-011-015 eunhuijin chunhyangga/pan-chun-015 eunhuijin chunhyangga V/05-eunhuijin-chunhyangga_chunhyangi,eosatto ara boneunde.csv",train
"madang5/chunhyangga/eunhuijin/pan-chun-011-015 eunhuijin chunhyangga/pan-chun-015 eunhuijin chunhyangga V/06-eunhuijin-chunhyangga_chunhyangmo,sini naseo chum chuneunde.csv",train
madang5/chunhyangga/eunhuijin/pan-chun-011-015 eunhuijin chunhyangga/pan-chun-015 eunhuijin chunhyangga V/07-eunhuijin-chunhyangga_eosatto bangja dalraeneunde.csv,train
madang5/chunhyangga/eunhuijin/pan-chun-011-015 eunhuijin chunhyangga/pan-chun-015 eunhuijin chunhyangga V/08-eunhuijin-chunhyangga_baeknyeonhaero yaksok haneunde~kkeutkkaji.csv,test
madang5/chunhyangga/gangsochun/gimseonyeongsojang yuseonggieumban(MP3)/19 - ginsarangga(1)-gangsochun.csv,train
madang5/chunhyangga/gangsochun/gimseonyeongsojang yuseonggieumban(MP3)/20 - ginsarangga(2)-gangsochun.csv,train
madang5/chunhyangga/gimchanghwan/pan-chun-033 pansori 5myeongchang gimchanghwan/01-gimchanghwan-danga_gogocheonbyeon.csv,train
madang5/chunhyangga/gimchanghwan/pan-chun-033 pansori 5myeongchang gimchanghwan/02-gimchanghwan-japga_sangjupuri.csv,train
madang5/chunhyangga/gimchanghwan/pan-chun-033 pansori 5myeongchang gimchanghwan/03-gimchanghwan-japga_nongbuga.csv,train
"madang5/chunhyangga/gimchanghwan/pan-chun-033 pansori 5myeongchang gimchanghwan/04-gimchanghwan-heungboga_jungtaryeong(sang,ha).csv",train
"madang5/chunhyangga/gimchanghwan/pan-chun-033 pansori 5myeongchang gimchanghwan/05-gimchanghwan-heungboga_jebinojeonggi(sang,ha).csv",train
madang5/chunhyangga/gimchanghwan/pan-chun-033 pansori 5myeongchang gimchanghwan/06-gimchanghwan-chunhyangga_ibyeolga.csv,train
madang5/chunhyangga/gimchanghwan/pan-chun-033 pansori 5myeongchang gimchanghwan/07-gimchanghwan-chunhyangga_chunhyangga(jeonrado joseoneo).csv,train
madang5/chunhyangga/gimchangryong/pan-chun-030 pansori 5myeongchang gimchangryong/02-gimchangryong-chunhyangga_chunhyangbanggeurimga.csv,train
madang5/chunhyangga/gimchangryong/pan-chun-030 pansori 5myeongchang gimchangryong/03-gimchangryong-chunhyangga_sarangga(gosugwan je).csv,train
madang5/chunhyangga/gimchangryong/pan-chun-030 pansori 5myeongchang gimchangryong/04-gimchangryong-chunhyangga_ibyeolga(bagyujeon je).csv,test
madang5/chunhyangga/gimchangryong/pan-chun-030 pansori 5myeongchang gimchangryong/05-gimchangryong-chunhyangga_gwigokseong(songheungrok je).csv,train
"madang5/chunhyangga/gimchangryong/pan-chun-038 pansori5myeongchang/14-gimchangryong-sarangga,dontaryeong.csv",train
"madang5/chunhyangga/gimchohyang/pan-0-016 bikteo yuseonggi wonban sirijeu 7 jamaemyeongchang ihwajungseon,ijungseon gimchohyang,gimsohyang/08-gimchohyang-chunhyangga jung bakseokti.csv",train
"madang5/chunhyangga/gimchohyang/pan-0-016 bikteo yuseonggi wonban sirijeu 7 jamaemyeongchang ihwajungseon,ijungseon gimchohyang,gimsohyang/09-gimchohyang-chunhyangga jung eosawa jangmo.csv",train
madang5/chunhyangga/gimseongae/pan-chun-017 gukripgeukjang gongyeonsilhwang woldang gimseongae dongchoje pansori chunhyangga balpyohoe/pan-chun-017 gukripgeukjang gongyeonsilhwang woldang gimseongae dongchoje pansori chunhyangga balpyohoe CD1/01-gimseongae-chunhyangga_seongchunhyanggwa idoryeongui naeryeok.csv,test
madang5/chunhyangga/gimseongae/pan-chun-017 gukripgeukjang gongyeonsilhwang woldang gimseongae dongchoje pansori chunhyangga balpyohoe/pan-chun-017 gukripgeukjang gongyeonsilhwang woldang gimseongae dongchoje pansori chunhyangga balpyohoe CD1/02-gimseongae-chunhyangga_idoryeonggwa bangjaga namwongyeongchi mundaphaneunde.csv,train
madang5/chunhyangga/gimseongae/pan-chun-017 gukripgeukjang gongyeonsilhwang woldang gimseongae dongchoje pansori chunhyangga balpyohoe/pan-chun-017 gukripgeukjang gongyeonsilhwang woldang gimseongae dongchoje pansori chunhyangga balpyohoe CD1/03-gimseongae-chunhyangga_gwanghanru gugyeong naganeunde.csv,train
madang5/chunhyangga/gimseongae/pan-chun-017 gukripgeukjang gongyeonsilhwang woldang gimseongae dongchoje pansori chunhyangga balpyohoe/pan-chun-017 gukripgeukjang gongyeonsilhwang woldang gimseongae dongchoje pansori chunhyangga balpyohoe CD1/04-gimseongae-chunhyangga_bangjaga samyeongyeongchireul gohaneunde.csv,train
madang5/chunhyangga/gimseongae/pan-chun-017 gukripgeukjang gongyeonsilhwang woldang gimseongae dongchoje pansori chunhyangga balpyohoe/pan-chun-017 gukripgeukjang gongyeonsilhwang woldang gimseongae dongchoje pansori chunhyangga balpyohoe CD1/05-gimseongae-chunhyangga_chunhyangi chucheonhaneunde.csv,train
madang5/chunhyangga/gimseongae/pan-chun-017 gukripgeukjang gongyeonsilhwang woldang gimseongae dongchoje pansori chunhyangga balpyohoe/pan-chun-017 gukripgeukjang gongyeonsilhwang woldang gimseongae dongchoje pansori chunhyangga balpyohoe CD1/06-gimseongae-chunhyangga_bangjaga chunhyangbureureo ganeunde.csv,valid
madang5/chunhyangga/gimseongae/pan-chun-017 gukripgeukjang gongyeonsilhwang woldang gimseongae dongchoje pansori chunhyangga balpyohoe/pan-chun-017 gukripgeukjang gongyeonsilhwang woldang gimseongae dongchoje pansori chunhyangga balpyohoe CD1/07-gimseongae-chunhyangga_bangjawa chunhyangui mundaphaneunde.csv,train
madang5/chunhyangga/gimseongae/pan-chun-017 gukripgeukjang gongyeonsilhwang woldang gimseongae dongchoje pansori chunhyangga balpyohoe/pan-chun-017 gukripgeukjang gongyeonsilhwang woldang gimseongae dongchoje pansori chunhyangga balpyohoe CD1/08-gimseongae-chunhyangga_idoryeongi chunhyangmotbogo chaekbangeuro doraga pyeonjisseo bonaeneunde.csv,train
madang5/chunhyangga/gimseongae/pan-chun-017 gukripgeukjang gongyeonsilhwang woldang gimseongae dongchoje pansori chunhyangga balpyohoe/pan-chun-017 gukripgeukjang gongyeonsilhwang woldang gimseongae dongchoje pansori chunhyangga balpyohoe CD1/09-gimseongae-chunhyangga_doryeonnim chaegikneunde.csv,train
madang5/chunhyangga/gimseongae/pan-chun-017 gukripgeukjang gongyeonsilhwang woldang gimseongae dongchoje pansori chunhyangga balpyohoe/pan-chun-017 gukripgeukjang gongyeonsilhwang woldang gimseongae dongchoje pansori chunhyangga balpyohoe CD1/10-gimseongae-chunhyangga_doryeonnimi saebyeokbuteo bangjaege haesosik mutneunde.csv,test
madang5/chunhyangga/gimseongae/pan-chun-017 gukripgeukjang gongyeonsilhwang woldang gimseongae dongchoje pansori chunhyangga balpyohoe/pan-chun-017 gukripgeukjang gongyeonsilhwang woldang gimseongae dongchoje pansori chunhyangga balpyohoe CD1/11-gimseongae-chunhyangga_doryeonnimi chunhyangjip chajaganeunde.csv,train
madang5/chunhyangga/gimseongae/pan-chun-017 gukripgeukjang gongyeonsilhwang woldang gimseongae dongchoje pansori chunhyangga balpyohoe/pan-chun-017 gukripgeukjang gongyeonsilhwang woldang gimseongae dongchoje pansori chunhyangga balpyohoe CD1/12-gimseongae-chunhyangga_idoryeonggwa seongchunhyangi mundaphaneunde.csv,train
madang5/chunhyangga/gimseongae/pan-chun-017 gukripgeukjang gongyeonsilhwang woldang gimseongae dongchoje pansori chunhyangga balpyohoe/pan-chun-017 gukripgeukjang gongyeonsilhwang woldang gimseongae dongchoje pansori chunhyangga balpyohoe CD1/13-gimseongae-chunhyangga_idoryeonggwa seongchunhyangi baeknyeongayageul maetneunde.csv,train
madang5/chunhyangga/gimseongae/pan-chun-017 gukripgeukjang gongyeonsilhwang woldang gimseongae dongchoje pansori chunhyangga balpyohoe/pan-chun-017 gukripgeukjang gongyeonsilhwang woldang gimseongae dongchoje pansori chunhyangga balpyohoe CD1/14-gimseongae-chunhyangga_chunhyangmo dwitnareya algo yadannaneunde.csv,train
madang5/chunhyangga/gimseongae/pan-chun-017 gukripgeukjang gongyeonsilhwang woldang gimseongae dongchoje pansori chunhyangga balpyohoe/pan-chun-017 gukripgeukjang gongyeonsilhwang woldang gimseongae dongchoje pansori chunhyangga balpyohoe CD1/15-gimseongae-chunhyangga_chunhyangmoga chunhyangdaryeo musangtago seoreumi bachiyeo uneunde.csv,train
madang5/chunhyangga/gimseongae/pan-chun-017 gukripgeukjang gongyeonsilhwang woldang gimseongae dongchoje pansori chunhyangga balpyohoe/pan-chun-017 gukripgeukjang gongyeonsilhwang woldang gimseongae dongchoje pansori chunhyangga balpyohoe CD2/01-gimseongae-chunhyangga_chunhyangmoga idoryeongkke deuriryeogo eumsigeul jakmanhaneunde.csv,train
madang5/chunhyangga/gimseongae/pan-chun-017 gukripgeukjang gongyeonsilhwang woldang gimseongae dongchoje pansori chunhyangga balpyohoe/pan-chun-017 gukripgeukjang gongyeonsilhwang woldang gimseongae dongchoje pansori chunhyangga balpyohoe CD2/02-gimseongae-chunhyangga_chunhyangmo hanibathyeo doryeonnimkke hasoyeonhaneunde.csv,train
madang5/chunhyangga/gimseongae/pan-chun-017 gukripgeukjang gongyeonsilhwang woldang gimseongae dongchoje pansori chunhyangga balpyohoe/pan-chun-017 gukripgeukjang gongyeonsilhwang woldang gimseongae dongchoje pansori chunhyangga balpyohoe CD2/03-gimseongae-chunhyangga_doryeonnimi jeungseosseoseo chunhyangmoreul juneunde.csv,train
madang5/chunhyangga/gimseongae/pan-chun-017 gukripgeukjang gongyeonsilhwang woldang gimseongae dongchoje pansori chunhyangga balpyohoe/pan-chun-017 gukripgeukjang gongyeonsilhwang woldang gimseongae dongchoje pansori chunhyangga balpyohoe CD2/04-gimseongae-chunhyangga_idoryeonggwa seongchunhyangi saranggaro noneunde.csv,valid
madang5/chunhyangga/gimseongae/pan-chun-017 gukripgeukjang gongyeonsilhwang woldang gimseongae dongchoje pansori chunhyangga balpyohoe/pan-chun-017 gukripgeukjang gongyeonsilhwang woldang gimseongae dongchoje pansori chunhyangga balpyohoe CD2/05-gimseongae-chunhyangga_idoryeongi ibyeolcharo chunhyangjip ganeunde.csv,train
madang5/chunhyangga/gimseongae/pan-chun-017 gukripgeukjang gongyeonsilhwang woldang gimseongae dongchoje pansori chunhyangga balpyohoe/pan-chun-017 gukripgeukjang gongyeonsilhwang woldang gimseongae dongchoje pansori chunhyangga balpyohoe CD2/06-gimseongae-chunhyangga_chunhyangi ibyeorinjul moreugo hanyanggagetdago jowa haneunde.csv,train
madang5/chunhyangga/gimseongae/pan-chun-017 gukripgeukjang gongyeonsilhwang woldang gimseongae dongchoje pansori chunhyangga balpyohoe/pan-chun-017 gukripgeukjang gongyeonsilhwang woldang gimseongae dongchoje pansori chunhyangga balpyohoe CD2/07-gimseongae-chunhyangga_jeongjak ibyeori duineunde.csv,train
madang5/chunhyangga/gimseongae/pan-chun-017 gukripgeukjang gongyeonsilhwang woldang gimseongae dongchoje pansori chunhyangga balpyohoe/pan-chun-017 gukripgeukjang gongyeonsilhwang woldang gimseongae dongchoje pansori chunhyangga balpyohoe CD3/01-gimseongae-chunhyangga_orijeong ibyeolhaneunde.csv,train
madang5/chunhyangga/gimseongae/pan-chun-017 gukripgeukjang gongyeonsilhwang woldang gimseongae dongchoje pansori chunhyangga balpyohoe/pan-chun-017 gukripgeukjang gongyeonsilhwang woldang gimseongae dongchoje pansori chunhyangga balpyohoe CD3/02-gimseongae-chunhyangga_chunhyangi idoryeongeul ibyeolhago bimajeun jebigati jibeuro deureooneundi.csv,train
madang5/chunhyangga/gimseongae/pan-chun-017 gukripgeukjang gongyeonsilhwang woldang gimseongae dongchoje pansori chunhyangga balpyohoe/pan-chun-017 gukripgeukjang gongyeonsilhwang woldang gimseongae dongchoje pansori chunhyangga balpyohoe CD3/03-gimseongae-chunhyangga_chunhyangi kkumkkunhu tansikhaneunde.csv,train
madang5/chunhyangga/gimseongae/pan-chun-017 gukripgeukjang gongyeonsilhwang woldang gimseongae dongchoje pansori chunhyangga balpyohoe/pan-chun-017 gukripgeukjang gongyeonsilhwang woldang gimseongae dongchoje pansori chunhyangga balpyohoe CD3/04-gimseongae-chunhyangga_singo satto naeryeooneun jeolchareul maryeonhaneunde.csv,valid
madang5/chunhyangga/gimseongae/pan-chun-017 gukripgeukjang gongyeonsilhwang woldang gimseongae dongchoje pansori chunhyangga balpyohoe/pan-chun-017 gukripgeukjang gongyeonsilhwang woldang gimseongae dongchoje pansori chunhyangga balpyohoe CD3/05-gimseongae-chunhyangga_sinyeonmajeo naeryeooneunde.csv,train
madang5/chunhyangga/gimseongnyeo/gita044 gamdok imgwontaek chunyangdyeon orijineolsaundeuteuraek/21-gimseongnyeo-yeolnyeochunhyang nan baeroda.csv,train
madang5/chunhyangga/gimsohui/pan-0-008 gimsohui pansori ilsaeng/04-gimsohui-chunhyangga jung orijeong ibyeol.csv,train
"madang5/chunhyangga/gimsohui/pan-0-017 bikteo yuseonggi wonban sirijeu 10 gimyeoran,gimsohui choginogeum seonjip/03-gimsohui-danga gangsangpungwol.csv",train
"madang5/chunhyangga/gimsohui/pan-0-017 bikteo yuseonggi wonban sirijeu 10 gimyeoran,gimsohui choginogeum seonjip/04-gimsohui-chunhyangga jung ibyeolga(chunhyangmo jatan).csv",train
"madang5/chunhyangga/gimsohui/pan-0-017 bikteo yuseonggi wonban sirijeu 10 gimyeoran,gimsohui choginogeum seonjip/05-gimsohui-chunhyangga jung okjungsangbong.csv",train
madang5/chunhyangga/gimsohui/pan-chun-018 gimsohui chunhyangga/pan-chun-018 gimsohui chunhyangga je1jip/01-gimsohui-chunhyangga_choip.csv,train
madang5/chunhyangga/gimsohui/pan-chun-018 gimsohui chunhyangga/pan-chun-018 gimsohui chunhyangga je1jip/02-gimsohui-chunhyangga_gwanghanru aroeneun daemok.csv,train
madang5/chunhyangga/gimsohui/pan-chun-018 gimsohui chunhyangga/pan-chun-018 gimsohui chunhyangga je1jip/03-gimsohui-chunhyangga_bangja nagwianjang jitneun daemok.csv,train
madang5/chunhyangga/gimsohui/pan-chun-018 gimsohui chunhyangga/pan-chun-018 gimsohui chunhyangga je1jip/04-gimsohui-chunhyangga_jeokseongga daemok.csv,train
madang5/chunhyangga/gimsohui/pan-chun-018 gimsohui chunhyangga/pan-chun-018 gimsohui chunhyangga je1jip/05-gimsohui-chunhyangga_idoryeong chunhyangi geunetaneun moseup boneun daemok.csv,train
madang5/chunhyangga/gimsohui/pan-chun-018 gimsohui chunhyangga/pan-chun-018 gimsohui chunhyangga je1jip/06-gimsohui-chunhyangga_bangja chunhyangege sujakhaneun daemok.csv,train
madang5/chunhyangga/gimsohui/pan-chun-018 gimsohui chunhyangga/pan-chun-018 gimsohui chunhyangga je1jip/07-gimsohui-chunhyangga_bangja idoryeongege chunhyangmal jeonhaneun daemok.csv,train
madang5/chunhyangga/gimsohui/pan-chun-018 gimsohui chunhyangga/pan-chun-018 gimsohui chunhyangga je1jip/08-gimsohui-chunhyangga_chaekbangeseo chunhyang saenggakhaneun daemok.csv,train
madang5/chunhyangga/gimsohui/pan-chun-018 gimsohui chunhyangga/pan-chun-018 gimsohui chunhyangga je1jip/09-gimsohui-chunhyangga_cheonja dwitpuri daemok.csv,train
madang5/chunhyangga/gimsohui/pan-chun-018 gimsohui chunhyangga/pan-chun-018 gimsohui chunhyangga je1jip/10-gimsohui-chunhyangga_idoryeong chunhyangjip chajaganeun daemok.csv,train
madang5/chunhyangga/gimsohui/pan-chun-018 gimsohui chunhyangga/pan-chun-018 gimsohui chunhyangga je1jip/11-gimsohui-chunhyangga_chunhyangi chulsaengnaeryeok daemok.csv,train
madang5/chunhyangga/gimsohui/pan-chun-018 gimsohui chunhyangga/pan-chun-018 gimsohui chunhyangga je2jip/01-gimsohui-chunhyangga_idoryeong chunhyangmoege heorakbatneun daemok.csv,train
madang5/chunhyangga/gimsohui/pan-chun-018 gimsohui chunhyangga/pan-chun-018 gimsohui chunhyangga je2jip/02-gimsohui-chunhyangga_sarangga daemok.csv,valid
madang5/chunhyangga/gimsohui/pan-chun-018 gimsohui chunhyangga/pan-chun-018 gimsohui chunhyangga je2jip/03-gimsohui-chunhyangga_idoryeong ibyeol gohareo chunhyangjip ganeun daemok.csv,train
madang5/chunhyangga/gimsohui/pan-chun-018 gimsohui chunhyangga/pan-chun-018 gimsohui chunhyangga je2jip/04-gimsohui-chunhyangga_idoryeong chunhyangege ibyeol gohaneun daemok.csv,train
madang5/chunhyangga/gimsohui/pan-chun-018 gimsohui chunhyangga/pan-chun-018 gimsohui chunhyangga je2jip/05-gimsohui-chunhyangga_chunhyangi jatanhaneun daemok.csv,test
madang5/chunhyangga/gimsohui/pan-chun-018 gimsohui chunhyangga/pan-chun-018 gimsohui chunhyangga je2jip/06-gimsohui-chunhyangga_chunhyangmo jatanhaneun daemok.csv,train
madang5/chunhyangga/gimsohui/pan-chun-018 gimsohui chunhyangga/pan-chun-018 gimsohui chunhyangga je2jip/07-gimsohui-chunhyangga_idoryeonggwa chunhyang hutnal giyakhaneun daemok.csv,train
madang5/chunhyangga/gimsohui/pan-chun-018 gimsohui chunhyangga/pan-chun-018 gimsohui chunhyangga je3jip/01-gimsohui-chunhyangga_orijeong ibyeol daemok.csv,valid
madang5/chunhyangga/gimsohui/pan-chun-018 gimsohui chunhyangga/pan-chun-018 gimsohui chunhyangga je3jip/02-gimsohui-chunhyangga_chunhyangi sangsaui jeong(1).csv,valid
madang5/chunhyangga/gimsohui/pan-chun-018 gimsohui chunhyangga/pan-chun-018 gimsohui chunhyangga je3jip/03-gimsohui-chunhyangga_chunhyangi sangsaui jeong(2).csv,train
madang5/chunhyangga/gimsohui/pan-chun-018 gimsohui chunhyangga/pan-chun-018 gimsohui chunhyangga je3jip/04-gimsohui-chunhyangga_sinyeon maji daemok.csv,train
madang5/chunhyangga/gimsohui/pan-chun-018 gimsohui chunhyangga/pan-chun-018 gimsohui chunhyangga je3jip/05-gimsohui-chunhyangga_gisaengjeomgo daemok.csv,valid
madang5/chunhyangga/gimsohui/pan-chun-018 gimsohui chunhyangga/pan-chun-018 gimsohui chunhyangga je3jip/06-gimsohui-chunhyangga_gunrosaryeong chunhyang bureureo ganeun daemok.csv,train
madang5/chunhyangga/gimsohui/pan-chun-018 gimsohui chunhyangga/pan-chun-018 gimsohui chunhyangga je3jip/07-gimsohui-chunhyangga_gunrosaryeongdeul sujakhaneun daemok.csv,train
madang5/chunhyangga/gimsohui/pan-chun-018 gimsohui chunhyangga/pan-chun-018 gimsohui chunhyangga je4jip/01-gimsohui-chunhyangga_singwansatto sujakdaemok.csv,test
madang5/chunhyangga/gimsohui/pan-chun-018 gimsohui chunhyangga/pan-chun-018 gimsohui chunhyangga je4jip/02-gimsohui-chunhyangga_chunhyangi japhyeodeureoganeun daemok.csv,train
madang5/chunhyangga/gimsohui/pan-chun-018 gimsohui chunhyangga/pan-chun-018 gimsohui chunhyangga je4jip/03-gimsohui-chunhyangga_sipjangga daemok.csv,train
madang5/chunhyangga/gimsohui/pan-chun-018 gimsohui chunhyangga/pan-chun-018 gimsohui chunhyangga je4jip/04-gimsohui-chunhyangga_namwon gisaengdeul.csv,train
madang5/chunhyangga/gimsohui/pan-chun-018 gimsohui chunhyangga/pan-chun-018 gimsohui chunhyangga je4jip/05-gimsohui-chunhyangga_chunhyangmochin jatandaemok.csv,train
madang5/chunhyangga/gimsohui/pan-chun-018 gimsohui chunhyangga/pan-chun-018 gimsohui chunhyangga je4jip/06-gimsohui-chunhyangga_okjungga daemok.csv,test
madang5/chunhyangga/gimsohui/pan-chun-018 gimsohui chunhyangga/pan-chun-018 gimsohui chunhyangga je4jip/07-gimsohui-chunhyangga_gwageogeupje daemok.csv,test
madang5/chunhyangga/gimsohui/pan-chun-018 gimsohui chunhyangga/pan-chun-018 gimsohui chunhyangga je5jip/01-gimsohui-chunhyangga_eosatto bangja mannaneun daemok.csv,train
madang5/chunhyangga/gimsohui/pan-chun-018 gimsohui chunhyangga/pan-chun-018 gimsohui chunhyangga je5jip/02-gimsohui-chunhyangga_chunhyangui okjungpyeonji daemok.csv,train
madang5/chunhyangga/gimsohui/pan-chun-018 gimsohui chunhyangga/pan-chun-018 gimsohui chunhyangga je5jip/03-gimsohui-chunhyangga_bangja unbonggwangaro naeryeooneun daemok.csv,train
madang5/chunhyangga/gimsohui/pan-chun-018 gimsohui chunhyangga/pan-chun-018 gimsohui chunhyangga je5jip/04-gimsohui-chunhyangga_nongbuga daemok.csv,test
madang5/chunhyangga/gimsohui/pan-chun-018 gimsohui chunhyangga/pan-chun-018 gimsohui chunhyangga je5jip/05-gimsohui-chunhyangga_bakseoktui olraseon daemok.csv,valid
madang5/chunhyangga/gimsohui/pan-chun-018 gimsohui chunhyangga/pan-chun-018 gimsohui chunhyangga je5jip/06-gimsohui-chunhyangga_eosa chunhyangjip dangdohan daemok.csv,train
madang5/chunhyangga/gimsohui/pan-chun-018 gimsohui chunhyangga/pan-chun-018 gimsohui chunhyangga je5jip/07-gimsohui-chunhyangga_eosa chunhyangmochin sangbong daemok.csv,train
madang5/chunhyangga/gimsohui/pan-chun-018 gimsohui chunhyangga/pan-chun-018 gimsohui chunhyangga je5jip/08-gimsohui-chunhyangga_chunhyangmo eosamoseup bogo jatanhaneun daemok.csv,valid
madang5/chunhyangga/gimsohui/pan-chun-018 gimsohui chunhyangga/pan-chun-018 gimsohui chunhyangga je5jip/09-gimsohui-chunhyangga_eosa sichimi tteneun daemok.csv,train
madang5/chunhyangga/gimsohui/pan-chun-018 gimsohui chunhyangga/pan-chun-018 gimsohui chunhyangga je6jip/01-gimsohui-chunhyangga_ogeuro chunhyangi chajaganeun daemok.csv,train
madang5/chunhyangga/gimsohui/pan-chun-018 gimsohui chunhyangga/pan-chun-018 gimsohui chunhyangga je6jip/02-gimsohui-chunhyangga_eosa chunhyangi okjungsangbong daemok.csv,valid
madang5/chunhyangga/gimsohui/pan-chun-018 gimsohui chunhyangga/pan-chun-018 gimsohui chunhyangga je6jip/03-gimsohui-chunhyangga_chunhyangi jukneunjul algo yueonhaneun daemok.csv,train
madang5/chunhyangga/gimsohui/pan-chun-018 gimsohui chunhyangga/pan-chun-018 gimsohui chunhyangga je6jip/04-gimsohui-chunhyangga_satto janchitnal eosa sujakhaneun daemok.csv,train
madang5/chunhyangga/gimsohui/pan-chun-018 gimsohui chunhyangga/pan-chun-018 gimsohui chunhyangga je6jip/05-gimsohui-chunhyangga_eosa chuldo daemok.csv,train
madang5/chunhyangga/gimsohui/pan-chun-018 gimsohui chunhyangga/pan-chun-018 gimsohui chunhyangga je6jip/06-gimsohui-chunhyangga_eosa chunhyangi eolreoboneun daemok.csv,train
madang5/chunhyangga/gimsohui/pan-chun-018 gimsohui chunhyangga/pan-chun-018 gimsohui chunhyangga je6jip/07-gimsohui-chunhyangga_chunhyang eosatto sangbong daemok.csv,train
"madang5/chunhyangga/gimsohui/pan-chun-018 gimsohui chunhyangga/pan-chun-018 gimsohui chunhyangga je6jip/08-gimsohui-chunhyangga_chunhyangmo gippeononeun moseup,daemi.csv",test
madang5/chunhyangga/gimsohui/sabon - beuritaenikeopansori/gimsohui chunhyangga wanchang  bukgimmyeonghwan.csv,train
"madang5/chunhyangga/gimsohyang/pan-0-007 SPsidaeui pansori yeoryu myeongchangdeul 4 baeseolhyang,gimsohyang,baksochun,jonongok/05-gimsohyang-bakseokti.csv",train
"madang5/chunhyangga/gimsohyang/pan-0-007 SPsidaeui pansori yeoryu myeongchangdeul 4 baeseolhyang,gimsohyang,baksochun,jonongok/06-gimsohyang-eosawa jangmo.csv",train
madang5/chunhyangga/gimsuyeon/pan-0-027 deugeum Vol.3 jeonju daesaseup pansori myeongchangbu jangwonja nundaemok3/03-gimsuyeon-chunhyangga_orijeong ibyeoldaemok.csv,train
madang5/chunhyangga/gimyeonsu/pan-0-015 bikteo yuseonggi wonban sirijeu 6 pansori inganmunhwajae gimyeonsu choginogeum seonjip/01-gimyeonsu-chunhyangga_ibyeolga(iljeoltonggok).csv,train
madang5/chunhyangga/gimyeonsu/pan-0-015 bikteo yuseonggi wonban sirijeu 6 pansori inganmunhwajae gimyeonsu choginogeum seonjip/02-gimyeonsu-chunhyangga_orijeong ibyeol.csv,test
madang5/chunhyangga/gimyeonsu/pan-0-015 bikteo yuseonggi wonban sirijeu 6 pansori inganmunhwajae gimyeonsu choginogeum seonjip/03-gimyeonsu-chunhyangga_bi majeun jebigati.csv,train
madang5/chunhyangga/gimyeonsu/pan-0-015 bikteo yuseonggi wonban sirijeu 6 pansori inganmunhwajae gimyeonsu choginogeum seonjip/04-gimyeonsu-chunhyangga_ibyeol huui kkum.csv,train
madang5/chunhyangga/gimyeonsu/pan-0-015 bikteo yuseonggi wonban sirijeu 6 pansori inganmunhwajae gimyeonsu choginogeum seonjip/05-gimyeonsu-chunhyangga_haru gago.csv,test
madang5/chunhyangga/gimyeonsu/pan-0-015 bikteo yuseonggi wonban sirijeu 6 pansori inganmunhwajae gimyeonsu choginogeum seonjip/06-gimyeonsu-chunhyangga_eosawa jangmo.csv,valid
madang5/chunhyangga/gimyeonsu/pan-0-015 bikteo yuseonggi wonban sirijeu 6 pansori inganmunhwajae gimyeonsu choginogeum seonjip/07-gimyeonsu-chunhyangga_chunhyangmo tansik.csv,train
madang5/chunhyangga/gimyeonsu/pan-0-015 bikteo yuseonggi wonban sirijeu 6 pansori inganmunhwajae gimyeonsu choginogeum seonjip/08-gimyeonsu-chunhyangga_chogyeong igyeong.csv,train
madang5/chunhyangga/gimyeonsu/pan-0-015 bikteo yuseonggi wonban sirijeu 6 pansori inganmunhwajae gimyeonsu choginogeum seonjip/09-gimyeonsu-chunhyangga_chunhyang yueon.csv,train
madang5/chunhyangga/gimyeonsu/pan-chun-026 pansori myeongchang gimyeonsu chunhyangga/01-gimyeonsu-chunhyangga_cheonjadwipuri.csv,valid
madang5/chunhyangga/gimyeonsu/pan-chun-026 pansori myeongchang gimyeonsu chunhyangga/02-gimyeonsu-chunhyangga_idoryeongi chunhyangjip chajaganeun de.csv,train
madang5/chunhyangga/gimyeonsu/pan-chun-026 pansori myeongchang gimyeonsu chunhyangga/03-gimyeonsu-chunhyangga_chunhyang banganchire.csv,test
madang5/chunhyangga/gimyeonsu/pan-chun-026 pansori myeongchang gimyeonsu chunhyangga/04-gimyeonsu-chunhyangga_idoryeonggwa chunhyangi mundaphaneun de.csv,train
madang5/chunhyangga/gimyeonsu/pan-chun-026 pansori myeongchang gimyeonsu chunhyangga/05-gimyeonsu-chunhyangga_idoryeonggwa chunhyangi baeknyeoneonyak haneun de.csv,train
madang5/chunhyangga/gimyeonsu/pan-chun-026 pansori myeongchang gimyeonsu chunhyangga/06-gimyeonsu-chunhyangga_chunhyangmo dwitnareya algo yadannaneun de.csv,train
madang5/chunhyangga/gimyeonsu/pan-chun-026 pansori myeongchang gimyeonsu chunhyangga/07-gimyeonsu-chunhyangga_chunhyangmo chunhyangeul kkujijeumyeo seorumi batchyeo uneunde.csv,train
madang5/chunhyangga/gimyeonsu/pan-chun-026 pansori myeongchang gimyeonsu chunhyangga/08-gimyeonsu-chunhyangga_chunhyangmoga eumsigeul charineunde.csv,train
madang5/chunhyangga/gimyeonsu/pan-chun-026 pansori myeongchang gimyeonsu chunhyangga/09-gimyeonsu-chunhyangga_chunhyangmoga hasoyeonhaneunde~idoryeongi jeungseo sseojuneun de.csv,train
madang5/chunhyangga/gimyeoran/gimseonyeongsojang yuseonggieumban(MP3)/17 - chunhyangga bimongsamong(sang)-gimyeoran.csv,train
madang5/chunhyangga/gimyeoran/gimseonyeongsojang yuseonggieumban(MP3)/18 - chunhyangga bimongsamong(ha)-gimyeoran.csv,train
"madang5/chunhyangga/gimyeoran/pan-0-017 bikteo yuseonggi wonban sirijeu 10 gimyeoran,gimsohui choginogeum seonjip/01-gimyeoran-chunhyangga jung sinyeonmaji.csv",train
madang5/chunhyangga/gimyeoran/pan-chun-019 gimyeoran chunhyangga/01-gimyeoran-danga_gangsangpungwol.csv,train
madang5/chunhyangga/gimyeoran/pan-chun-019 gimyeoran chunhyangga/02-gimyeoran-chunhyangga_ibyeolga(1) ibyeolcharo naganeunde.csv,train
madang5/chunhyangga/gimyeoran/pan-chun-019 gimyeoran chunhyangga/03-gimyeoran-chunhyangga_ibyeolga(2) bonaeyeodo gageul jitgo.csv,train
madang5/chunhyangga/gimyeoran/pan-chun-019 gimyeoran chunhyangga/04-gimyeoran-chunhyangga_okjungga.csv,train
madang5/chunhyangga/gimyeoran/pan-chun-019 gimyeoran chunhyangga/05-gimyeoran-chunhyangga_eosawa jangmo.csv,valid
madang5/chunhyangga/gimyeoran/pan-chun-019 gimyeoran chunhyangga/06-gimyeoran-chunhyangga_okjungsangbong.csv,train
madang5/chunhyangga/gimyeoran/pan-chun-019 gimyeoran chunhyangga/07-gimyeoran-chunhyangga_satto saengil janchi.csv,valid
madang5/chunhyangga/gimyeoran/pan-chun-019 gimyeoran chunhyangga/08-gimyeoran-chunhyangga_eosachuldo hu chunhyangi ogeseo naoneun de.csv,train
"madang5/chunhyangga/hapchang/myeongchang chunhyangga/myeongchang chunhyangga ha CD1/01-anhyangnyeon,jotongdal-chunhyangga_chunhyang saryeongeul ttaraganeunde~chunhyang singwansattoui sucheongeul geobuhaneunde.csv",test
"madang5/chunhyangga/hapchang/myeongchang chunhyangga/myeongchang chunhyangga ha CD1/02-hannongseon,gangjongcheol,jotongdal,baksonghui-chunhyangga_sipjangga daemok.csv",train
"madang5/chunhyangga/hapchang/myeongchang chunhyangga/myeongchang chunhyangga ha CD1/03-anhyangnyeon,josanghyeon-chunhyangga_okjungga~idoryeong jangwongeupje haneunde.csv",train
"madang5/chunhyangga/hapchang/myeongchang chunhyangga/myeongchang chunhyangga ha CD1/04-hannongseon,baksonghui,anhyangnyeon,gangjongcheol,josanghyeon-chunhyangga_eosattoga seoriyeokjorege bunbuhaneunde~nongbuga.csv",train
"madang5/chunhyangga/hapchang/myeongchang chunhyangga/myeongchang chunhyangga ha CD1/05-jotongdal,josanghyeon-chunhyangga_eosawa bangjaui sangbong daemok.csv",train
"madang5/chunhyangga/hapchang/myeongchang chunhyangga/myeongchang chunhyangga ha CD2/01-hannongseon,josanghyeon,baksonghui-chunhyangga_bakseokti daemok~eosattowa chunhyangmoui sangbong.csv",train
madang5/chunhyangga/hapchang/myeongchang chunhyangga/myeongchang chunhyangga ha CD2/02-josanghyeon-chunhyangga_eosattowa chunhyangui okjung sangbong daemok.csv,valid
"madang5/chunhyangga/hapchang/myeongchang chunhyangga/myeongchang chunhyangga ha CD2/03-hannongseon,baksonghui,anhyangnyeon,josanghyeon,jotongdal,gangjongcheol-chunhyangga_amhaengeosa chuldu daemok~kkeut.csv",train
madang5/chunhyangga/hapchang/myeongchang chunhyangga/myeongchang chunhyangga sang CD1/01-josanghyeon-chunhyangga haeseol.csv,test
"madang5/chunhyangga/hapchang/myeongchang chunhyangga/myeongchang chunhyangga sang CD1/02-gimsohui,seongchangsun,gimgyeonghui-chunhyangga_choip~bangja chunhyang naeryeok aroeneunde.csv",train
"madang5/chunhyangga/hapchang/myeongchang chunhyangga/myeongchang chunhyangga sang CD1/03-gimsohui,seongchangsun,gimgyeonghui-chunhyangga_bangja chunhyang bureureo ganeunde~cheonja dwipuri.csv",valid
"madang5/chunhyangga/hapchang/myeongchang chunhyangga/myeongchang chunhyangga sang CD1/04-gimsohui,seongchangsun-chunhyangga_sarangga daemok.csv",train
madang5/chunhyangga/hapchang/myeongchang chunhyangga/myeongchang chunhyangga sang CD1/05-gimsohui-chunhyangga_idoryeongi ibyeolcharo chunhyangjibeul naganeunde.csv,train
madang5/chunhyangga/hapchang/myeongchang chunhyangga/myeongchang chunhyangga sang CD2/01-gimsohui-chunhyangga_chunhyanggwa chunhyangmoga idoryeongege ibyeolmareul deutneunde.csv,train
madang5/chunhyangga/hapchang/myeongchang chunhyangga/myeongchang chunhyangga sang CD2/02-gimsohui-chunhyangga_orijeong ibyeol daemok.csv,train
"madang5/chunhyangga/hapchang/myeongchang chunhyangga/myeongchang chunhyangga sang CD2/03-josanghyeon,jotongdal,baksonghui,hannongseon,anhyangnyeon-chunhyangga_sinyeonmaji~chunhyang idoryeong geurimyeo uneunde.csv",train
"madang5/chunhyangga/hapchang/pan-0-016 bikteo yuseonggi wonban sirijeu 7 jamaemyeongchang ihwajungseon,ijungseon gimchohyang,gimsohyang/06-gimchohyang,gimsohyang-chunhyangga jung ibyeolga(yeobo doryeonnim).csv",train
"madang5/chunhyangga/hapchang/pan-0-016 bikteo yuseonggi wonban sirijeu 7 jamaemyeongchang ihwajungseon,ijungseon gimchohyang,gimsohyang/07-gimchohyang,gimsohyang-chunhyangga jung eosawa jangmo.csv",valid
"madang5/chunhyangga/hapchang/pan-0-033 hangugui jeontongeumak chunhyangga/pan-0-033 hangugui jeontongeumak 30 chunhyangga1/01-gimsohui,gimyeonsu(chang)-chunhyangga_seochang,jeokseongga,cheonjadwipuri,chunhyangjip,bangchire.csv",test
"madang5/chunhyangga/hapchang/pan-0-033 hangugui jeontongeumak chunhyangga/pan-0-033 hangugui jeontongeumak 31 chunhyangga2/01-baknokju,gimsohui(chang)-chunhyangga_sarangga,ibyeolcharo,bonaeyeodo,haenggungyeonwol,sinnyeonmaji,gisaengjeomgo.csv",train
"madang5/chunhyangga/hapchang/pan-0-033 hangugui jeontongeumak chunhyangga/pan-0-033 hangugui jeontongeumak 32 chunhyangga3/01-gimsohui,gimyeonsu(chang)-chunhyangga_haenggunggyeonwol,sipjangga,gwageojang,eosahaengjang,pyeonji.csv",train
"madang5/chunhyangga/hapchang/pan-0-033 hangugui jeontongeumak chunhyangga/pan-0-033 hangugui jeontongeumak 33 chunhyangga4/01-gimyeonsu,gimsohui,bakchowol(chang)-chunhyangga_nongbuga,bakseokgogae,eosasangbong,paru,chultto.csv",train
madang5/chunhyangga/hapchang/pan-chun-008 chunhyangga(1)/01-chunhyangga_cheoeum daemokbuteo idoryeongi ibyeolcha chunhyang munjeoneul dangdohaneun daemokkkaji.csv,train
madang5/chunhyangga/hapchang/pan-chun-008 chunhyangga(1)/02-chunhyangga_idoryeongi ibyeolcha chunhyang munjeoneul dangdohayeo hyangdani idoryeongeul matneun daemokbuteo sattoga gisaeng jeomgohaneun daemokkkaji.csv,train
madang5/chunhyangga/hapchang/pan-chun-009 chunhyangga(2)/01-chunhyangga_gisaeng jeomgo dahago sattoga namwongoeul chunhyangeul chatneun daemokbuteo chunhyangi okbange holro anja jangtaneuro ureumuneun daemokkkaji.csv,train
madang5/chunhyangga/hapchang/pan-chun-009 chunhyangga(2)/02-chunhyangga_chunhyangi okbange holro anja jangtaneuro ureumuneun daemokbuteo chunhyangmo chotbuldeulgo eosatto eolgul boryeoneun daemokkkaji.csv,test
madang5/chunhyangga/hapchang/pan-chun-010 chunhyangga(3)/01-chunhyangga_chunhyangmo chotbureul deulgo eosatto eolgureul mulkkeureomi baraboneun daemokbuteo eosa chuldu jikjeon janchipunggyeongkkaji.csv,train
madang5/chunhyangga/hapchang/pan-chun-010 chunhyangga(3)/02-chunhyangga_eosa chuldubuteo kkeutkkaji.csv,train
madang5/chunhyangga/hapchang/pan-chun-027 kolrombiapan chunhyangga/pan-chun-027 kolrombiapan chunhyangga CD1/01-gwanghanru(1).csv,valid
madang5/chunhyangga/hapchang/pan-chun-027 kolrombiapan chunhyangga/pan-chun-027 kolrombiapan chunhyangga CD1/02-gwanghanru(2).csv,train
madang5/chunhyangga/hapchang/pan-chun-027 kolrombiapan chunhyangga/pan-chun-027 kolrombiapan chunhyangga CD1/03-gwanghanru(3).csv,train
madang5/chunhyangga/hapchang/pan-chun-027 kolrombiapan chunhyangga/pan-chun-027 kolrombiapan chunhyangga CD1/04-gwanghanru(4).csv,valid
madang5/chunhyangga/hapchang/pan-chun-027 kolrombiapan chunhyangga/pan-chun-027 kolrombiapan chunhyangga CD1/05-cheonjapuri.csv,valid
madang5/chunhyangga/hapchang/pan-chun-027 kolrombiapan chunhyangga/pan-chun-027 kolrombiapan chunhyangga CD1/06-sarangga(1).csv,train
madang5/chunhyangga/hapchang/pan-chun-027 kolrombiapan chunhyangga/pan-chun-027 kolrombiapan chunhyangga CD1/07-sarangga(2).csv,test
madang5/chunhyangga/hapchang/pan-chun-027 kolrombiapan chunhyangga/pan-chun-027 kolrombiapan chunhyangga CD1/08-sarangga(3).csv,train
madang5/chunhyangga/hapchang/pan-chun-027 kolrombiapan chunhyangga/pan-chun-027 kolrombiapan chunhyangga CD1/09-ibyeolga(1).csv,train
madang5/chunhyangga/hapchang/pan-chun-027 kolrombiapan chunhyangga/pan-chun-027 kolrombiapan chunhyangga CD1/10-ibyeolga(2).csv,train
madang5/chunhyangga/hapchang/pan-chun-027 kolrombiapan chunhyangga/pan-chun-027 kolrombiapan chunhyangga CD1/11-ibyeolga(3).csv,train
madang5/chunhyangga/hapchang/pan-chun-027 kolrombiapan chunhyangga/pan-chun-027 kolrombiapan chunhyangga CD1/12-ibyeolga(4).csv,valid
madang5/chunhyangga/hapchang/pan-chun-027 kolrombiapan chunhyangga/pan-chun-027 kolrombiapan chunhyangga CD1/13-ibyeolga(5).csv,train
madang5/chunhyangga/hapchang/pan-chun-027 kolrombiapan chunhyangga/pan-chun-027 kolrombiapan chunhyangga CD1/14-ibyeolga(6).csv,train
madang5/chunhyangga/hapchang/pan-chun-027 kolrombiapan chunhyangga/pan-chun-027 kolrombiapan chunhyangga CD1/15-ibyeolga(7).csv,train
madang5/chunhyangga/hapchang/pan-chun-027 kolrombiapan chunhyangga/pan-chun-027 kolrombiapan chunhyangga CD1/16-sinyeonmaji.csv,train
madang5/chunhyangga/hapchang/pan-chun-027 kolrombiapan chunhyangga/pan-chun-027 kolrombiapan chunhyangga CD1/17-gisaengjeomgo(1).csv,test
madang5/chunhyangga/hapchang/pan-chun-027 kolrombiapan chunhyangga/pan-chun-027 kolrombiapan chunhyangga CD1/18-gisaengjeomgo(2).csv,test
madang5/chunhyangga/hapchang/pan-chun-027 kolrombiapan chunhyangga/pan-chun-027 kolrombiapan chunhyangga CD2/01-galkkaboda.csv,train
madang5/chunhyangga/hapchang/pan-chun-027 kolrombiapan chunhyangga/pan-chun-027 kolrombiapan chunhyangga CD2/02-dontaryeong.csv,train
madang5/chunhyangga/hapchang/pan-chun-027 kolrombiapan chunhyangga/pan-chun-027 kolrombiapan chunhyangga CD2/03-haengsugisaeng.csv,train
madang5/chunhyangga/hapchang/pan-chun-027 kolrombiapan chunhyangga/pan-chun-027 kolrombiapan chunhyangga CD2/04-sipjangga(1).csv,train
madang5/chunhyangga/hapchang/pan-chun-027 kolrombiapan chunhyangga/pan-chun-027 kolrombiapan chunhyangga CD2/05-sipjangga(2).csv,train
madang5/chunhyangga/hapchang/pan-chun-027 kolrombiapan chunhyangga/pan-chun-027 kolrombiapan chunhyangga CD2/06-sipjangga(3).csv,train
madang5/chunhyangga/hapchang/pan-chun-027 kolrombiapan chunhyangga/pan-chun-027 kolrombiapan chunhyangga CD2/07-okjungga.csv,train
madang5/chunhyangga/hapchang/pan-chun-027 kolrombiapan chunhyangga/pan-chun-027 kolrombiapan chunhyangga CD2/08-gwageojang.csv,train
madang5/chunhyangga/hapchang/pan-chun-027 kolrombiapan chunhyangga/pan-chun-027 kolrombiapan chunhyangga CD2/09-nongbuga(1).csv,test
madang5/chunhyangga/hapchang/pan-chun-027 kolrombiapan chunhyangga/pan-chun-027 kolrombiapan chunhyangga CD2/10-nongbuga(2).csv,train
madang5/chunhyangga/hapchang/pan-chun-027 kolrombiapan chunhyangga/pan-chun-027 kolrombiapan chunhyangga CD2/11-chunhyangpyeonji.csv,train
madang5/chunhyangga/hapchang/pan-chun-027 kolrombiapan chunhyangga/pan-chun-027 kolrombiapan chunhyangga CD2/12-bakseoktui.csv,train
madang5/chunhyangga/hapchang/pan-chun-027 kolrombiapan chunhyangga/pan-chun-027 kolrombiapan chunhyangga CD2/13-eosawa jangmo(1).csv,train
madang5/chunhyangga/hapchang/pan-chun-027 kolrombiapan chunhyangga/pan-chun-027 kolrombiapan chunhyangga CD2/14-eosawa jangmo(2).csv,train
madang5/chunhyangga/hapchang/pan-chun-027 kolrombiapan chunhyangga/pan-chun-027 kolrombiapan chunhyangga CD2/15-okjungsangbong.csv,test
madang5/chunhyangga/hapchang/pan-chun-027 kolrombiapan chunhyangga/pan-chun-027 kolrombiapan chunhyangga CD2/16-eosachuldo.csv,train
madang5/chunhyangga/hapchang/pan-chun-027 kolrombiapan chunhyangga/pan-chun-027 kolrombiapan chunhyangga CD2/17-ihwachunpung(1).csv,train
madang5/chunhyangga/hapchang/pan-chun-027 kolrombiapan chunhyangga/pan-chun-027 kolrombiapan chunhyangga CD2/18-ihwachunpung(2).csv,train
madang5/chunhyangga/hapchang/pan-chun-028 ilchukjoseonsoripan chunhyangga jeonjip CD1/01-gwanghanru punggyeong(I).csv,train
madang5/chunhyangga/hapchang/pan-chun-028 ilchukjoseonsoripan chunhyangga jeonjip CD1/02-gwanghanru punggyeong(II).csv,valid
madang5/chunhyangga/hapchang/pan-chun-028 ilchukjoseonsoripan chunhyangga jeonjip CD1/03-gwanghanru punggyeong(III).csv,train
madang5/chunhyangga/hapchang/pan-chun-028 ilchukjoseonsoripan chunhyangga jeonjip CD1/04-gwanghanru punggyeong(IV).csv,valid
madang5/chunhyangga/hapchang/pan-chun-028 ilchukjoseonsoripan chunhyangga jeonjip CD1/05-gwanghanru punggyeong(V)(cheonjadwipuri).csv,train
madang5/chunhyangga/hapchang/pan-chun-028 ilchukjoseonsoripan chunhyangga jeonjip CD1/06-gwanghanru punggyeong(VI)-sarangga(I).csv,train
madang5/chunhyangga/hapchang/pan-chun-028 ilchukjoseonsoripan chunhyangga jeonjip CD1/07-gwanghanru punggyeong(VII)-sarangga(II).csv,train
madang5/chunhyangga/hapchang/pan-chun-028 ilchukjoseonsoripan chunhyangga jeonjip CD1/08-gwanghanru punggyeong(VIII)-sarangga(III).csv,train
madang5/chunhyangga/hapchang/pan-chun-028 ilchukjoseonsoripan chunhyangga jeonjip CD1/09-ibyeolga(I).csv,train
madang5/chunhyangga/hapchang/pan-chun-028 ilchukjoseonsoripan chunhyangga jeonjip CD1/10-ibyeolga(II).csv,train
madang5/chunhyangga/hapchang/pan-chun-028 ilchukjoseonsoripan chunhyangga jeonjip CD1/11-ibyeolga(III).csv,train
madang5/chunhyangga/hapchang/pan-chun-028 ilchukjoseonsoripan chunhyangga jeonjip CD1/12-ibyeolga(IV).csv,train
madang5/chunhyangga/hapchang/pan-chun-028 ilchukjoseonsoripan chunhyangga jeonjip CD1/13-chunhyanggojeolga(I)(sinyeonmaji).csv,train
madang5/chunhyangga/hapchang/pan-chun-028 ilchukjoseonsoripan chunhyangga jeonjip CD1/14-chunhyanggojeolga(II)(gisaengjeomgo).csv,valid
madang5/chunhyangga/hapchang/pan-chun-028 ilchukjoseonsoripan chunhyangga jeonjip CD2/01-chunhyanggojeolga(III)-(gunnosaryeong).csv,train
madang5/chunhyangga/hapchang/pan-chun-028 ilchukjoseonsoripan chunhyangga jeonjip CD2/02-chunhyanggojeolga(IV).csv,train
madang5/chunhyangga/hapchang/pan-chun-028 ilchukjoseonsoripan chunhyangga jeonjip CD2/03-chunhyanggojeolga(V).csv,train
madang5/chunhyangga/hapchang/pan-chun-028 ilchukjoseonsoripan chunhyangga jeonjip CD2/04-chunhyanggojeolga(VI).csv,train
madang5/chunhyangga/hapchang/pan-chun-028 ilchukjoseonsoripan chunhyangga jeonjip CD2/05-chunhyangokjungga(I).csv,valid
madang5/chunhyangga/hapchang/pan-chun-028 ilchukjoseonsoripan chunhyangga jeonjip CD2/06-chunhyangokjungga(II)-(gwageosiheompunggyeong).csv,train
madang5/chunhyangga/hapchang/pan-chun-028 ilchukjoseonsoripan chunhyangga jeonjip CD2/07-chunhyangokjungga(III)-(idoryeong gwageogeupje).csv,train
madang5/chunhyangga/hapchang/pan-chun-028 ilchukjoseonsoripan chunhyangga jeonjip CD2/08-chunhyangokjungga(IV)-(saetaryeong).csv,train
madang5/chunhyangga/hapchang/pan-chun-028 ilchukjoseonsoripan chunhyangga jeonjip CD2/09-eosabalhaeng(I).csv,train
madang5/chunhyangga/hapchang/pan-chun-028 ilchukjoseonsoripan chunhyangga jeonjip CD2/10-eosabalhaeng(II).csv,valid
madang5/chunhyangga/hapchang/pan-chun-028 ilchukjoseonsoripan chunhyangga jeonjip CD2/11-eosabalhaeng(III).csv,train
"madang5/chunhyangga/hapchang/pan-chun-028 ilchukjoseonsoripan chunhyangga jeonjip CD2/12-eosabalhaeng(IV)-(eosa namwonhaeng,bakseokti).csv",train
madang5/chunhyangga/hapchang/pan-chun-028 ilchukjoseonsoripan chunhyangga jeonjip CD2/13-eosachuldo(I).csv,train
madang5/chunhyangga/hapchang/pan-chun-028 ilchukjoseonsoripan chunhyangga jeonjip CD2/14-eosachuldo(II).csv,train
madang5/chunhyangga/ihwajungseon/myeongchang ihwajungseon pansoriseonjip/01-ihwajungseon-jajin sarangga.csv,test
madang5/chunhyangga/ihwajungseon/myeongchang ihwajungseon pansoriseonjip/02-ihwajungseon-gisanyeongsu.csv,train
madang5/chunhyangga/ihwajungseon/myeongchang ihwajungseon pansoriseonjip/03-ihwajungseon-bangjawa chunhyangui sujak.csv,train
madang5/chunhyangga/ihwajungseon/myeongchang ihwajungseon pansoriseonjip/04-ihwajungseon-chunhyangui jip gyeongchi.csv,valid
madang5/chunhyangga/ihwajungseon/myeongchang ihwajungseon pansoriseonjip/05-ihwajungseon-bangjaderigo chunhyanggaro.csv,train
madang5/chunhyangga/ihwajungseon/myeongchang ihwajungseon pansoriseonjip/06-ihwajungseon-ibyeolga.csv,train
madang5/chunhyangga/ihwajungseon/myeongchang ihwajungseon pansoriseonjip/09-ihwajungseon-dongpungga.csv,train
"madang5/chunhyangga/ihwajungseon/pan-0-006 SPsidaeui pansori yeoryu myeongchangdeul 3 ihwajungseon,singeumhong/02-ihwajungseon-mongjungga.csv",train
madang5/chunhyangga/ihwajungseon/pan-chun-035 hangugui widaehan pansori myeongchangdeul(III) ihwajungseon/03-ihwajungseon-gisanyeongsu.csv,train
madang5/chunhyangga/ihwajungseon/pan-chun-035 hangugui widaehan pansori myeongchangdeul(III) ihwajungseon/04-ihwajungseon-cheonjadwipuri.csv,train
madang5/chunhyangga/ihwajungseon/pan-chun-035 hangugui widaehan pansori myeongchangdeul(III) ihwajungseon/05-ihwajungseon-ibyeolga.csv,train
madang5/chunhyangga/ihwajungseon/pan-chun-035 hangugui widaehan pansori myeongchangdeul(III) ihwajungseon/06-ihwajungseon-dongpungga.csv,train
madang5/chunhyangga/ihwajungseon/pan-chun-035 hangugui widaehan pansori myeongchangdeul(III) ihwajungseon/07-ihwajungseon-nongbuga.csv,train
madang5/chunhyangga/iilju/pan-chun-003-007 iilju chang chunhyangga gosu iseonggeun/pan-chun-003 iilju chang chunhyangga 1 gosu iseonggeun/01-iilju-danga_baekbalga.csv,train
madang5/chunhyangga/iilju/pan-chun-003-007 iilju chang chunhyangga gosu iseonggeun/pan-chun-003 iilju chang chunhyangga 1 gosu iseonggeun/02-iilju-chunhyangga_gyeoryeonpyeon_cheoeum~gwanghanrueseo chunhyang geunettwineun moseube banhan idoryeong.csv,train
madang5/chunhyangga/iilju/pan-chun-003-007 iilju chang chunhyangga gosu iseonggeun/pan-chun-003 iilju chang chunhyangga 1 gosu iseonggeun/03-iilju-chunhyangga_gyeoryeonpyeon_bangjaga chunhyangeul derireo gam~idoryeong chunhyangjibeul chajanaseom.csv,test
madang5/chunhyangga/iilju/pan-chun-003-007 iilju chang chunhyangga gosu iseonggeun/pan-chun-003 iilju chang chunhyangga 1 gosu iseonggeun/04-iilju-chunhyangga_gyeoryeonpyeon_chunhyanggwa idoryeong sangbong~sarangga.csv,train
"madang5/chunhyangga/iilju/pan-chun-003-007 iilju chang chunhyangga gosu iseonggeun/pan-chun-004 iilju chang chunhyangga 2 gosu iseonggeun/01-iilju-chunhyangga_ibyeolpyeon_cheoeum~chunhyang,idoryeong mareul deutgo tonggokham.csv",train
madang5/chunhyangga/iilju/pan-chun-003-007 iilju chang chunhyangga gosu iseonggeun/pan-chun-004 iilju chang chunhyangga 2 gosu iseonggeun/02-iilju-chunhyangga_ibyeolpyeon_chunhyangmo ttwieonaom~orijeong ibyeorui seulpeum.csv,test
"madang5/chunhyangga/iilju/pan-chun-003-007 iilju chang chunhyangga gosu iseonggeun/pan-chun-004 iilju chang chunhyangga 2 gosu iseonggeun/03-iilju-chunhyangga_sunanpyeon1_namwonbusa buim~gunnosaryeong,chunhyangeul jabeureo nagam.csv",train
madang5/chunhyangga/iilju/pan-chun-003-007 iilju chang chunhyangga gosu iseonggeun/pan-chun-005 iilju chang chunhyangga 3 gosu iseonggeun/01-iilju-chunhyangga_sunanpyeon_idoryeongman saenggakhaneun chunhyangi~chunhyang maematneun daemok(sipjangga).csv,train
madang5/chunhyangga/iilju/pan-chun-003-007 iilju chang chunhyangga gosu iseonggeun/pan-chun-005 iilju chang chunhyangga 3 gosu iseonggeun/02-iilju-chunhyangga_sunanpyeon_chunhyangi maematgo tuokdoem~chunhyang okjung jantanga(ssukdaemeori).csv,test
madang5/chunhyangga/iilju/pan-chun-003-007 iilju chang chunhyangga gosu iseonggeun/pan-chun-006 iilju chang chunhyangga 4 gosu iseonggeun/01-iilju-chunhyangga-jaehoepyeon_idoryeong jangwongeupje~chunhyangpyeonji deulgoganeun bangjareul mannam.csv,train
madang5/chunhyangga/iilju/pan-chun-003-007 iilju chang chunhyangga gosu iseonggeun/pan-chun-006 iilju chang chunhyangga 4 gosu iseonggeun/02-iilju-chunhyangga_jaehoepyeon_chunhyangpyeonjireul ikneun idoryeong~idoryeong chunhyangjip dochak.csv,train
madang5/chunhyangga/iilju/pan-chun-003-007 iilju chang chunhyangga gosu iseonggeun/pan-chun-006 iilju chang chunhyangga 4 gosu iseonggeun/03-iilju-chunhyangga_jaehoepyeon_idoryeong chunhyangmo sangbong~geojicharimui idoryeongi bakdaebadeum.csv,test
"madang5/chunhyangga/iilju/pan-chun-003-007 iilju chang chunhyangga gosu iseonggeun/pan-chun-007 iilju chang chunhyangga 5 gosu iseonggeun/01-iilju-chunhyangga_jaehoepyeon_idoryeong,okjungui chunhyangireul mannareo gam~chunhyangmoui tansik.csv",train
madang5/chunhyangga/iilju/pan-chun-003-007 iilju chang chunhyangga gosu iseonggeun/pan-chun-007 iilju chang chunhyangga 5 gosu iseonggeun/02-iilju-chunhyangga_jaehoepyeon_eosatto saengiljanchiga yeolrim~eosachulduhu chunhyangeul okjungeseo kkeureonaem.csv,train
madang5/chunhyangga/iilju/pan-chun-003-007 iilju chang chunhyangga gosu iseonggeun/pan-chun-007 iilju chang chunhyangga 5 gosu iseonggeun/03-iilju-chunhyangga_jaehoepyeon_chunhyangeul salriryeogo gwabuttedeuri moyeodeum~chunhyanggwa idoryeongi haengbokhage doem(kkeut).csv,train
"madang5/chunhyangga/ijungseon/pan-0-016 bikteo yuseonggi wonban sirijeu 7 jamaemyeongchang ihwajungseon,ijungseon gimchohyang,gimsohyang/03-ijungseon-danga chupunggambyeolgok.csv",train
"madang5/chunhyangga/ijungseon/pan-0-016 bikteo yuseonggi wonban sirijeu 7 jamaemyeongchang ihwajungseon,ijungseon gimchohyang,gimsohyang/04-ijungseon-chunhyangga jung ginsarangga,jajinsarangga.csv",train
"madang5/chunhyangga/ijungseon/pan-0-016 bikteo yuseonggi wonban sirijeu 7 jamaemyeongchang ihwajungseon,ijungseon gimchohyang,gimsohyang/05-ijungseon-chunhyangga jung ssukdaemeori.csv",train
madang5/chunhyangga/imbangul/myeongchang imbangul pansoriseonjip/01-imbangul-ssukdaemeori.csv,train
madang5/chunhyangga/imbangul/myeongchang imbangul pansoriseonjip/13-imbangul-okjungsangbong.csv,train
madang5/chunhyangga/imbangul/pan-0-014 bikteo yuseonggi wonban sirijeu 13 30nyeondae pansori geoljakjip/05-imbangul-chunhyangga jung ssukdaemeori.csv,train
"madang5/chunhyangga/imbangul/pan-chun-032 pansori myeongchang imbangul jeonjip/03-imbangul-chunhyangga_sipjangga sang,ha.csv",train
madang5/chunhyangga/imbangul/pan-chun-032 pansori myeongchang imbangul jeonjip/04-imbangul-chunhyangga_ssukdaemeori.csv,valid
madang5/chunhyangga/imbangul/pan-chun-032 pansori myeongchang imbangul jeonjip/05-imbangul-chunhyangga_okjungsangbong.csv,train
madang5/chunhyangga/imbangul/pan-chun-034 hangugui widaehan pansori myeongchangdeul(II) imbangul/02-imbangul-ssukdaemeori.csv,train
madang5/chunhyangga/imbangul/pan-chun-034 hangugui widaehan pansori myeongchangdeul(II) imbangul/09-imbangul-okjungsangbongga.csv,test
madang5/chunhyangga/imyeonghui/pan-0-027 deugeum Vol.3 jeonju daesaseup pansori myeongchangbu jangwonja nundaemok3/04-imyeonghui-chunhyangga_ibyeoldaemok.csv,train
madang5/chunhyangga/iseonyu/gimseonyeongsojang yuseonggieumban(MP3)/04 - chunhyangga gwanghanrugyeonggae-iseonyu.csv,train
madang5/chunhyangga/iseonyu/myeonginmyeongchangseonjip(6) dongpyeonje pansori/06-iseonyu-chunhyangga jung toeryeonghu.csv,train
madang5/chunhyangga/iseonyu/pan-chun-036 pansorimyeongchang iseonyu/02-iseonyu-chunhyangga_gwanghanru.csv,train
madang5/chunhyangga/iseonyu/pan-chun-036 pansorimyeongchang iseonyu/03-iseonyu-chunhyangga_ibyeolga.csv,train
"madang5/chunhyangga/jeongeunhye/pansori pansoriui jeolmeun myeongchangdeul CD-1/01-jeongeunhye(chang),imhyeonbin(gosu)-chunhyangga_orijeongibyeol_aniri,jinyangjo.csv",train
"madang5/chunhyangga/jeongeunhye/pansori pansoriui jeolmeun myeongchangdeul CD-1/02-jeongeunhye(chang),imhyeonbin(gosu)-chunhyangga_orijeongibyeol_aniri,jajinmori,jungmori.csv",train
"madang5/chunhyangga/jeongeunhye/pansori pansoriui jeolmeun myeongchangdeul CD-1/03-jeongeunhye(chang),imhyeonbin(gosu)-chunhyangga_orijeongibyeol_aniri,jungmori,jajinmori,jungmori.csv",train
"madang5/chunhyangga/jeongeunhye/pansori pansoriui jeolmeun myeongchangdeul CD-1/04-jeongeunhye(chang),imhyeonbin(gosu)-chunhyangga_okjungga_aniri,jungjungmori,aniri,jinyangjo.csv",train
madang5/chunhyangga/jeongjeongryeol/gimseonyeongsojang yuseonggieumban(MP3)/11 - ibyeolga(sang)-jeongjeongryeol.csv,train
madang5/chunhyangga/jeongjeongryeol/gimseonyeongsojang yuseonggieumban(MP3)/12 - ibyeolga(ha)-jeongjeongryeol.csv,train
madang5/chunhyangga/jeongjeongryeol/jeongjeongryeol pansori seonjip/01-jeongjeongryeol-chunhyangga jung chunhyang ibyeoljeon.csv,test
"madang5/chunhyangga/jeongjeongryeol/jeongjeongryeol pansori seonjip/02-jeongjeongryeol-chunhyangga jung cheonja puri,gisaengjeomgo.csv",test
madang5/chunhyangga/jeongjeongryeol/jeongjeongryeol pansori seonjip/03-jeongjeongryeol-okrumong jung gangnamhongeul mannada.csv,train
madang5/chunhyangga/jeongjeongryeol/jeongjeongryeol pansori seonjip/04-jeongjeongryeol-sindanga jeokbyeokbu.csv,train
madang5/chunhyangga/jeongjeongryeol/jeongjeongryeol pansori seonjip/05-jeongjeongryeol-danga bulsubin.csv,train
madang5/chunhyangga/jeongjeongryeol/jeongjeongryeol pansori seonjip/06-jeongjeongryeol-chunhyangga jung nanhyangi chunhyangui hwejeoreul ganggwon.csv,train
"madang5/chunhyangga/jeongjeongryeol/jeongjeongryeol pansori seonjip/07-jeongjeongryeol-chunhyangga jung mongjungga,amhaengeosa naryeoonande.csv",test
"madang5/chunhyangga/jeongjeongryeol/jeongjeongryeol pansori seonjip/08-jeongjeongryeol-chunhyangga jung bakseoktuireul neomeo seoseo,eosawa chunhyangmo.csv",train
madang5/chunhyangga/jeongjeongryeol/pan-0-031 pansori 5myeongchang jeongjeongryeol/01-jeongjeongryeol-danga_bulsubin.csv,train
madang5/chunhyangga/jeongjeongryeol/pan-0-031 pansori 5myeongchang jeongjeongryeol/02-jeongjeongryeol-danga_jeokbyeokbu.csv,train
madang5/chunhyangga/jeongjeongryeol/pan-0-031 pansori 5myeongchang jeongjeongryeol/03-jeongjeongryeol-chunhyangga_cheonjadwipuri.csv,train
madang5/chunhyangga/jeongjeongryeol/pan-0-031 pansori 5myeongchang jeongjeongryeol/04-jeongjeongryeol-chunhyangga_ibyeolga.csv,train
madang5/chunhyangga/jeongjeongryeol/pan-0-031 pansori 5myeongchang jeongjeongryeol/05-jeongjeongryeol-chunhyangga_gisaengjeomgo.csv,train
madang5/chunhyangga/jeongjeongryeol/pan-0-031 pansori 5myeongchang jeongjeongryeol/06-jeongjeongryeol-chunhyangga_mongjungga.csv,valid
madang5/chunhyangga/jeongjeongryeol/pan-0-031 pansori 5myeongchang jeongjeongryeol/07-jeongjeongryeol-chunhyangga_nanhyangi chunhyang hwejeoreul ganggwon.csv,train
madang5/chunhyangga/jeongjeongryeol/pan-0-031 pansori 5myeongchang jeongjeongryeol/08-jeongjeongryeol-chunhyangga_eosa namwonhaeng.csv,train
madang5/chunhyangga/jeongjeongryeol/pan-0-031 pansori 5myeongchang jeongjeongryeol/09-jeongjeongryeol-chunhyangga_bakseokti.csv,train
madang5/chunhyangga/jeongjeongryeol/pan-0-031 pansori 5myeongchang jeongjeongryeol/10-jeongjeongryeol-chunhyangga_eosawa jangmo.csv,train
madang5/chunhyangga/jeongjeongryeol/pan-chun-038 pansori5myeongchang/08-jeongjeongryeol-mongjungga(chunhyanggajung).csv,train
madang5/chunhyangga/jeongjeongryeol/pan-chun-038 pansori5myeongchang/09-jeongjeongryeol-eosa namwonhaeng(chunhyanggajung).csv,train
madang5/chunhyangga/jojuseon/jojuseon_pansori/02-jojuseon-sacheolga.csv,train
madang5/chunhyangga/jojuseon/jojuseon_pansori/03-jojuseon-sarangga.csv,train
madang5/chunhyangga/jojuseon/jojuseon_pansori/04-jojuseon-ibyeolga.csv,train
madang5/chunhyangga/jojuseon/jojuseon_pansori/05-jojuseon-ssukdaemeori.csv,train
"madang5/chunhyangga/jonongok/pan-0-007 SPsidaeui pansori yeoryu myeongchangdeul 4 baeseolhyang,gimsohyang,baksochun,jonongok/16-jonongok-chunhyangmo naoneun de.csv",train
"madang5/chunhyangga/jonongok/pan-0-007 SPsidaeui pansori yeoryu myeongchangdeul 4 baeseolhyang,gimsohyang,baksochun,jonongok/17-jonongok-chunhyanggwa chunhyangmo.csv",train
"madang5/chunhyangga/jonongok/pan-0-007 SPsidaeui pansori yeoryu myeongchangdeul 4 baeseolhyang,gimsohyang,baksochun,jonongok/18-jonongok-chunhyang jatan.csv",train
madang5/chunhyangga/josanghyeon/gita044 gamdok imgwontaek chunyangdyeon orijineolsaundeuteuraek/01-josanghyeon-meintema_sarangga.csv,train
madang5/chunhyangga/josanghyeon/gita044 gamdok imgwontaek chunyangdyeon orijineolsaundeuteuraek/02-josanghyeon-honam jwado namwonbuneun.csv,valid
madang5/chunhyangga/josanghyeon/gita044 gamdok imgwontaek chunyangdyeon orijineolsaundeuteuraek/03-josanghyeon-jeokseongsan achimnal.csv,train
madang5/chunhyangga/josanghyeon/gita044 gamdok imgwontaek chunyangdyeon orijineolsaundeuteuraek/05-josanghyeon-baekbaekhonghongnanmanjung.csv,train
madang5/chunhyangga/josanghyeon/gita044 gamdok imgwontaek chunyangdyeon orijineolsaundeuteuraek/06-josanghyeon-toeryeong sori gilge nani.csv,train
"madang5/chunhyangga/josanghyeon/gita044 gamdok imgwontaek chunyangdyeon orijineolsaundeuteuraek/07-josanghyeon-sarangga, geu cheotjjae sori.csv",train
"madang5/chunhyangga/josanghyeon/gita044 gamdok imgwontaek chunyangdyeon orijineolsaundeuteuraek/08-josanghyeon-sarangga, geu duljjae sori.csv",train
madang5/chunhyangga/josanghyeon/gita044 gamdok imgwontaek chunyangdyeon orijineolsaundeuteuraek/09-josanghyeon-ibyeolga.csv,test
madang5/chunhyangga/josanghyeon/gita044 gamdok imgwontaek chunyangdyeon orijineolsaundeuteuraek/10-josanghyeon-ganeun nimeul baraboni.csv,train
"madang5/chunhyangga/josanghyeon/gita044 gamdok imgwontaek chunyangdyeon orijineolsaundeuteuraek/11-josanghyeon-galkkabuda, galkkabuda.csv",train
madang5/chunhyangga/josanghyeon/gita044 gamdok imgwontaek chunyangdyeon orijineolsaundeuteuraek/12-josanghyeon-byeonhakdo singwandoeeo naeryeooneundi.csv,train
madang5/chunhyangga/josanghyeon/gita044 gamdok imgwontaek chunyangdyeon orijineolsaundeuteuraek/13-josanghyeon-sipjangga.csv,test
madang5/chunhyangga/josanghyeon/gita044 gamdok imgwontaek chunyangdyeon orijineolsaundeuteuraek/15-josanghyeon-imongryong jangwongeupjee jeonraeosara.csv,valid
madang5/chunhyangga/josanghyeon/gita044 gamdok imgwontaek chunyangdyeon orijineolsaundeuteuraek/17-josanghyeonbakseokchi olraseoseo.csv,train
madang5/chunhyangga/josanghyeon/gita044 gamdok imgwontaek chunyangdyeon orijineolsaundeuteuraek/18-josanghyeon-okjungsangbong.csv,valid
madang5/chunhyangga/josanghyeon/gita044 gamdok imgwontaek chunyangdyeon orijineolsaundeuteuraek/19-josanghyeon-gwonjuga.csv,train
madang5/chunhyangga/josanghyeon/gita044 gamdok imgwontaek chunyangdyeon orijineolsaundeuteuraek/20-josanghyeon-amhaengeosa chulttoyeo.csv,train
madang5/chunhyangga/josanghyeon/gita044 gamdok imgwontaek chunyangdyeon orijineolsaundeuteuraek/22-josanghyeon-deojildeojil.csv,test
madang5/chunhyangga/josanghyeon/pan-chun-021 beuritaenikeo pansori chunhyangga 6/pan-chun-021 beuritaenikeo pansori chunhyangga 6-1/01-josanghyeon-chunhyangga_honamjwado namwonbuneun(aniri)~.csv,train
"madang5/chunhyangga/josanghyeon/pan-chun-021 beuritaenikeo pansori chunhyangga 6/pan-chun-021 beuritaenikeo pansori chunhyangga 6-1/02-josanghyeon-chunhyangga_~yeobo,jangmo,yeomryeomao(jajeun jungmori).csv",train
madang5/chunhyangga/josanghyeon/pan-chun-021 beuritaenikeo pansori chunhyangga 6/pan-chun-021 beuritaenikeo pansori chunhyangga 6-2/01-josanghyeon-chunhyangga_chunhyangmo suljan badeodeulgo(aniri)~.csv,train
"madang5/chunhyangga/josanghyeon/pan-chun-021 beuritaenikeo pansori chunhyangga 6/pan-chun-021 beuritaenikeo pansori chunhyangga 6-2/02-josanghyeon-chunhyangga_~motheojiya,motheojiya(neujeun jungmori).csv",train
madang5/chunhyangga/josanghyeon/pan-chun-021 beuritaenikeo pansori chunhyangga 6/pan-chun-021 beuritaenikeo pansori chunhyangga 6-3/01-josanghyeon-chunhyangga_geuttaeeu chunhyangiga(aniri)~.csv,train
madang5/chunhyangga/josanghyeon/pan-chun-021 beuritaenikeo pansori chunhyangga 6/pan-chun-021 beuritaenikeo pansori chunhyangga 6-3/02-josanghyeon-chunhyangga_~saryeong dwireul ttaraganda(jinyang).csv,train
madang5/chunhyangga/josanghyeon/pan-chun-021 beuritaenikeo pansori chunhyangga 6/pan-chun-021 beuritaenikeo pansori chunhyangga 6-4/01-josanghyeon-chunhyangga_saryeongdeuri dalryeodeureo(aniri)~.csv,train
madang5/chunhyangga/josanghyeon/pan-chun-021 beuritaenikeo pansori chunhyangga 6/pan-chun-021 beuritaenikeo pansori chunhyangga 6-4/02-josanghyeon-chunhyangga_~eosa byeonbogeul charinda(jungmori).csv,test
madang5/chunhyangga/josanghyeon/pan-chun-021 beuritaenikeo pansori chunhyangga 6/pan-chun-021 beuritaenikeo pansori chunhyangga 6-5/01-josanghyeon-chunhyangga_han morongireul doradeuni(aniri)~.csv,train
"madang5/chunhyangga/josanghyeon/pan-chun-021 beuritaenikeo pansori chunhyangga 6/pan-chun-021 beuritaenikeo pansori chunhyangga 6-5/02-josanghyeon-chunhyangga_~eo,jal meogeotda(aniri).csv",test
"madang5/chunhyangga/josanghyeon/pan-chun-021 beuritaenikeo pansori chunhyangga 6/pan-chun-021 beuritaenikeo pansori chunhyangga 6-6/01-josanghyeon-chunhyangga_chogyeong,igyeong,sam,sa,ogyeongi(jinyang)~.csv",train
madang5/chunhyangga/josanghyeon/pan-chun-021 beuritaenikeo pansori chunhyangga 6/pan-chun-021 beuritaenikeo pansori chunhyangga 6-6/02-josanghyeon-chunhyangga_~geuttaeui eosattoneun(eotjungmori).csv,train
madang5/chunhyangga/josanghyeon/seong-geuk-004-007 josanghyeon pansori changgeuk chunhyangga/seong-geuk-004 josanghyeon pansori changgeuk chunhyangga 1/01-changgeuk chunhyangga_choip.csv,train
madang5/chunhyangga/josanghyeon/seong-geuk-004-007 josanghyeon pansori changgeuk chunhyangga/seong-geuk-004 josanghyeon pansori changgeuk chunhyangga 1/02-changgeuk chunhyangga_jeokseongga.csv,valid
"madang5/chunhyangga/josanghyeon/seong-geuk-004-007 josanghyeon pansori changgeuk chunhyangga/seong-geuk-004 josanghyeon pansori changgeuk chunhyangga 1/03-changgeuk chunhyangga_idoryeong,chunhyang geunetaneun moseup boneunde.csv",train
"madang5/chunhyangga/josanghyeon/seong-geuk-004-007 josanghyeon pansori changgeuk chunhyangga/seong-geuk-004 josanghyeon pansori changgeuk chunhyangga 1/04-changgeuk chunhyangga_bangja,idoryeongege chunhyangmal jeonhaneunde.csv",train
madang5/chunhyangga/josanghyeon/seong-geuk-004-007 josanghyeon pansori changgeuk chunhyangga/seong-geuk-004 josanghyeon pansori changgeuk chunhyangga 1/05-changgeuk chunhyangga_chunhyangjip geonneoganeunde.csv,valid
madang5/chunhyangga/josanghyeon/seong-geuk-004-007 josanghyeon pansori changgeuk chunhyangga/seong-geuk-004 josanghyeon pansori changgeuk chunhyangga 1/06-changgeuk chunhyangga_chunhyangmo naoneunde.csv,train
madang5/chunhyangga/josanghyeon/seong-geuk-004-007 josanghyeon pansori changgeuk chunhyangga/seong-geuk-004 josanghyeon pansori changgeuk chunhyangga 1/07-changgeuk chunhyangga_chunhyang chulsaengnaeryeok ireuneunde.csv,train
madang5/chunhyangga/josanghyeon/seong-geuk-004-007 josanghyeon pansori changgeuk chunhyangga/seong-geuk-004 josanghyeon pansori changgeuk chunhyangga 1/08-changgeuk chunhyangga_sarangga.csv,train
madang5/chunhyangga/josanghyeon/seong-geuk-004-007 josanghyeon pansori changgeuk chunhyangga/seong-geuk-005 josanghyeon pansori changgeuk chunhyangga 2/01-changgeuk chunhyangga_ibyeolcha ganeunde.csv,train
madang5/chunhyangga/josanghyeon/seong-geuk-004-007 josanghyeon pansori changgeuk chunhyangga/seong-geuk-005 josanghyeon pansori changgeuk chunhyangga 2/02-changgeuk chunhyangga_ibyeolgohaneunde.csv,train
madang5/chunhyangga/josanghyeon/seong-geuk-004-007 josanghyeon pansori changgeuk chunhyangga/seong-geuk-005 josanghyeon pansori changgeuk chunhyangga 2/03-changgeuk chunhyangga_chunhyangmo jatanhaneunde.csv,train
madang5/chunhyangga/josanghyeon/seong-geuk-004-007 josanghyeon pansori changgeuk chunhyangga/seong-geuk-005 josanghyeon pansori changgeuk chunhyangga 2/04-changgeuk chunhyangga_hutnal giyakhaneunde.csv,train
"madang5/chunhyangga/josanghyeon/seong-geuk-004-007 josanghyeon pansori changgeuk chunhyangga/seong-geuk-005 josanghyeon pansori changgeuk chunhyangga 2/05-changgeuk chunhyangga_chunhyang,idoryeong ibyeolhaneunde.csv",train
madang5/chunhyangga/josanghyeon/seong-geuk-004-007 josanghyeon pansori changgeuk chunhyangga/seong-geuk-005 josanghyeon pansori changgeuk chunhyangga 2/06-changgeuk chunhyangga_chunhyangi sangsaui jeong.csv,train
madang5/chunhyangga/josanghyeon/seong-geuk-004-007 josanghyeon pansori changgeuk chunhyangga/seong-geuk-005 josanghyeon pansori changgeuk chunhyangga 2/07-changgeuk chunhyangga_sinyeonmaji.csv,valid
madang5/chunhyangga/josanghyeon/seong-geuk-004-007 josanghyeon pansori changgeuk chunhyangga/seong-geuk-005 josanghyeon pansori changgeuk chunhyangga 2/08-changgeuk chunhyangga_gisaengjeomgo haneunde.csv,train
madang5/chunhyangga/josanghyeon/seong-geuk-004-007 josanghyeon pansori changgeuk chunhyangga/seong-geuk-006 josanghyeon pansori changgeuk chunhyangga 3/01-changgeuk chunhyangga_haengsugisaeng naganeunde.csv,test
madang5/chunhyangga/josanghyeon/seong-geuk-004-007 josanghyeon pansori changgeuk chunhyangga/seong-geuk-006 josanghyeon pansori changgeuk chunhyangga 3/02-changgeuk chunhyangga_gunrosaryeong naganeunde.csv,test
"madang5/chunhyangga/josanghyeon/seong-geuk-004-007 josanghyeon pansori changgeuk chunhyangga/seong-geuk-006 josanghyeon pansori changgeuk chunhyangga 3/03-changgeuk chunhyangga_chunhyang,saryeongttareo naganeunde.csv",train
"madang5/chunhyangga/josanghyeon/seong-geuk-004-007 josanghyeon pansori changgeuk chunhyangga/seong-geuk-006 josanghyeon pansori changgeuk chunhyangga 3/04-changgeuk chunhyangga_satto,chunhyangege sujakhaneunde.csv",valid
madang5/chunhyangga/josanghyeon/seong-geuk-004-007 josanghyeon pansori changgeuk chunhyangga/seong-geuk-006 josanghyeon pansori changgeuk chunhyangga 3/05-changgeuk chunhyangga_sipjangga 1.csv,train
madang5/chunhyangga/josanghyeon/seong-geuk-004-007 josanghyeon pansori changgeuk chunhyangga/seong-geuk-006 josanghyeon pansori changgeuk chunhyangga 3/06-changgeuk chunhyangga_sipjangga 2.csv,valid
"madang5/chunhyangga/josanghyeon/seong-geuk-004-007 josanghyeon pansori changgeuk chunhyangga/seong-geuk-006 josanghyeon pansori changgeuk chunhyangga 3/07-changgeuk chunhyangga_chunhyang,oge gathyeo tansikhaneunde.csv",train
"madang5/chunhyangga/josanghyeon/seong-geuk-004-007 josanghyeon pansori changgeuk chunhyangga/seong-geuk-006 josanghyeon pansori changgeuk chunhyangga 3/08-changgeuk chunhyangga_idoryeong,gwageogeupje haneunde.csv",train
madang5/chunhyangga/josanghyeon/seong-geuk-004-007 josanghyeon pansori changgeuk chunhyangga/seong-geuk-006 josanghyeon pansori changgeuk chunhyangga 3/09-changgeuk chunhyangga_nongbuga.csv,train
madang5/chunhyangga/josanghyeon/seong-geuk-004-007 josanghyeon pansori changgeuk chunhyangga/seong-geuk-007 josanghyeon pansori changgeuk chunhyangga 4/01-changgeuk chunhyangga_bakseokchi olraseonde.csv,train
"madang5/chunhyangga/josanghyeon/seong-geuk-004-007 josanghyeon pansori changgeuk chunhyangga/seong-geuk-007 josanghyeon pansori changgeuk chunhyangga 4/02-changgeuk chunhyangga_eosa,chunhyangjip deureoseoneunde.csv",train
madang5/chunhyangga/josanghyeon/seong-geuk-004-007 josanghyeon pansori changgeuk chunhyangga/seong-geuk-007 josanghyeon pansori changgeuk chunhyangga 4/03-changgeuk chunhyangga_ogeuro chunhyang chajaganeunde.csv,train
"madang5/chunhyangga/josanghyeon/seong-geuk-004-007 josanghyeon pansori changgeuk chunhyangga/seong-geuk-007 josanghyeon pansori changgeuk chunhyangga 4/04-changgeuk chunhyangga_eosa,chunhyang okjungsangbong1.csv",train
"madang5/chunhyangga/josanghyeon/seong-geuk-004-007 josanghyeon pansori changgeuk chunhyangga/seong-geuk-007 josanghyeon pansori changgeuk chunhyangga 4/05-changgeuk chunhyangga_eosa,chunhyang okjungsangbong2.csv",valid
madang5/chunhyangga/josanghyeon/seong-geuk-004-007 josanghyeon pansori changgeuk chunhyangga/seong-geuk-007 josanghyeon pansori changgeuk chunhyangga 4/06-changgeuk chunhyangga_satto saengiljanchi haneunde.csv,train
"madang5/chunhyangga/josanghyeon/seong-geuk-004-007 josanghyeon pansori changgeuk chunhyangga/seong-geuk-007 josanghyeon pansori changgeuk chunhyangga 4/07-changgeuk chunhyangga_chunhyang,eosaape naoneunde~kkeutkkaji.csv",test
madang5/chunhyangga/ojeongsuk/pan-0-002 `93 iryo myeongin myeongchangjeon 5 ojeongsuk pansori(silhwang)/02-ojeongsuk-chunhyangga(ipchechang)_chunhyangmo eosasangbong daemok.csv,train
madang5/chunhyangga/seongchangsun/pan-0-003 `93 iryo myeongin myeongchangjeon 9 seongchangsun pansori(silhwang)/01-seongchangsun-danga(undampunggyeong).csv,train
madang5/chunhyangga/seongchangsun/pan-0-003 `93 iryo myeongin myeongchangjeon 9 seongchangsun pansori(silhwang)/02-seongchangsun-chunhyangga.csv,train
madang5/chunhyangga/seongchangsun/pan-0-003 `93 iryo myeongin myeongchangjeon 9 seongchangsun pansori(silhwang)/03-seongchangsun-chunhyangga.csv,train
madang5/chunhyangga/seongchangsun/pan-0-020 seongchangsun pansori moeum/03-seongchangsun-chunhyangga(jeokseongga).csv,valid
madang5/chunhyangga/seonguhyang/pan-0-025 deugeum Vol.1 jeonju daesaseup pansori myeongchangbu jangwonja nundaemok1/02-seonguhyang-chunhyangga_cheonja dwitpuri.csv,train
madang5/chunhyangga/seonguhyang/pan-chun-022 seonguhyang chunhyangga (choip~sarangga)/01-seonguhyang-chunhyangga_choip~gisanyeongsu.csv,train
madang5/chunhyangga/seonguhyang/pan-chun-022 seonguhyang chunhyangga (choip~sarangga)/02-seonguhyang-chunhyangga_bangjaga idoryeongui bunbudeutgo nagwi anjangeul jitneun de.csv,train
madang5/chunhyangga/seonguhyang/pan-chun-022 seonguhyang chunhyangga (choip~sarangga)/03-seonguhyang-chunhyangga_idoryeongi gwanghanrueseo gugyeonghaneun de(jeokseongga~chunhyangi deungjanghaneun de).csv,train
madang5/chunhyangga/seonguhyang/pan-chun-022 seonguhyang chunhyangga (choip~sarangga)/04-seonguhyang-chunhyangga_idoryeongi chunhyangui noneun geodongeul bogo bangjaege nuguinji mutneun de~bangjaga idoryeongege chunhyange daehae aroeneun de.csv,train
madang5/chunhyangga/seonguhyang/pan-chun-022 seonguhyang chunhyangga (choip~sarangga)/05-seonguhyang-chunhyangga_bangjaga chunhyangeul bureureo ganeun de.csv,train
madang5/chunhyangga/seonguhyang/pan-chun-022 seonguhyang chunhyangga (choip~sarangga)/06-seonguhyang-chunhyangga_bangjaga chunhyangege geureun naeryeokgwa sansereul ireuneun de.csv,train
madang5/chunhyangga/seonguhyang/pan-chun-022 seonguhyang chunhyangga (choip~sarangga)/07-seonguhyang-chunhyangga_bangjaga idoryeongege chunhyangjip gyeongchireul aroeneun de.csv,train
madang5/chunhyangga/seonguhyang/pan-chun-022 seonguhyang chunhyangga (choip~sarangga)/08-seonguhyang-chunhyangga_idoryeongi cheonjadwipurireul haneun de.csv,test
madang5/chunhyangga/seonguhyang/pan-chun-022 seonguhyang chunhyangga (choip~sarangga)/09-seonguhyang-chunhyangga_toeryeong hu idoryeongi chunhyangjibeuro ganeun de.csv,valid
madang5/chunhyangga/seonguhyang/pan-chun-022 seonguhyang chunhyangga (choip~sarangga)/10-seonguhyang-chunhyangga_idoryeongi chunhyangbangui seohwareul gamsanghaneun de.csv,test
madang5/chunhyangga/seonguhyang/pan-chun-022 seonguhyang chunhyangga (choip~sarangga)/11-seonguhyang-chunhyangga_idoryeongi chunhyanggwa baeknyeoneonyageul haneun de.csv,train
madang5/chunhyangga/seonguhyang/pan-chun-022 seonguhyang chunhyangga (choip~sarangga)/12-seonguhyang-chunhyangga_gin sarangga.csv,train
madang5/chunhyangga/seonguhyang/pan-chun-022 seonguhyang chunhyangga (choip~sarangga)/13-seonguhyang-chunhyangga_jajin sarangga~chunhyangi idoryeongeul eopgo noneun de.csv,train
madang5/chunhyangga/seonguhyang/pan-chun-022 seonguhyang chunhyangga (choip~sarangga)/14-seonguhyang-chunhyangga_idoryeongi gungja noraereul haneun de.csv,train
madang5/chunhyangga/seonguhyang/pan-chun-025 seonguhyang chunhyangga/pan-chun-025 seonguhyang chunhyangga 1/01-seonguhyang-chunhyangga_choip~gisanyeongsu.csv,train
madang5/chunhyangga/seonguhyang/pan-chun-025 seonguhyang chunhyangga/pan-chun-025 seonguhyang chunhyangga 1/02-seonguhyang-chunhyangga_bangjaga idoryeongui bunbudeutgo nagwi anjangeul jitneun de.csv,train
madang5/chunhyangga/seonguhyang/pan-chun-025 seonguhyang chunhyangga/pan-chun-025 seonguhyang chunhyangga 1/03-seonguhyang-chunhyangga_idoryeongi gwanghanrueseo gugyeonghaneun de(jeokseongga~chunhyangi deungjanghaneun de).csv,valid
madang5/chunhyangga/seonguhyang/pan-chun-025 seonguhyang chunhyangga/pan-chun-025 seonguhyang chunhyangga 1/04-seonguhyang-chunhyangga_idoryeongi chunhyangui noneun geodongeul bogo bangjaege nuguinji mutneun de~bangjaga idoryeongege chunhyange daehae aroeneun de.csv,valid
madang5/chunhyangga/seonguhyang/pan-chun-025 seonguhyang chunhyangga/pan-chun-025 seonguhyang chunhyangga 1/05-seonguhyang-chunhyangga_bangjaga chunhyangeul bureureo ganeun de.csv,test
madang5/chunhyangga/seonguhyang/pan-chun-025 seonguhyang chunhyangga/pan-chun-025 seonguhyang chunhyangga 1/06-seonguhyang-chunhyangga_bangjaga chunhyangege geureun naeryeokgwa sansereul ireuneun de.csv,train
madang5/chunhyangga/seonguhyang/pan-chun-025 seonguhyang chunhyangga/pan-chun-025 seonguhyang chunhyangga 1/07-seonguhyang-chunhyangga_bangjaga idoryeonge chunhyangjip gyeongchireul aroeneun de.csv,train
madang5/chunhyangga/seonguhyang/pan-chun-025 seonguhyang chunhyangga/pan-chun-025 seonguhyang chunhyangga 1/08-seonguhyang-chunhyangga_idoryeongi cheonjadwipurireul haneun de.csv,test
madang5/chunhyangga/seonguhyang/pan-chun-025 seonguhyang chunhyangga/pan-chun-025 seonguhyang chunhyangga 1/09-seonguhyang-chunhyangga_toeryeong hu idoryeongi chunhyangjibeuro ganeun de.csv,train
madang5/chunhyangga/seonguhyang/pan-chun-025 seonguhyang chunhyangga/pan-chun-025 seonguhyang chunhyangga 1/10-seonguhyang-chunhyangga_idoryeongi chunhyangbangui seohwareul gamsanghaneun de.csv,train
madang5/chunhyangga/seonguhyang/pan-chun-025 seonguhyang chunhyangga/pan-chun-025 seonguhyang chunhyangga 1/11-seonguhyang-chunhyangga_idoryeongi chunhyanggwa baeknyeoneonyageul haneun de.csv,train
madang5/chunhyangga/seonguhyang/pan-chun-025 seonguhyang chunhyangga/pan-chun-025 seonguhyang chunhyangga 2/01-seonguhyang-chunhyangga_gin sarangga.csv,train
madang5/chunhyangga/seonguhyang/pan-chun-025 seonguhyang chunhyangga/pan-chun-025 seonguhyang chunhyangga 2/02-seonguhyang-chunhyangga_jajin sarangga~chunhyangi idoryeongeul eopgo noneun de.csv,train
madang5/chunhyangga/seonguhyang/pan-chun-025 seonguhyang chunhyangga/pan-chun-025 seonguhyang chunhyangga 2/03-seonguhyang-chunhyangga_idoryeongi gungja noraereul haneun de.csv,train
madang5/chunhyangga/seonguhyang/pan-chun-025 seonguhyang chunhyangga/pan-chun-025 seonguhyang chunhyangga 2/04-seonguhyang-chunhyangga_ibyeolga(1) choip~warak ttwieo.csv,train
madang5/chunhyangga/seonguhyang/pan-chun-025 seonguhyang chunhyangga/pan-chun-025 seonguhyang chunhyangga 2/05-seonguhyang-chunhyangga_ibyeolga(2) chunhyang mochini naonda.csv,train
madang5/chunhyangga/seonguhyang/pan-chun-025 seonguhyang chunhyangga/pan-chun-025 seonguhyang chunhyangga 2/06-seonguhyang-chunhyangga_ibyeolga(3) iljeoltonggok~chunhyanggwa idoryeongi jeongpyo jugo batneun de.csv,train
madang5/chunhyangga/seonguhyang/pan-chun-025 seonguhyang chunhyangga/pan-chun-025 seonguhyang chunhyangga 2/07-seonguhyang-chunhyangga_ibyeolga(4) chunhyanggwa idoryeong ibyeolhaneun de.csv,train
madang5/chunhyangga/seonguhyang/pan-chun-025 seonguhyang chunhyangga/pan-chun-025 seonguhyang chunhyangga 3/01-seonguhyang-chunhyangga_sinyeonmaji.csv,test
madang5/chunhyangga/seonguhyang/pan-chun-025 seonguhyang chunhyangga/pan-chun-025 seonguhyang chunhyangga 3/02-seonguhyang-chunhyangga_gisaeng jeomgo.csv,test
madang5/chunhyangga/seonguhyang/pan-chun-025 seonguhyang chunhyangga/pan-chun-025 seonguhyang chunhyangga 3/03-seonguhyang-chunhyangga_haengsugisaengi naganda~gunro gisaengi naganda.csv,train
madang5/chunhyangga/seonguhyang/pan-chun-025 seonguhyang chunhyangga/pan-chun-025 seonguhyang chunhyangga 3/04-seonguhyang-chunhyangga_galkkabuda~dontaryeong.csv,train
madang5/chunhyangga/seonguhyang/pan-chun-025 seonguhyang chunhyangga/pan-chun-025 seonguhyang chunhyangga 3/05-seonguhyang-chunhyangga_chunhyangi saryeong dwireul ttaraganeun de~chunhyangi singwansatto sucheongeul geojeolhaneun de.csv,train
madang5/chunhyangga/seonguhyang/pan-chun-025 seonguhyang chunhyangga/pan-chun-025 seonguhyang chunhyangga 3/06-seonguhyang-chunhyangga_sipjangga.csv,train
madang5/chunhyangga/seonguhyang/pan-chun-025 seonguhyang chunhyangga/pan-chun-025 seonguhyang chunhyangga 3/07-seonguhyang-chunhyangga_chunhyang maemajeun sosik deutgo wolmae jatanhaneun de~chunhyangi oge gathineun de.csv,valid
madang5/chunhyangga/seonguhyang/pan-chun-025 seonguhyang chunhyangga/pan-chun-025 seonguhyang chunhyangga 4/01-seonguhyang-chunhyangga_chunhyang okjung jatan~ssukdaemeori.csv,train
madang5/chunhyangga/seonguhyang/pan-chun-025 seonguhyang chunhyangga/pan-chun-025 seonguhyang chunhyangga 4/02-seonguhyang-chunhyangga_idoryeong gwageo geupje~eosa haengjang charineun de.csv,train
madang5/chunhyangga/seonguhyang/pan-chun-025 seonguhyang chunhyangga/pan-chun-025 seonguhyang chunhyangga 4/03-seonguhyang-chunhyangga_eosatto nongbuwa daehwa~eosatto bangja mannaneun de.csv,train
madang5/chunhyangga/seonguhyang/pan-chun-025 seonguhyang chunhyangga/pan-chun-025 seonguhyang chunhyangga 4/04-seonguhyang-chunhyangga_bakseokti.csv,train
madang5/chunhyangga/seonguhyang/pan-chun-025 seonguhyang chunhyangga/pan-chun-025 seonguhyang chunhyangga 4/05-seonguhyang-chunhyangga_chunhyang mochin huwone daneul mutgo bineun de~eosawa jangmo.csv,train
madang5/chunhyangga/seonguhyang/pan-chun-025 seonguhyang chunhyangga/pan-chun-025 seonguhyang chunhyangga 4/06-seonguhyang-chunhyangga_hyangdani eosaege munan insahaneun de~eosa bap meokneun de.csv,test
madang5/chunhyangga/seonguhyang/pan-chun-025 seonguhyang chunhyangga/pan-chun-025 seonguhyang chunhyangga 5/01-seonguhyang-chunhyangga_okjungsangbong.csv,train
madang5/chunhyangga/seonguhyang/pan-chun-025 seonguhyang chunhyangga/pan-chun-025 seonguhyang chunhyangga 5/02-seonguhyang-chunhyangga_satto saengil janchi.csv,train
madang5/chunhyangga/seonguhyang/pan-chun-025 seonguhyang chunhyangga/pan-chun-025 seonguhyang chunhyangga 5/03-seonguhyang-chunhyangga_eosa chuldo.csv,train
madang5/chunhyangga/seonguhyang/pan-chun-025 seonguhyang chunhyangga/pan-chun-025 seonguhyang chunhyangga 5/04-seonguhyang-chunhyangga_chunhyangi ogeseo naoneun de.csv,test
madang5/chunhyangga/seonguhyang/pan-chun-025 seonguhyang chunhyangga/pan-chun-025 seonguhyang chunhyangga 5/05-seonguhyang-chunhyangga_chunhyangi eosa bogo ilhuiilbiro malhaneun de.csv,train
madang5/chunhyangga/seonguhyang/pan-chun-025 seonguhyang chunhyangga/pan-chun-025 seonguhyang chunhyangga 5/06-seonguhyang-chunhyangga_eosa jangmo chuldo~kkeut.csv,train
madang5/chunhyangga/simsanggeon/pan-0-014 bikteo yuseonggi wonban sirijeu 13 30nyeondae pansori geoljakjip/11-simsanggeon-chunhyangga jung gisaengjeomgo.csv,train
"madang5/chunhyangga/singeumhong/pan-0-006 SPsidaeui pansori yeoryu myeongchangdeul 3 ihwajungseon,singeumhong/11-singeumhong-sipjangga.csv",train
madang5/chunhyangga/songgideok/myeonginmyeongchangseonjip(6) dongpyeonje pansori/05-songgideok-chunhyangga jung ibyeolga.csv,train
madang5/chunhyangga/songgideok/songmangap songgideok(1913)-seonyeongakhoe/Nip6124-ibyeolga-songgideok-(seonyeongakhoe).csv,train
madang5/chunhyangga/songgideok/songmangap songgideok(1913)-seonyeongakhoe/Nip6125-chunhyangaega-songgideok-(seonyeongakhoe).csv,train
madang5/chunhyangga/songgideok/songmangap songgideok(1913)-seonyeongakhoe/Nip6154-chunhyangdoksugongbangga-songgideok-(seonyeongakhoe).csv,train
madang5/chunhyangga/songgideok/songmangap songgideok(1913)-seonyeongakhoe/Nip6162-chunhyangsaidoryeongga-songgideok-(seonyeongakhoe).csv,test
madang5/chunhyangga/songgideok/songmangap songgideok(1913)-seonyeongakhoe/Nip6163-chunhyangchulbarorijeongga-songgideok-(seonyeongakhoe).csv,train
madang5/chunhyangga/songgideok/songmangap songgideok(1913)-seonyeongakhoe/Nip6178-yangmyeon-gisaenghomyeong-songgideok-(seonyeongakhoe).csv,train
madang5/chunhyangga/songgideok/songmangap songgideok(1913)-seonyeongakhoe/Nip6179-yangmyeon-idoryeongchaeksilhyangchunhyangga-songgideok-(seonyeongakhoe).csv,train
madang5/chunhyangga/songgideok/songmangap songgideok(1913)-seonyeongakhoe/Nip6184-yangmyeon-chunhyangmochuksuga-songgideok-(seonyeongakhoe).csv,train
madang5/chunhyangga/songgideok/songmangap songgideok(1913)-seonyeongakhoe/Nip6259-cheonjadwipuri-songgideok-(seonyeongakhoe).csv,train
madang5/chunhyangga/songmangap/gimseonyeongsojang yuseonggieumban(MP3)/05 - nongbuga-songmangap.csv,train
madang5/chunhyangga/songmangap/gimseonyeongsojang yuseonggieumban(MP3)/07 - danga jingukmyeongsan-songmangap.csv,train
madang5/chunhyangga/songmangap/gimseonyeongsojang yuseonggieumban(MP3)/08 - ibyeolga(bikta)-songmangap.csv,train
madang5/chunhyangga/songmangap/myeonginmyeongchangseonjip(6) dongpyeonje pansori/01-songmangap-chunhyangga jung okjungga.csv,train
madang5/chunhyangga/songmangap/myeonginmyeongchangseonjip(6) dongpyeonje pansori/02-songmangap-danga jingukmyeongsan.csv,train
madang5/chunhyangga/songmangap/pan-chun-038 pansori5myeongchang/04-songmangap-jingukmyeongsan.csv,train
madang5/chunhyangga/songmangap/pan-chun-038 pansori5myeongchang/05-songmangap-ibyeolga(chunhyanggajung).csv,train
madang5/chunhyangga/songmangap/pan-chun-038 pansori5myeongchang/06-songmangap-namwon oipjaengi(chunhyanggajung).csv,train
madang5/chunhyangga/songmangap/songmangap songgideok(1913)-seonyeongakhoe/Nip6106-jingukmyeongsan-songmangap-(seonyeongakhoe).csv,train
madang5/chunhyangga/songmangap/songmangap songgideok(1913)-seonyeongakhoe/Nip6132-nongbuga-songmangap-(seonyeongakhoe).csv,train
madang5/chunhyangga/songmangap/songmangap songgideok(1913)-seonyeongakhoe/Nip6150-sipjangga(1)-songmangap-(seonyeongakhoe).csv,train
madang5/chunhyangga/songmangap/songmangap songgideok(1913)-seonyeongakhoe/Nip6151-sipjangga(2)-songmangap-(seonyeongakhoe).csv,train
madang5/chunhyangga/songmangap/songmangap songgideok(1913)-seonyeongakhoe/Nip6152-chunhyangokjungjatanga-songmangap-(seonyeongakhoe).csv,train
madang5/chunhyangga/songmangap/songmangap songgideok(1913)-seonyeongakhoe/Nip6166-sinsinaega-songmangap-(seonyeongakhoe).csv,train
madang5/chunhyangga/songmangap/songmangap songgideok(1913)-seonyeongakhoe/Nip6167-baekgutaryeong-songmangap-(seonyeongakhoe).csv,train
madang5/chunhyangga/songmangap/songmangap songgideok(1913)-seonyeongakhoe/Nip6200-eosachunhyanggwanjangga-songmangap-(seonyeongakhoe).csv,train
madang5/chunhyangga/songmangap/songmangap songgideok(1913)-seonyeongakhoe/Nip6201-eosachuldoga-songmangap-(seonyeongakhoe).csv,test
madang5/chunhyangga/songmangap/songmangap songgideok(1913)-seonyeongakhoe/Nip6212-haengsugisaengga-songmangap-(seonyeongakhoe).csv,train
madang5/chunhyangga/wanggiseok/wanggiseok pansorisegye/03-wanggiseok-chunhyangga jung_ibyeolga.csv,train
madang5/chunhyangga/wichangbok/gita044 gamdok imgwontaek chunyangdyeon orijineolsaundeuteuraek/04-wichangbok-bombichi eolmana gipeunji.csv,train
"madang5/chunhyangga/yumiri/pan-0-023 chasedae myeongin yumiri pansorinundaemok/01-yumiri-chunhyangga jung sarangga daemok(dongpyeon,gimsejongpan).csv",train
madang5/chunhyangga/yunchungil/gita044 gamdok imgwontaek chunyangdyeon orijineolsaundeuteuraek/16-yunchungil-nongbuga.csv,train
madang5/chunhyangga/yunsoin/pan-chun-001-002 yunsoin soriseonjip dongchoje chunhyangga/pan-chun-001 yunsoin soriseonjip 4jip dongchoje chunhyangga1/01-yunsoin-danga_beotnimga.csv,train
madang5/chunhyangga/yunsoin/pan-chun-001-002 yunsoin soriseonjip dongchoje chunhyangga/pan-chun-001 yunsoin soriseonjip 4jip dongchoje chunhyangga1/02-yunsoin-chunhyangga_eosatto bakseokgogae neomeo namwoneubeuro deureoganeunde.csv,valid
madang5/chunhyangga/yunsoin/pan-chun-001-002 yunsoin soriseonjip dongchoje chunhyangga/pan-chun-001 yunsoin soriseonjip 4jip dongchoje chunhyangga1/03-yunsoin-chunhyangga_eosattowa chunhyangmo sangbonghaneunde.csv,train
madang5/chunhyangga/yunsoin/pan-chun-001-002 yunsoin soriseonjip dongchoje chunhyangga/pan-chun-001 yunsoin soriseonjip 4jip dongchoje chunhyangga1/04-yunsoin-chunhyangga_chunhyangmo eosatto moyangbogo tansikhaneunde.csv,train
madang5/chunhyangga/yunsoin/pan-chun-001-002 yunsoin soriseonjip dongchoje chunhyangga/pan-chun-001 yunsoin soriseonjip 4jip dongchoje chunhyangga1/05-yunsoin-chunhyangga_chunhyangmoreul manryuhamyeo hyangdani tonggokhaneunde.csv,train
madang5/chunhyangga/yunsoin/pan-chun-001-002 yunsoin soriseonjip dongchoje chunhyangga/pan-chun-001 yunsoin soriseonjip 4jip dongchoje chunhyangga1/06-yunsoin-chunhyangga_paruchigireul gidaryeo eosattoga chunhyangmowa hyangdani ogeuro.csv,test
madang5/chunhyangga/yunsoin/pan-chun-001-002 yunsoin soriseonjip dongchoje chunhyangga/pan-chun-001 yunsoin soriseonjip 4jip dongchoje chunhyangga1/07-yunsoin-chunhyangga_chunhyangi bureuneun sorideutgo munggeujeokgeuryeo naoneunde.csv,train
madang5/chunhyangga/yunsoin/pan-chun-001-002 yunsoin soriseonjip dongchoje chunhyangga/pan-chun-001 yunsoin soriseonjip 4jip dongchoje chunhyangga1/08-yunsoin-chunhyangga_eosatto chunhyanggwa okjungsangbong haneunde.csv,train
madang5/chunhyangga/yunsoin/pan-chun-001-002 yunsoin soriseonjip dongchoje chunhyangga/pan-chun-001 yunsoin soriseonjip 4jip dongchoje chunhyangga1/09-yunsoin-chunhyangga_chunhyangi okjungeseo eosattokke majimak yueonhaneunde.csv,test
madang5/chunhyangga/yunsoin/pan-chun-001-002 yunsoin soriseonjip dongchoje chunhyangga/pan-chun-002 yunsoin soriseonjip 5jip dongchoje chunhyangga2/01-yunsoin-chunhyangga_chunhyangeun seobangnim gwalsimalra butakhago chunhyangmoneun ojakgyoro ppajyeo jugeureo ganeunde.csv,train
madang5/chunhyangga/yunsoin/pan-chun-001-002 yunsoin soriseonjip dongchoje chunhyangga/pan-chun-002 yunsoin soriseonjip 5jip dongchoje chunhyangga2/02-yunsoin-chunhyangga_bongwansatto saengsinjanchie gak eup suryeong moyeodeuneunde.csv,train
madang5/chunhyangga/yunsoin/pan-chun-001-002 yunsoin soriseonjip dongchoje chunhyangga/pan-chun-002 yunsoin soriseonjip 5jip dongchoje chunhyangga2/03-yunsoin-chunhyangga_eosatto janchie chamseokhayeo sujakhaneunde.csv,train
madang5/chunhyangga/yunsoin/pan-chun-001-002 yunsoin soriseonjip dongchoje chunhyangga/pan-chun-002 yunsoin soriseonjip 5jip dongchoje chunhyangga2/04-yunsoin-chunhyangga_gisaengi eosattokke gwonjuga haneunde.csv,train
madang5/chunhyangga/yunsoin/pan-chun-001-002 yunsoin soriseonjip dongchoje chunhyangga/pan-chun-002 yunsoin soriseonjip 5jip dongchoje chunhyangga2/05-yunsoin-chunhyangga_unbongyeongjanggwa gogwonseongnim geul eupneunde.csv,valid
madang5/chunhyangga/yunsoin/pan-chun-001-002 yunsoin soriseonjip dongchoje chunhyangga/pan-chun-002 yunsoin soriseonjip 5jip dongchoje chunhyangga2/06-yunsoin-chunhyangga_eosachuldo butineunde.csv,train
madang5/chunhyangga/yunsoin/pan-chun-001-002 yunsoin soriseonjip dongchoje chunhyangga/pan-chun-002 yunsoin soriseonjip 5jip dongchoje chunhyangga2/07-yunsoin-chunhyangga_chuldohu eosattoga gongsahaneunde.csv,train
madang5/chunhyangga/yunsoin/pan-chun-001-002 yunsoin soriseonjip dongchoje chunhyangga/pan-chun-002 yunsoin soriseonjip 5jip dongchoje chunhyangga2/08-yunsoin-chunhyangga_oksajeongi ogeuro chunhyang jabeureo ganeunde.csv,valid
madang5/chunhyangga/yunsoin/pan-chun-001-002 yunsoin soriseonjip dongchoje chunhyangga/pan-chun-002 yunsoin soriseonjip 5jip dongchoje chunhyangga2/09-yunsoin-chunhyangga_namwon gwabudeul deungjang deurineunde.csv,train
madang5/chunhyangga/yunsoin/pan-chun-001-002 yunsoin soriseonjip dongchoje chunhyangga/pan-chun-002 yunsoin soriseonjip 5jip dongchoje chunhyangga2/10-yunsoin-chunhyangga_neulgeun gwabuga eosattokke poakhaneunde.csv,train
madang5/chunhyangga/yunsoin/pan-chun-001-002 yunsoin soriseonjip dongchoje chunhyangga/pan-chun-002 yunsoin soriseonjip 5jip dongchoje chunhyangga2/11-yunsoin-chunhyangga_eosasucheong deureuran mare chunhyangi majimak hosohaneunde.csv,train
madang5/chunhyangga/yunsoin/pan-chun-001-002 yunsoin soriseonjip dongchoje chunhyangga/pan-chun-002 yunsoin soriseonjip 5jip dongchoje chunhyangga2/12-yunsoin-chunhyangga_chunhyangiga eosattoga seobangnimimeul algo yasoktago aroeneunde.csv,test
madang5/chunhyangga/yunsoin/pan-chun-001-002 yunsoin soriseonjip dongchoje chunhyangga/pan-chun-002 yunsoin soriseonjip 5jip dongchoje chunhyangga2/13-yunsoin-chunhyangga_eosattoga sawiimeul algo chunhyangmo chum chuneunde.csv,train
madang5/heungboga/bakbongsul/sabon - beuritaenikeopansori/bakbongsul heungboga wanchang  bukgimmyeonghwan.csv,test
madang5/heungboga/bakchowol/pan-heung-007 inganmunhwajae bakchowol chang heungboga/pan-heung-007 go inganmunhwajae bakchowol chang heungboga CD1/01-bakchowol-heungboga_nolbusimsul.csv,train
madang5/heungboga/bakchowol/pan-heung-007 inganmunhwajae bakchowol chang heungboga/pan-heung-007 go inganmunhwajae bakchowol chang heungboga CD1/02-bakchowol-heungboga_heungbo jjotgyeonaneun daemok.csv,train
madang5/heungboga/bakchowol/pan-heung-007 inganmunhwajae bakchowol chang heungboga/pan-heung-007 go inganmunhwajae bakchowol chang heungboga CD1/03-bakchowol-heungboga_heungbo maepumpari.csv,train
madang5/heungboga/bakchowol/pan-heung-007 inganmunhwajae bakchowol chang heungboga/pan-heung-007 go inganmunhwajae bakchowol chang heungboga CD1/04-bakchowol-heungboga_heungbo byeongyeonggireul naeryeoganeun daemok.csv,train
madang5/heungboga/bakchowol/pan-heung-007 inganmunhwajae bakchowol chang heungboga/pan-heung-007 go inganmunhwajae bakchowol chang heungboga CD1/05-bakchowol-heungboga_heungbo nolbujibe bap bilreoganeun daemok.csv,train
madang5/heungboga/bakchowol/pan-heung-007 inganmunhwajae bakchowol chang heungboga/pan-heung-007 go inganmunhwajae bakchowol chang heungboga CD1/06-bakchowol-heungboga_heungbo maematneun daemok.csv,test
madang5/heungboga/bakchowol/pan-heung-007 inganmunhwajae bakchowol chang heungboga/pan-heung-007 go inganmunhwajae bakchowol chang heungboga CD1/07-bakchowol-heungboga_ganantaryeong.csv,train
madang5/heungboga/bakchowol/pan-heung-007 inganmunhwajae bakchowol chang heungboga/pan-heung-007 go inganmunhwajae bakchowol chang heungboga CD1/08-bakchowol-heungboga_jungnaeryeooneun daemok.csv,train
madang5/heungboga/bakchowol/pan-heung-007 inganmunhwajae bakchowol chang heungboga/pan-heung-007 go inganmunhwajae bakchowol chang heungboga CD1/09-bakchowol-heungboga_jung jipteo jabajuneun daemok.csv,train
madang5/heungboga/bakchowol/pan-heung-007 inganmunhwajae bakchowol chang heungboga/pan-heung-007 go inganmunhwajae bakchowol chang heungboga CD1/10-bakchowol-heungboga_heungbojibe jebi naradeum.csv,train
madang5/heungboga/bakchowol/pan-heung-007 inganmunhwajae bakchowol chang heungboga/pan-heung-007 go inganmunhwajae bakchowol chang heungboga CD1/11-bakchowol-heungboga_jebi nojeonggi.csv,train
madang5/heungboga/bakchowol/pan-heung-007 inganmunhwajae bakchowol chang heungboga/pan-heung-007 go inganmunhwajae bakchowol chang heungboga CD2/01-bakchowol-heungboga_jebi heungbomunjeon dangdo.csv,train
madang5/heungboga/bakchowol/pan-heung-007 inganmunhwajae bakchowol chang heungboga/pan-heung-007 go inganmunhwajae bakchowol chang heungboga CD2/02-bakchowol-heungboga_chuseoknori.csv,train
madang5/heungboga/bakchowol/pan-heung-007 inganmunhwajae bakchowol chang heungboga/pan-heung-007 go inganmunhwajae bakchowol chang heungboga CD2/03-bakchowol-heungboga_ganantaryeong.csv,train
madang5/heungboga/bakchowol/pan-heung-007 inganmunhwajae bakchowol chang heungboga/pan-heung-007 go inganmunhwajae bakchowol chang heungboga CD2/04-bakchowol-heungboga_baktaneun daemok(cheotjjaebak).csv,test
madang5/heungboga/bakchowol/pan-heung-007 inganmunhwajae bakchowol chang heungboga/pan-heung-007 go inganmunhwajae bakchowol chang heungboga CD2/05-bakchowol-heungboga_ssalgwadoni mani naoneun daemok.csv,train
madang5/heungboga/bakchowol/pan-heung-007 inganmunhwajae bakchowol chang heungboga/pan-heung-007 go inganmunhwajae bakchowol chang heungboga CD2/06-bakchowol-heungboga_baktaneun daemok(duljjaebak).csv,train
madang5/heungboga/bakchowol/pan-heung-007 inganmunhwajae bakchowol chang heungboga/pan-heung-007 go inganmunhwajae bakchowol chang heungboga CD2/07-bakchowol-heungboga_bidantaryeong.csv,train
madang5/heungboga/bakchowol/pan-heung-007 inganmunhwajae bakchowol chang heungboga/pan-heung-007 go inganmunhwajae bakchowol chang heungboga CD2/08-bakchowol-heungboga_nolboga geonneoom.csv,train
madang5/heungboga/bakchowol/pan-heung-007 inganmunhwajae bakchowol chang heungboga/pan-heung-007 go inganmunhwajae bakchowol chang heungboga CD2/09-bakchowol-heungboga_heungbo manura naoneun daemok.csv,train
madang5/heungboga/bakchowol/pan-heung-007 inganmunhwajae bakchowol chang heungboga/pan-heung-007 go inganmunhwajae bakchowol chang heungboga CD2/10-bakchowol-heungboga_hwachojang taryeong.csv,train
madang5/heungboga/bakchowol/pan-heung-007 inganmunhwajae bakchowol chang heungboga/pan-heung-007 go inganmunhwajae bakchowol chang heungboga CD2/11-bakchowol-heungboga_nolbo jebi hurireo ganeun daemok.csv,train
madang5/heungboga/bakchowol/pan-heung-007 inganmunhwajae bakchowol chang heungboga/pan-heung-007 go inganmunhwajae bakchowol chang heungboga CD2/12-bakchowol-heungboga_nolbo baktaneun daemok(cheotjjaebak).csv,valid
madang5/heungboga/bakchowol/pan-heung-007 inganmunhwajae bakchowol chang heungboga/pan-heung-007 go inganmunhwajae bakchowol chang heungboga CD2/13-bakchowol-heungboga_baksogeseo choranipae naoneun daemok.csv,test
madang5/heungboga/bakchowol/pan-heung-007 inganmunhwajae bakchowol chang heungboga/pan-heung-007 go inganmunhwajae bakchowol chang heungboga CD2/14-bakchowol-heungboga_nolbo baktaneun daemok(duljjaebak).csv,train
madang5/heungboga/bakdongjin/pan-0-011 bakdongjin myeongchangui batangsoriro deutneun pansori giljabi/02-bakdongjin-heungboga jung heungbo baktaneun daemok_jinyang.csv,train
madang5/heungboga/bakdongjin/pan-0-011 bakdongjin myeongchangui batangsoriro deutneun pansori giljabi/10-bakdongjin-heungboga jung dwipuri(majimak daemok)_eotjungmori.csv,train
"madang5/heungboga/bakdongjin/pan-0-011 bakdongjin myeongchangui batangsoriro deutneun pansori giljabi/11-bakdongjin-heungboga jung jebi naradeuneun daemokgwa heungboga bureojin jebi darireul gochyeojuneun daemok_jungjungmori,jajinmori,hwimori,jungmori,aniri,jinyang.csv",test
madang5/heungboga/bakdongjin/pan-heung-003-004 inganmunhwajae bakdongjin pansori daejeonjip pansori heungboga/pan-heung-003 inganmunhwajae bakdongjin pansori daejeonjip pansori heungboga gwon1/pan-heung-003 inganmunhwajae bakdongjin pansori daejeonjip pansori heungboga gwon1 CD1/01-bakdongjin-heungboga_nolbu simsul daemok.csv,train
madang5/heungboga/bakdongjin/pan-heung-003-004 inganmunhwajae bakdongjin pansori daejeonjip pansori heungboga/pan-heung-003 inganmunhwajae bakdongjin pansori daejeonjip pansori heungboga gwon1/pan-heung-003 inganmunhwajae bakdongjin pansori daejeonjip pansori heungboga gwon1 CD1/02-bakdongjin-heungboga_heungbo jjotgyeonaneun daemok.csv,test
madang5/heungboga/bakdongjin/pan-heung-003-004 inganmunhwajae bakdongjin pansori daejeonjip pansori heungboga/pan-heung-003 inganmunhwajae bakdongjin pansori daejeonjip pansori heungboga gwon1/pan-heung-003 inganmunhwajae bakdongjin pansori daejeonjip pansori heungboga gwon1 CD1/03-bakdongjin-heungboga_heungbosalrim hyeongsang daemok.csv,train
"madang5/heungboga/bakdongjin/pan-heung-003-004 inganmunhwajae bakdongjin pansori daejeonjip pansori heungboga/pan-heung-003 inganmunhwajae bakdongjin pansori daejeonjip pansori heungboga gwon1/pan-heung-003 inganmunhwajae bakdongjin pansori daejeonjip pansori heungboga gwon1 CD1/04-bakdongjin-heungboga_bakjwasujip chajaganeun daemok,dontaryeong.csv",test
madang5/heungboga/bakdongjin/pan-heung-003-004 inganmunhwajae bakdongjin pansori daejeonjip pansori heungboga/pan-heung-003 inganmunhwajae bakdongjin pansori daejeonjip pansori heungboga gwon1/pan-heung-003 inganmunhwajae bakdongjin pansori daejeonjip pansori heungboga gwon1 CD1/05-bakdongjin-heungboga_heungbo maepumpalreo ganeun daemok.csv,train
madang5/heungboga/bakdongjin/pan-heung-003-004 inganmunhwajae bakdongjin pansori daejeonjip pansori heungboga/pan-heung-003 inganmunhwajae bakdongjin pansori daejeonjip pansori heungboga gwon1/pan-heung-003 inganmunhwajae bakdongjin pansori daejeonjip pansori heungboga gwon1 CD1/06-bakdongjin-heungboga_heungbo musahi doraoneun daemok.csv,train
madang5/heungboga/bakdongjin/pan-heung-003-004 inganmunhwajae bakdongjin pansori daejeonjip pansori heungboga/pan-heung-003 inganmunhwajae bakdongjin pansori daejeonjip pansori heungboga gwon1/pan-heung-003 inganmunhwajae bakdongjin pansori daejeonjip pansori heungboga gwon1 CD2/01-bakdongjin-heungboga_heungbo hyeongui jibeul chajaganeun daemok.csv,train
madang5/heungboga/bakdongjin/pan-heung-003-004 inganmunhwajae bakdongjin pansori daejeonjip pansori heungboga/pan-heung-003 inganmunhwajae bakdongjin pansori daejeonjip pansori heungboga gwon1/pan-heung-003 inganmunhwajae bakdongjin pansori daejeonjip pansori heungboga gwon1 CD2/02-bakdongjin-heungboga_heungbo hyeongege bineun daemok.csv,train
madang5/heungboga/bakdongjin/pan-heung-003-004 inganmunhwajae bakdongjin pansori daejeonjip pansori heungboga/pan-heung-003 inganmunhwajae bakdongjin pansori daejeonjip pansori heungboga gwon1/pan-heung-003 inganmunhwajae bakdongjin pansori daejeonjip pansori heungboga gwon1 CD2/03-bakdongjin-heungboga_heungbo hyeongege maematneun daemok.csv,test
madang5/heungboga/bakdongjin/pan-heung-003-004 inganmunhwajae bakdongjin pansori daejeonjip pansori heungboga/pan-heung-003 inganmunhwajae bakdongjin pansori daejeonjip pansori heungboga gwon1/pan-heung-003 inganmunhwajae bakdongjin pansori daejeonjip pansori heungboga gwon1 CD2/04-bakdongjin-heungboga_jibeuro dorawa pumeul paneun daemok.csv,train
madang5/heungboga/bakdongjin/pan-heung-003-004 inganmunhwajae bakdongjin pansori daejeonjip pansori heungboga/pan-heung-003 inganmunhwajae bakdongjin pansori daejeonjip pansori heungboga gwon1/pan-heung-003 inganmunhwajae bakdongjin pansori daejeonjip pansori heungboga gwon1 CD2/05-bakdongjin-heungboga_ganantaryeong.csv,train
madang5/heungboga/bakdongjin/pan-heung-003-004 inganmunhwajae bakdongjin pansori daejeonjip pansori heungboga/pan-heung-003 inganmunhwajae bakdongjin pansori daejeonjip pansori heungboga gwon1/pan-heung-003 inganmunhwajae bakdongjin pansori daejeonjip pansori heungboga gwon1 CD2/06-bakdongjin-heungboga_heungbo jipteo japneun daemok.csv,train
madang5/heungboga/bakdongjin/pan-heung-003-004 inganmunhwajae bakdongjin pansori daejeonjip pansori heungboga/pan-heung-004 inganmunhwajae bakdongjin pansori daejeonjip pansori heungboga gwon2/pan-heung-004 inganmunhwajae bakdongjin pansori daejeonjip pansori heungboga gwon2 CD3/01-bakdongjin-heungboga_jebi naradeuneun daemok.csv,train
madang5/heungboga/bakdongjin/pan-heung-003-004 inganmunhwajae bakdongjin pansori daejeonjip pansori heungboga/pan-heung-004 inganmunhwajae bakdongjin pansori daejeonjip pansori heungboga gwon2/pan-heung-004 inganmunhwajae bakdongjin pansori daejeonjip pansori heungboga gwon2 CD3/02-bakdongjin-heungboga_gangnamjebi doraoneun daemok(jebinojeonggi).csv,valid
"madang5/heungboga/bakdongjin/pan-heung-003-004 inganmunhwajae bakdongjin pansori daejeonjip pansori heungboga/pan-heung-004 inganmunhwajae bakdongjin pansori daejeonjip pansori heungboga gwon2/pan-heung-004 inganmunhwajae bakdongjin pansori daejeonjip pansori heungboga gwon2 CD3/03-bakdongjin-heungboga_simeun bagi jaraneun moyang,heungboga manura dalraeneun daemok.csv",train
madang5/heungboga/bakdongjin/pan-heung-003-004 inganmunhwajae bakdongjin pansori daejeonjip pansori heungboga/pan-heung-004 inganmunhwajae bakdongjin pansori daejeonjip pansori heungboga gwon2/pan-heung-004 inganmunhwajae bakdongjin pansori daejeonjip pansori heungboga gwon2 CD3/04-bakdongjin-heungboga_cheotjjae bageul taneun daemok.csv,valid
"madang5/heungboga/bakdongjin/pan-heung-003-004 inganmunhwajae bakdongjin pansori daejeonjip pansori heungboga/pan-heung-004 inganmunhwajae bakdongjin pansori daejeonjip pansori heungboga gwon2/pan-heung-004 inganmunhwajae bakdongjin pansori daejeonjip pansori heungboga gwon2 CD3/05-bakdongjin-heungboga_dongwe,ssalgwe naoneun daemok.csv",train
"madang5/heungboga/bakdongjin/pan-heung-003-004 inganmunhwajae bakdongjin pansori daejeonjip pansori heungboga/pan-heung-004 inganmunhwajae bakdongjin pansori daejeonjip pansori heungboga gwon2/pan-heung-004 inganmunhwajae bakdongjin pansori daejeonjip pansori heungboga gwon2 CD3/06-bakdongjin-heungboga_baptaryeong,dontaryeong.csv",train
madang5/heungboga/bakdongjin/pan-heung-003-004 inganmunhwajae bakdongjin pansori daejeonjip pansori heungboga/pan-heung-004 inganmunhwajae bakdongjin pansori daejeonjip pansori heungboga gwon2/pan-heung-004 inganmunhwajae bakdongjin pansori daejeonjip pansori heungboga gwon2 CD4/01-bakdongjin-heungboga_duljae bageul taneun daemok.csv,train
madang5/heungboga/bakdongjin/pan-heung-003-004 inganmunhwajae bakdongjin pansori daejeonjip pansori heungboga/pan-heung-004 inganmunhwajae bakdongjin pansori daejeonjip pansori heungboga gwon2/pan-heung-004 inganmunhwajae bakdongjin pansori daejeonjip pansori heungboga gwon2 CD4/02-bakdongjin-heungboga_bidantaryeong.csv,train
madang5/heungboga/bakdongjin/pan-heung-003-004 inganmunhwajae bakdongjin pansori daejeonjip pansori heungboga/pan-heung-004 inganmunhwajae bakdongjin pansori daejeonjip pansori heungboga gwon2/pan-heung-004 inganmunhwajae bakdongjin pansori daejeonjip pansori heungboga gwon2 CD4/03-bakdongjin-heungboga_setjjae bak taneun daemok.csv,train
madang5/heungboga/bakdongjin/pan-heung-003-004 inganmunhwajae bakdongjin pansori daejeonjip pansori heungboga/pan-heung-004 inganmunhwajae bakdongjin pansori daejeonjip pansori heungboga gwon2/pan-heung-004 inganmunhwajae bakdongjin pansori daejeonjip pansori heungboga gwon2 CD4/04-bakdongjin-heungboga_nolboga heungbo chajaganeun daemok.csv,train
"madang5/heungboga/bakdongjin/pan-heung-003-004 inganmunhwajae bakdongjin pansori daejeonjip pansori heungboga/pan-heung-004 inganmunhwajae bakdongjin pansori daejeonjip pansori heungboga gwon2/pan-heung-004 inganmunhwajae bakdongjin pansori daejeonjip pansori heungboga gwon2 CD4/05-bakdongjin-heungboga_eumsiktaryeong,heungbo manura hwanaeneun daemok.csv",valid
"madang5/heungboga/bakdongjin/pan-heung-003-004 inganmunhwajae bakdongjin pansori daejeonjip pansori heungboga/pan-heung-004 inganmunhwajae bakdongjin pansori daejeonjip pansori heungboga gwon2/pan-heung-004 inganmunhwajae bakdongjin pansori daejeonjip pansori heungboga gwon2 CD4/06-bakdongjin-heungboga_hwachojang taryeong,nolboga jebi hurireo ganeun daemok.csv",train
"madang5/heungboga/bakdongjin/pan-heung-003-004 inganmunhwajae bakdongjin pansori daejeonjip pansori heungboga/pan-heung-004 inganmunhwajae bakdongjin pansori daejeonjip pansori heungboga gwon2/pan-heung-004 inganmunhwajae bakdongjin pansori daejeonjip pansori heungboga gwon2 CD5/01-bakdongjin-heungboga_nolbojibe jebi deuneun daemok,gangnam gan jebi gidarineun nolbo,simeun bak jarananeun moyang.csv",train
madang5/heungboga/bakdongjin/pan-heung-003-004 inganmunhwajae bakdongjin pansori daejeonjip pansori heungboga/pan-heung-004 inganmunhwajae bakdongjin pansori daejeonjip pansori heungboga gwon2/pan-heung-004 inganmunhwajae bakdongjin pansori daejeonjip pansori heungboga gwon2 CD5/02-bakdongjin-heungboga_cheotjjae bak taneun daemok.csv,train
madang5/heungboga/bakdongjin/pan-heung-003-004 inganmunhwajae bakdongjin pansori daejeonjip pansori heungboga/pan-heung-004 inganmunhwajae bakdongjin pansori daejeonjip pansori heungboga gwon2/pan-heung-004 inganmunhwajae bakdongjin pansori daejeonjip pansori heungboga gwon2 CD5/03-bakdongjin-heungboga_duljjae bak taneun daemok.csv,train
madang5/heungboga/bakdongjin/pan-heung-003-004 inganmunhwajae bakdongjin pansori daejeonjip pansori heungboga/pan-heung-004 inganmunhwajae bakdongjin pansori daejeonjip pansori heungboga gwon2/pan-heung-004 inganmunhwajae bakdongjin pansori daejeonjip pansori heungboga gwon2 CD5/04-bakdongjin-heungboga_setjjae bak taneun daemok.csv,train
madang5/heungboga/bakdongjin/pan-heung-003-004 inganmunhwajae bakdongjin pansori daejeonjip pansori heungboga/pan-heung-004 inganmunhwajae bakdongjin pansori daejeonjip pansori heungboga gwon2/pan-heung-004 inganmunhwajae bakdongjin pansori daejeonjip pansori heungboga gwon2 CD5/05-bakdongjin-heungboga_netjjae bak taneun daemok.csv,train
madang5/heungboga/bakdongjin/pan-heung-003-004 inganmunhwajae bakdongjin pansori daejeonjip pansori heungboga/pan-heung-004 inganmunhwajae bakdongjin pansori daejeonjip pansori heungboga gwon2/pan-heung-004 inganmunhwajae bakdongjin pansori daejeonjip pansori heungboga gwon2 CD5/06-bakdongjin-heungboga_daseotjjae bak taneun daemok.csv,train
"madang5/heungboga/bakdongjin/pan-heung-003-004 inganmunhwajae bakdongjin pansori daejeonjip pansori heungboga/pan-heung-004 inganmunhwajae bakdongjin pansori daejeonjip pansori heungboga gwon2/pan-heung-004 inganmunhwajae bakdongjin pansori daejeonjip pansori heungboga gwon2 CD5/07-bakdongjin-heungboga_yeoseotjjae bak taneun daemok,dwitpuri.csv",train
madang5/heungboga/bakrokju/pan-heung-022 bakrokju heungboga/pan-heung-022 bakrokju heungboga I/01-bakrokju-heungboga_cheoeumbuteo nolbo simsultaryeongkkaji.csv,train
madang5/heungboga/bakrokju/pan-heung-022 bakrokju heungboga/pan-heung-022 bakrokju heungboga I/02-bakrokju-heungboga_heungbo jjotgyeonaneun de.csv,train
madang5/heungboga/bakrokju/pan-heung-022 bakrokju heungboga/pan-heung-022 bakrokju heungboga I/03-bakrokju-heungboga_heungbo manura tansik.csv,train
madang5/heungboga/bakrokju/pan-heung-022 bakrokju heungboga/pan-heung-022 bakrokju heungboga I/04-bakrokju-heungboga_heungboga hwanjaseomeul eodeureo hobangeul chajagatdaga dat nyangeul bada gwiga.csv,test
madang5/heungboga/bakrokju/pan-heung-022 bakrokju heungboga/pan-heung-022 bakrokju heungboga I/05-bakrokju-heungboga_heungbo maepum palreogatdaga gwiga.csv,train
madang5/heungboga/bakrokju/pan-heung-022 bakrokju heungboga/pan-heung-022 bakrokju heungboga I/06-bakrokju-heungboga_heungboga nolboege goksigeul eodeureo gatdaga gwiga.csv,train
madang5/heungboga/bakrokju/pan-heung-022 bakrokju heungboga/pan-heung-022 bakrokju heungboga I/07-bakrokju-heungboga_doseungi heungboege jipteoreul jabajuneun de.csv,train
madang5/heungboga/bakrokju/pan-heung-022 bakrokju heungboga/pan-heung-022 bakrokju heungboga I/08-bakrokju-heungboga_heungboga bureojin jebi darireul gochyeojuneun de.csv,train
madang5/heungboga/bakrokju/pan-heung-022 bakrokju heungboga/pan-heung-022 bakrokju heungboga II/01-bakrokju-heungboga_jebinojeonggi.csv,train
madang5/heungboga/bakrokju/pan-heung-022 bakrokju heungboga/pan-heung-022 bakrokju heungboga II/02-bakrokju-heungboga_ganantaryeongbuteo dontaryeongkkaji.csv,train
madang5/heungboga/bakrokju/pan-heung-022 bakrokju heungboga/pan-heung-022 bakrokju heungboga II/03-bakrokju-heungboga_bidantaryeong.csv,train
madang5/heungboga/bakrokju/pan-heung-022 bakrokju heungboga/pan-heung-022 bakrokju heungboga II/04-bakrokju-heungboga_heungbojip jitneun de.csv,train
madang5/heungboga/bakrokju/pan-heung-022 bakrokju heungboga/pan-heung-022 bakrokju heungboga II/05-bakrokju-heungboga_nolboga heungbojibeul chajaganeun de.csv,train
madang5/heungboga/bakrokju/pan-heung-022 bakrokju heungboga/pan-heung-022 bakrokju heungboga II/06-bakrokju-heungboga_hwachojangtaryeong.csv,train
madang5/heungboga/bakrokju/pan-heung-022 bakrokju heungboga/pan-heung-022 bakrokju heungboga II/07-bakrokju-heungboga_jebi hurireo naganeun de.csv,train
madang5/heungboga/bakrokju/pan-heung-022 bakrokju heungboga/pan-heung-022 bakrokju heungboga II/08-bakrokju-heungboga_nolboui cheotbeonjjae bageseo namsadangpaega naoneun de.csv,train
madang5/heungboga/bakrokju/pan-heung-022 bakrokju heungboga/pan-heung-022 bakrokju heungboga II/09-bakrokju-heungboga_nolboui dubeonjjae bageseo saennimi naoneun de.csv,train
madang5/heungboga/bakrokju/pan-heung-022 bakrokju heungboga/pan-heung-022 bakrokju heungboga II/10-bakrokju-heungboga_nolboui sebeonjjae bageseo jangsuga naoneun debuteo kkeutkkaji.csv,train
madang5/heungboga/baksonghui/pan-heung-010 baksonghui heungboga dongpyeonje pansori/pan-heung-010 baksonghui heungboga dongpyeonje pansori CD1/01-baksonghui-danga_baekbalga.csv,train
madang5/heungboga/baksonghui/pan-heung-010 baksonghui heungboga dongpyeonje pansori/pan-heung-010 baksonghui heungboga dongpyeonje pansori CD1/02-baksonghui-heungboga_choip~nolbo simsultaryeong.csv,train
madang5/heungboga/baksonghui/pan-heung-010 baksonghui heungboga dongpyeonje pansori/pan-heung-010 baksonghui heungboga dongpyeonje pansori CD1/03-baksonghui-heungboga_heungbo jjotgyeonaneun de.csv,train
madang5/heungboga/baksonghui/pan-heung-010 baksonghui heungboga dongpyeonje pansori/pan-heung-010 baksonghui heungboga dongpyeonje pansori CD1/04-baksonghui-heungboga_heungbo manura tansik.csv,train
madang5/heungboga/baksonghui/pan-heung-010 baksonghui heungboga dongpyeonje pansori/pan-heung-010 baksonghui heungboga dongpyeonje pansori CD1/05-baksonghui-heungboga_heungboga hwanjaseomeul eodeureo hobangeul chajagatdaga datnyangeul bada gwiga.csv,train
madang5/heungboga/baksonghui/pan-heung-010 baksonghui heungboga dongpyeonje pansori/pan-heung-010 baksonghui heungboga dongpyeonje pansori CD1/06-baksonghui-heungboga_heungbo maepum palreogatdaga gwiga.csv,train
madang5/heungboga/baksonghui/pan-heung-010 baksonghui heungboga dongpyeonje pansori/pan-heung-010 baksonghui heungboga dongpyeonje pansori CD1/07-baksonghui-heungboga_heungboga nolboege goksigeul eodeureo gatdaga gwiga.csv,train
madang5/heungboga/baksonghui/pan-heung-010 baksonghui heungboga dongpyeonje pansori/pan-heung-010 baksonghui heungboga dongpyeonje pansori CD1/08-baksonghui-heungboga_doseungi heungboege jipteoreul jabajuneun de.csv,train
madang5/heungboga/baksonghui/pan-heung-010 baksonghui heungboga dongpyeonje pansori/pan-heung-010 baksonghui heungboga dongpyeonje pansori CD2/01-baksonghui-heungboga_heungboga bureojin jebi darireul gochyeojuneun de.csv,train
madang5/heungboga/baksonghui/pan-heung-010 baksonghui heungboga dongpyeonje pansori/pan-heung-010 baksonghui heungboga dongpyeonje pansori CD2/02-baksonghui-heungboga_heungbo jebi nojeonggi.csv,test
madang5/heungboga/baksonghui/pan-heung-010 baksonghui heungboga dongpyeonje pansori/pan-heung-010 baksonghui heungboga dongpyeonje pansori CD2/03-baksonghui-heungboga_ganantaryeong~dontaryeong.csv,train
madang5/heungboga/baksonghui/pan-heung-010 baksonghui heungboga dongpyeonje pansori/pan-heung-010 baksonghui heungboga dongpyeonje pansori CD2/04-baksonghui-heungboga_bidantaryeong.csv,valid
madang5/heungboga/baksonghui/pan-heung-010 baksonghui heungboga dongpyeonje pansori/pan-heung-010 baksonghui heungboga dongpyeonje pansori CD2/05-baksonghui-heungboga_heungbojip jitneun de.csv,train
madang5/heungboga/baksonghui/pan-heung-010 baksonghui heungboga dongpyeonje pansori/pan-heung-010 baksonghui heungboga dongpyeonje pansori CD2/06-baksonghui-heungboga_nolboga heungbojibeul chajaganeun de.csv,train
madang5/heungboga/baksonghui/pan-heung-010 baksonghui heungboga dongpyeonje pansori/pan-heung-010 baksonghui heungboga dongpyeonje pansori CD3/01-baksonghui-heungboga_hwachojangtaryeong.csv,train
madang5/heungboga/baksonghui/pan-heung-010 baksonghui heungboga dongpyeonje pansori/pan-heung-010 baksonghui heungboga dongpyeonje pansori CD3/02-baksonghui-heungboga_jebi hurireo naganeun de.csv,train
madang5/heungboga/baksonghui/pan-heung-010 baksonghui heungboga dongpyeonje pansori/pan-heung-010 baksonghui heungboga dongpyeonje pansori CD3/03-baksonghui-heungboga_nolboga jebi darireul bureotteurigo gochyeojuneun de.csv,train
madang5/heungboga/baksonghui/pan-heung-010 baksonghui heungboga dongpyeonje pansori/pan-heung-010 baksonghui heungboga dongpyeonje pansori CD3/04-baksonghui-heungboga_nolbo jebi nojeonggi.csv,train
madang5/heungboga/baksonghui/pan-heung-010 baksonghui heungboga dongpyeonje pansori/pan-heung-010 baksonghui heungboga dongpyeonje pansori CD3/05-baksonghui-heungboga_nolboga bakssireul jueodeulgo joahaneun de~bagi jarananeun jangmyeon.csv,train
madang5/heungboga/baksonghui/pan-heung-010 baksonghui heungboga dongpyeonje pansori/pan-heung-010 baksonghui heungboga dongpyeonje pansori CD3/06-baksonghui-heungboga_nolboui cheotbeonjjae bageseo han noin naoneun de.csv,train
madang5/heungboga/baksonghui/pan-heung-010 baksonghui heungboga dongpyeonje pansori/pan-heung-010 baksonghui heungboga dongpyeonje pansori CD3/07-baksonghui-heungboga_nolboui dubeonjjae bageseo sadangpae naoneun de.csv,train
madang5/heungboga/baksonghui/pan-heung-010 baksonghui heungboga dongpyeonje pansori/pan-heung-010 baksonghui heungboga dongpyeonje pansori CD3/08-baksonghui-heungboga_nolboui sebeonjjae bageseo jangbi naoneun de~kkeut.csv,train
"madang5/heungboga/gangdogeun/pan-heung-008 gangdogeun chang heungboga/pan-heung-008 gangdogeun chang heungboga CD1/01-gangdogeun-danga_hongmunyeon,heungboga_nolbusimsul~heungbo nolbojibeul geonneogam.csv",train
madang5/heungboga/gangdogeun/pan-heung-008 gangdogeun chang heungboga/pan-heung-008 gangdogeun chang heungboga CD2/01-gangdogeun-heungboga_heungbo hyeongnimkke gugeolham~bageul tam.csv,test
madang5/heungboga/gangdogeun/pan-heung-008 gangdogeun chang heungboga/pan-heung-008 gangdogeun chang heungboga CD3/01-gangdogeun-heungboga_dongwa ssareul ssoda bueum~nolbo jebireul molreo nagam.csv,valid
"madang5/heungboga/gimchanghwan/pan-chun-038 pansori5myeongchang/01-gimchanghwan-jungtaryeong(sang,ha).csv",train
"madang5/heungboga/gimchanghwan/pan-chun-038 pansori5myeongchang/02-gimchanghwan-jebinojeonggi(sang,ha).csv",train
madang5/heungboga/gimchangryong/pan-chun-030 pansori 5myeongchang gimchangryong/10-gimchangryong-heungboga_dontaryeong(yeomgyedal je).csv,train
madang5/heungboga/gimchangryong/pan-chun-030 pansori 5myeongchang gimchangryong/11-gimchangryong-heungboga_jebiga(gwonsamdeuk je).csv,train
madang5/heungboga/gimjeongmun/myeonginmyeongchangseonjip(6) dongpyeonje pansori/11-gimjeongmun-danga hongmunyeon.csv,train
madang5/heungboga/gimjeongmun/myeonginmyeongchangseonjip(6) dongpyeonje pansori/12-gimjeongmun-heungboga jung baktaryeong.csv,train
madang5/heungboga/gimsohui/pan-0-008 gimsohui pansori ilsaeng/01-gimsohui-heungboga jung baktaryeong~dontaryeong.csv,train
"madang5/heungboga/gimsohui/pan-0-009 pansori myeongchang gimsohui ilhaengui pansoriwa giak/01-gimsohui(chang),gimyundeok(buk)-heungboga jung baktaryeong.csv",valid
madang5/heungboga/gimsuyeon/pan-heung-005-006 gimsuyeon chang heungboga/pan-heung-005 gimsuyeon chang heungboga (1)/01-gimsuyeon-danga_sacheolga.csv,train
"madang5/heungboga/gimsuyeon/pan-heung-005-006 gimsuyeon chang heungboga/pan-heung-005 gimsuyeon chang heungboga (1)/02-gimsuyeon-heungboga_cheoeum~heungbobuin,maepumpalreoganeun heungboreul manryuham.csv",train
"madang5/heungboga/gimsuyeon/pan-heung-005-006 gimsuyeon chang heungboga/pan-heung-005 gimsuyeon chang heungboga (1)/03-gimsuyeon-heungboga_heungbo,gwangaro maepumpalreo gam~hyeongjibe gatdaga maeman matgo doraon heungbo.csv",train
madang5/heungboga/gimsuyeon/pan-heung-005-006 gimsuyeon chang heungboga/pan-heung-005 gimsuyeon chang heungboga (1)/04-gimsuyeon-heungboga_ganantaryeong~heungbojibe jibeul jieun jebi.csv,train
madang5/heungboga/gimsuyeon/pan-heung-005-006 gimsuyeon chang heungboga/pan-heung-006 gimsuyeon chang heungboga (2)/01-gimsuyeon-heungboga_dachin jebireul gochyeojum~jebinojeonggi.csv,train
"madang5/heungboga/gimsuyeon/pan-heung-005-006 gimsuyeon chang heungboga/pan-heung-006 gimsuyeon chang heungboga (2)/02-gimsuyeon-heungboga_jebiga jun bakssie bagi dalrim~heungbo,baktaneun daemok.csv",train
madang5/heungboga/gimsuyeon/pan-heung-005-006 gimsuyeon chang heungboga/pan-heung-006 gimsuyeon chang heungboga (2)/03-gimsuyeon-heungboga_nolboga heungboreul mannareo om~kkeut.csv,train
madang5/heungboga/gimyeonsu/pan-heung-020 pansori myeongchang gimyeonsu heungboga/01-gimyeonsu-heungboga_jebinojeonggi.csv,valid
madang5/heungboga/gimyeonsu/pan-heung-020 pansori myeongchang gimyeonsu heungboga/02-gimyeonsu-heungboga_heungboga bakssireul simneun de.csv,train
madang5/heungboga/gimyeonsu/pan-heung-020 pansori myeongchang gimyeonsu heungboga/03-gimyeonsu-heungboga_ganantaryeong.csv,train
madang5/heungboga/gimyeonsu/pan-heung-020 pansori myeongchang gimyeonsu heungboga/04-gimyeonsu-heungboga_baktaryeong.csv,valid
madang5/heungboga/gimyeonsu/pan-heung-020 pansori myeongchang gimyeonsu heungboga/05-gimyeonsu-heungboga_baktong sogeseo dongjaga naoneun de.csv,train
madang5/heungboga/gimyeonsu/pan-heung-020 pansori myeongchang gimyeonsu heungboga/06-gimyeonsu-heungboga_baksogeseo ssalgwa doni naoneun de.csv,train
madang5/heungboga/gimyeonsu/pan-heung-020 pansori myeongchang gimyeonsu heungboga/07-gimyeonsu-heungboga_heungboga babeul meokneun de~dontaryeong.csv,train
madang5/heungboga/hanseongtae/gimseonyeongsojang yuseonggieumban(MP3)/13 - heungboga jebinojeonggi-hanseongtae.csv,train
madang5/heungboga/hanseongtae/gimseonyeongsojang yuseonggieumban(MP3)/14 - heungboga jebinaradeuneunde-hanseongtae.csv,valid
"madang5/heungboga/hapchang/myeongchang heungboga/myeongchang heungboga ha/01-gimsohui,seonguhyang,seongchangsun oe-heungboga_heungbo duljjae bak taneunde~heungbo jip jitneunde.csv",train
"madang5/heungboga/hapchang/myeongchang heungboga/myeongchang heungboga ha/02-gimsohui,seonguhyang,seongchangsun,gangjongcheol oe-heungboga_nolboga heungbojibeul chajaoneunde~nolbo jebihurireo naganeunde.csv",train
"madang5/heungboga/hapchang/myeongchang heungboga/myeongchang heungboga ha/03-gangjongcheol,josanghyeon,hannongseon,sinyeonghui,jotongdal,jonamhui,namhaeseong oe-heungboga_nolbo jebidari bureotteurineunde~nolbo jebijeomgo.csv",test
"madang5/heungboga/hapchang/myeongchang heungboga/myeongchang heungboga ha/04-gangjongcheol,josanghyeon,hannongseon,jotongdal,sinyeonghui,namhaeseong oe-heungboga_nolbo gujanaeryeogeul pureoboneunde~nolbo bak sok noinui jumeonireul chaeuneunde.csv",train
"madang5/heungboga/hapchang/myeongchang heungboga/myeongchang heungboga ha/05-gangjongcheol,sinyeonghui,josanghyeon,hannongseon oe-heungboga_nolbo duljjae bak taneunde~bak sogeseo sangyeoga naoneunde.csv",valid
"madang5/heungboga/hapchang/myeongchang heungboga/myeongchang heungboga ha/06-gangjongcheol,jotongdal,josanghyeon,hannongseon oe-heungboga_nolbo setjjae bak taneunde~nolboui gaegwacheonseon.csv",train
madang5/heungboga/hapchang/myeongchang heungboga/myeongchang heungboga sang/01-josanghyeon-heungboga haeseol.csv,train
"madang5/heungboga/hapchang/myeongchang heungboga/myeongchang heungboga sang/02-gimsohui,seonguhyang oe-heungboga_choip~heungbo jjotgyeonaneunde.csv",train
"madang5/heungboga/hapchang/myeongchang heungboga/myeongchang heungboga sang/03-gimsohui,seongchangsun,seonguhyang oe-heungboga_heungbocheoui tansik~heungbo datnyangeul bada doraoneunde.csv",train
"madang5/heungboga/hapchang/myeongchang heungboga/myeongchang heungboga sang/04-gimsohui,seongchangsun,seonguhyang oe-heungboga_heungbocheoga heungboui maepumeul manryuhaneunde~heungbo maematji anko oja heungbocheo joahaneunde.csv",valid
"madang5/heungboga/hapchang/myeongchang heungboga/myeongchang heungboga sang/05-gimsohui,seonguhyang,seongchangsun oe-heungboga_heungbo nolbojibeul geonneoganeunde~heungbowa heungbocheo jukgiro jakjeonghaneunde.csv",train
madang5/heungboga/hapchang/myeongchang heungboga/myeongchang heungboga sang/06-gimsohui oe-heungboga_doseungi jipteo jabajuneunde~heungbojebi gangnameuro ganeunde.csv,valid
"madang5/heungboga/hapchang/myeongchang heungboga/myeongchang heungboga sang/07-gimsohui,seongchangsun oe-heungboga_jebijeomgo~jebinojeonggi.csv",test
madang5/heungboga/hapchang/myeongchang heungboga/myeongchang heungboga sang/08-seongchangsun oe-heungboga_ganantaryeong~dontaryeong.csv,train
"madang5/heungboga/hapchang/pan-0-033 hangugui jeontongeumak heungboga/pan-0-033 hangugui jeontongeumak 34 heungboga1/01-anhaengnyeon,gimsohui,baknokju(chang)-heungboga_seochang,simsul,dontaryeong,sinsejatan,jungtaryeong,jeomgo,nojeongi.csv",test
"madang5/heungboga/hapchang/pan-0-033 hangugui jeontongeumak heungboga/pan-0-033 hangugui jeontongeumak 35 heungboga2/01-baknokju,bakchowol(chang)-heungboga_baktaryeong,dontaryeong,bidantaryeong,hwachojang,nolbubaktaryeong.csv",test
"madang5/heungboga/hapchang/pan-heung-001-002 heungboga/pan-heung-001 heungboga(1)/01-gimsohui,gimjeonghui,gimgyeonghui,bakbongsul-heungboga_jeo ajeon geodongeul boara.gwemuneul deolkeong yeolgo don datnyangeul naeeojuni~irigatdaga jeorigatdaga manri gangnameul hwolhwol nara deureoganda.csv",train
"madang5/heungboga/hapchang/pan-heung-001-002 heungboga/pan-heung-002 heungboga(2)/01-gimsohui,gimjeonghui,gimgyeonghui,bakbongsul-heungboga_gangnam dugyeoneun chokjong jimangjera baekjodeureul jeomgoreul haneunde~geureoljeogen ireogido hago jeoreogido haji eojjeolsu.csv",train
madang5/heungboga/ihwajungseon/myeongchang ihwajungseon pansoriseonjip/11-ihwajungseon-heungbo gugeolhareo ganeunde.csv,train
madang5/heungboga/ihwajungseon/myeongchang ihwajungseon pansoriseonjip/12-ihwajungseon-heungbo mae majeureo ganeunde.csv,valid
"madang5/heungboga/ihwajungseon/pan-0-006 SPsidaeui pansori yeoryu myeongchangdeul 3 ihwajungseon,singeumhong/01-ihwajungseon-myeongchangje(ibyeolga,jebiga,gaja eoseo ga).csv",train
"madang5/heungboga/ihwajungseon/pan-0-006 SPsidaeui pansori yeoryu myeongchangdeul 3 ihwajungseon,singeumhong/04-ihwajungseon-heungbo bak taneun de.csv",train
madang5/heungboga/iilju/iilju myeongchang heungboga 3CD/iilju myeongchang heungboga CD-1/01-iilju-danga_sacheolga.csv,train
madang5/heungboga/iilju/iilju myeongchang heungboga 3CD/iilju myeongchang heungboga CD-1/02-iilju-heungboga_nolbo simsul.csv,train
madang5/heungboga/iilju/iilju myeongchang heungboga 3CD/iilju myeongchang heungboga CD-1/03-iilju-heungboga_nolbo heungboreul naejjocheum.csv,train
madang5/heungboga/iilju/iilju myeongchang heungboga 3CD/iilju myeongchang heungboga CD-1/04-iilju-heungboga_heungbo gananhage sam.csv,test
madang5/heungboga/iilju/iilju myeongchang heungboga 3CD/iilju myeongchang heungboga CD-1/05-iilju-heungboga_hwanja eodeureo eupnaee gam.csv,train
madang5/heungboga/iilju/iilju myeongchang heungboga 3CD/iilju myeongchang heungboga CD-1/06-iilju-heungboga_maepumeul palreo byeongyeonge gam.csv,train
madang5/heungboga/iilju/iilju myeongchang heungboga 3CD/iilju myeongchang heungboga CD-1/07-iilju-heungboga_nolbo jibe geonneogam.csv,train
madang5/heungboga/iilju/iilju myeongchang heungboga 3CD/iilju myeongchang heungboga CD-1/08-iilju-heungboga_heungbo nolboege eodeo majeum.csv,train
madang5/heungboga/iilju/iilju myeongchang heungboga 3CD/iilju myeongchang heungboga CD-1/09-iilju-heungboga_heungbo salril jungi naeryeoom.csv,train
madang5/heungboga/iilju/iilju myeongchang heungboga 3CD/iilju myeongchang heungboga CD-2/01-iilju-heungboga_jebi darireul gochyeojum.csv,train
madang5/heungboga/iilju/iilju myeongchang heungboga 3CD/iilju myeongchang heungboga CD-2/02-iilju-heungboga_jebi nojeonggi.csv,train
madang5/heungboga/iilju/iilju myeongchang heungboga 3CD/iilju myeongchang heungboga CD-2/03-iilju-heungboga_bakssireul simeotdeoni jal jaram.csv,train
madang5/heungboga/iilju/iilju myeongchang heungboga 3CD/iilju myeongchang heungboga CD-2/04-iilju-heungboga_cheotjjae bageul tam.csv,train
madang5/heungboga/iilju/iilju myeongchang heungboga 3CD/iilju myeongchang heungboga CD-2/05-iilju-heungboga_ssalgwa doni mani naom.csv,train
madang5/heungboga/iilju/iilju myeongchang heungboga 3CD/iilju myeongchang heungboga CD-2/06-iilju-heungboga_duljjae bageul tam.csv,train
madang5/heungboga/iilju/iilju myeongchang heungboga 3CD/iilju myeongchang heungboga CD-2/07-iilju-heungboga_ongat bidani naom.csv,train
madang5/heungboga/iilju/iilju myeongchang heungboga 3CD/iilju myeongchang heungboga CD-2/08-iilju-heungboga_setjjae bageseo yanggwibiga naom.csv,train
madang5/heungboga/iilju/iilju myeongchang heungboga 3CD/iilju myeongchang heungboga CD-2/09-iilju-heungboga_setjjae bageseo saramdeuri nawa jibeul jieojum.csv,test
madang5/heungboga/iilju/iilju myeongchang heungboga 3CD/iilju myeongchang heungboga CD-3/01-iilju-heungboga_nolboga heungbojibeul chajagam.csv,train
madang5/heungboga/iilju/iilju myeongchang heungboga 3CD/iilju myeongchang heungboga CD-3/02-iilju-heungboga_nolbo hwachojangeul eodeo doraom.csv,train
madang5/heungboga/iilju/iilju myeongchang heungboga 3CD/iilju myeongchang heungboga CD-3/03-iilju-heungboga_nolbo jebi darireul bureotteurim.csv,valid
madang5/heungboga/iilju/iilju myeongchang heungboga 3CD/iilju myeongchang heungboga CD-3/04-iilju-heungboga_nolbo jebiga bakssireul mureoda jum.csv,train
madang5/heungboga/iilju/iilju myeongchang heungboga 3CD/iilju myeongchang heungboga CD-3/05-iilju-heungboga_cheotjjae bageul tam.csv,train
madang5/heungboga/iilju/iilju myeongchang heungboga 3CD/iilju myeongchang heungboga CD-3/06-iilju-heungboga_noini nawa honi nam.csv,valid
"madang5/heungboga/iilju/iilju myeongchang heungboga 3CD/iilju myeongchang heungboga CD-3/07-iilju-heungboga_duljjae bageseo sangyeokkundeuri naogo,netjjaebageun naedeonjini doni nawa saramdeuri juwo gabeorim.csv",train
"madang5/heungboga/iilju/iilju myeongchang heungboga 3CD/iilju myeongchang heungboga CD-3/08-iilju-heungboga_daseotjjae tongeseo sadangpae,soldaepae deungi naom.csv",train
madang5/heungboga/iilju/iilju myeongchang heungboga 3CD/iilju myeongchang heungboga CD-3/09-iilju-heungboga_daseotjjae tongi jeojeolro beoreojimyeo gakseoripaewa choranipaega naom.csv,valid
"madang5/heungboga/iilju/iilju myeongchang heungboga 3CD/iilju myeongchang heungboga CD-3/10-iilju-heungboga_majimak tongeseo jangbiga nawa honi nago,gaegwacheonseonham.csv",train
madang5/heungboga/iilju/pan-0-025 deugeum Vol.1 jeonju daesaseup pansori myeongchangbu jangwonja nundaemok1/04-iilju-heungboga_jebinojeonggi.csv,valid
madang5/heungboga/imbangul/myeongchang imbangul pansoriseonjip/11-imbangul-ganantaryeong.csv,train
madang5/heungboga/imbangul/myeongchang imbangul pansoriseonjip/12-imbangul-heungbo binande.csv,train
madang5/heungboga/imbangul/pan-chun-032 pansori myeongchang imbangul jeonjip/08-imbangul-heungbuga_heungbu maematneun daemok.csv,train
madang5/heungboga/imbangul/pan-chun-032 pansori myeongchang imbangul jeonjip/09-imbangul-heungbuga_ganan taryeong.csv,valid
madang5/heungboga/imbangul/pan-chun-034 hangugui widaehan pansori myeongchangdeul(II) imbangul/10-imbangul-ganantaryeong.csv,test
madang5/heungboga/iseonyu/pan-chun-036 pansorimyeongchang iseonyu/06-iseonyu-heungboga_bidantaryeong.csv,train
"madang5/heungboga/jangmunhui/pansori pansoriui jeolmeun myeongchangdeul CD-1/05-jangmunhui(chang),imhyeonbin(gosu)-heungboga_jebinojeonggi_aniri,jinyangjo.csv",train
"madang5/heungboga/jangmunhui/pansori pansoriui jeolmeun myeongchangdeul CD-1/06-jangmunhui(chang),imhyeonbin(gosu)-heungboga_jebinojeonggi_aniri,jungjungmori.csv",train
"madang5/heungboga/jangmunhui/pansori pansoriui jeolmeun myeongchangdeul CD-1/07-jangmunhui(chang),imhyeonbin(gosu)-heungboga_jebinojeonggi_aniri,jungjungmori.csv",train
"madang5/heungboga/jangmunhui/pansori pansoriui jeolmeun myeongchangdeul CD-1/08-jangmunhui(chang),imhyeonbin(gosu)-heungboga_heungbo dubeonjjae bak taneun daemok_aniri,jungmori.csv",train
"madang5/heungboga/jangmunhui/pansori pansoriui jeolmeun myeongchangdeul CD-1/09-jangmunhui(chang),imhyeonbin(gosu)-heungboga_heungbo dubeonjjae bak taneun daemok_aniri,jinyangjo.csv",train
"madang5/heungboga/jangmunhui/pansori pansoriui jeolmeun myeongchangdeul CD-1/10-jangmunhui(chang),imhyeonbin(gosu)-heungboga_heungbo dubeonjjae bak taneun daemok_aniri,hwimori,jungjungmori.csv",train
madang5/heungboga/jangpangae/myeonginmyeongchangseonjip(6) dongpyeonje pansori/09-jangpangae-danga jingukmyeongsan.csv,train
madang5/heungboga/jangpangae/myeonginmyeongchangseonjip(6) dongpyeonje pansori/10-jangpangae-heungboga jung jebinojeonggi.csv,train
"madang5/heungboga/jangyeongchan/pan-0-022 jangyeonchan pansori 2 simcheongga,heungboga/06-jangyeonchan-heungboga_heungbo hyeongege bilgo maematneunde.csv",test
"madang5/heungboga/jangyeongchan/pan-0-022 jangyeonchan pansori 2 simcheongga,heungboga/07-jangyeonchan-heungboga_heungbo hyeongsuege ppyammatneunde.csv",test
"madang5/heungboga/jangyeongchan/pan-0-022 jangyeonchan pansori 2 simcheongga,heungboga/08-jangyeonchan-heungboga_heungbomanura jatanhaneunde.csv",train
"madang5/heungboga/jangyeongchan/pan-0-022 jangyeonchan pansori 2 simcheongga,heungboga/09-jangyeonchan-heungboga_jipteo japneunde.csv",train
"madang5/heungboga/jangyeongchan/pan-0-022 jangyeonchan pansori 2 simcheongga,heungboga/10-jangyeonchan-heungboga_heungbo jebi guhaneunde.csv",train
"madang5/heungboga/jangyeongchan/pan-0-022 jangyeonchan pansori 2 simcheongga,heungboga/11-jangyeonchan-heungboga_jebijeomgo.csv",train
"madang5/heungboga/jeonjeongmin/pan-sim-019 hangugui jeontongeumak pansori,danga/05-jeonjeongmin-danga_sacheolga.csv",train
"madang5/heungboga/jeonjeongmin/pan-sim-019 hangugui jeontongeumak pansori,danga/06-jeonjeongmin-pansori heungboga jung_heungbo maepumpalreo ganeun daemok.csv",train
"madang5/heungboga/jeonjeongmin/pan-sim-019 hangugui jeontongeumak pansori,danga/07-jeonjeongmin-pansori heungboga jung_nolbojip bap bilreo ganeun daemok.csv",test
"madang5/heungboga/jeonjeongmin/pan-sim-019 hangugui jeontongeumak pansori,danga/08-jeonjeongmin-pansori heungboga jung_ganantaryeong.csv",train
madang5/heungboga/ojeongsuk/pan-0-002 `93 iryo myeongin myeongchangjeon 5 ojeongsuk pansori(silhwang)/01-ojeongsuk-heungboga_baktaryeong daemok.csv,train
madang5/heungboga/ojeongsuk/pan-0-025 deugeum Vol.1 jeonju daesaseup pansori myeongchangbu jangwonja nundaemok1/01-ojeongsuk-heungboga_heungbo baktaneunde.csv,train
madang5/heungboga/ojeongsuk/pan-heung-015 ojeongsuk pansori daseotmadang heungboga/pan-heung-015 ojeongsuk pansori daseotmadang heungboga CD1/01-ojeongsuk-danga_baekbalga.csv,train
madang5/heungboga/ojeongsuk/pan-heung-015 ojeongsuk pansori daseotmadang heungboga/pan-heung-015 ojeongsuk pansori daseotmadang heungboga CD1/02-ojeongsuk-heungboga_nolbo simsul.csv,train
madang5/heungboga/ojeongsuk/pan-heung-015 ojeongsuk pansori daseotmadang heungboga/pan-heung-015 ojeongsuk pansori daseotmadang heungboga CD1/03-ojeongsuk-heungboga_nolbo heungboreul nae jjocheum.csv,test
madang5/heungboga/ojeongsuk/pan-heung-015 ojeongsuk pansori daseotmadang heungboga/pan-heung-015 ojeongsuk pansori daseotmadang heungboga CD1/04-ojeongsuk-heungboga_heungbo gananhage sam.csv,train
madang5/heungboga/ojeongsuk/pan-heung-015 ojeongsuk pansori daseotmadang heungboga/pan-heung-015 ojeongsuk pansori daseotmadang heungboga CD1/05-ojeongsuk-heungboga_hwanja eodeureo eupnaee gam.csv,train
madang5/heungboga/ojeongsuk/pan-heung-015 ojeongsuk pansori daseotmadang heungboga/pan-heung-015 ojeongsuk pansori daseotmadang heungboga CD1/06-ojeongsuk-heungboga_maepumeul palreo byeongyeonge gam.csv,train
madang5/heungboga/ojeongsuk/pan-heung-015 ojeongsuk pansori daseotmadang heungboga/pan-heung-015 ojeongsuk pansori daseotmadang heungboga CD1/07-ojeongsuk-heungboga_nolbo jibe geonneogam.csv,train
madang5/heungboga/ojeongsuk/pan-heung-015 ojeongsuk pansori daseotmadang heungboga/pan-heung-015 ojeongsuk pansori daseotmadang heungboga CD1/08-ojeongsuk-heungboga_heungbo nolboege eodeo majeum.csv,valid
madang5/heungboga/ojeongsuk/pan-heung-015 ojeongsuk pansori daseotmadang heungboga/pan-heung-015 ojeongsuk pansori daseotmadang heungboga CD2/01-ojeongsuk-heungboga_heungbo salril jungi naeryeoom.csv,test
madang5/heungboga/ojeongsuk/pan-heung-015 ojeongsuk pansori daseotmadang heungboga/pan-heung-015 ojeongsuk pansori daseotmadang heungboga CD2/02-ojeongsuk-heungboga_jebi darireul gochyeojum.csv,train
madang5/heungboga/ojeongsuk/pan-heung-015 ojeongsuk pansori daseotmadang heungboga/pan-heung-015 ojeongsuk pansori daseotmadang heungboga CD2/03-ojeongsuk-heungboga_jebi nojeonggi.csv,train
madang5/heungboga/ojeongsuk/pan-heung-015 ojeongsuk pansori daseotmadang heungboga/pan-heung-015 ojeongsuk pansori daseotmadang heungboga CD2/04-ojeongsuk-heungboga_bakssireul simeotdeoni jal jaram.csv,valid
madang5/heungboga/ojeongsuk/pan-heung-015 ojeongsuk pansori daseotmadang heungboga/pan-heung-015 ojeongsuk pansori daseotmadang heungboga CD2/05-ojeongsuk-heungboga_cheotjjae bageul tam.csv,train
madang5/heungboga/ojeongsuk/pan-heung-015 ojeongsuk pansori daseotmadang heungboga/pan-heung-015 ojeongsuk pansori daseotmadang heungboga CD2/06-ojeongsuk-heungboga_ssalgwa doni mani naom.csv,train
madang5/heungboga/ojeongsuk/pan-heung-015 ojeongsuk pansori daseotmadang heungboga/pan-heung-015 ojeongsuk pansori daseotmadang heungboga CD3/01-ojeongsuk-heungboga_duljjae bageul tam.csv,train
madang5/heungboga/ojeongsuk/pan-heung-015 ojeongsuk pansori daseotmadang heungboga/pan-heung-015 ojeongsuk pansori daseotmadang heungboga CD3/02-ojeongsuk-heungboga_ongat bidani naom.csv,train
madang5/heungboga/ojeongsuk/pan-heung-015 ojeongsuk pansori daseotmadang heungboga/pan-heung-015 ojeongsuk pansori daseotmadang heungboga CD3/03-ojeongsuk-heungboga_setjjae bageseo yanggwibiga naom.csv,train
madang5/heungboga/ojeongsuk/pan-heung-015 ojeongsuk pansori daseotmadang heungboga/pan-heung-015 ojeongsuk pansori daseotmadang heungboga CD3/04-ojeongsuk-heungboga_setjjae bageseo saramdeuri nawa jibeul jieojum.csv,train
madang5/heungboga/ojeongsuk/pan-heung-015 ojeongsuk pansori daseotmadang heungboga/pan-heung-015 ojeongsuk pansori daseotmadang heungboga CD3/05-ojeongsuk-heungboga_nolboga heungbojibeul chajagam.csv,train
madang5/heungboga/ojeongsuk/pan-heung-015 ojeongsuk pansori daseotmadang heungboga/pan-heung-015 ojeongsuk pansori daseotmadang heungboga CD3/06-ojeongsuk-heungboga_nolbo hwachojangeul eodeo doraom.csv,train
madang5/heungboga/ojeongsuk/pan-heung-015 ojeongsuk pansori daseotmadang heungboga/pan-heung-015 ojeongsuk pansori daseotmadang heungboga CD4/01-ojeongsuk-heungboga_nolbo jebi darireul bureotteurim.csv,train
madang5/heungboga/ojeongsuk/pan-heung-015 ojeongsuk pansori daseotmadang heungboga/pan-heung-015 ojeongsuk pansori daseotmadang heungboga CD4/02-ojeongsuk-heungboga_nolbo jebiga bakssireul mureoda jum.csv,train
madang5/heungboga/ojeongsuk/pan-heung-015 ojeongsuk pansori daseotmadang heungboga/pan-heung-015 ojeongsuk pansori daseotmadang heungboga CD4/03-ojeongsuk-heungboga_cheotjjae bageul tam.csv,train
madang5/heungboga/ojeongsuk/pan-heung-015 ojeongsuk pansori daseotmadang heungboga/pan-heung-015 ojeongsuk pansori daseotmadang heungboga CD4/04-ojeongsuk-heungboga_noini nawa honi nam.csv,test
"madang5/heungboga/ojeongsuk/pan-heung-015 ojeongsuk pansori daseotmadang heungboga/pan-heung-015 ojeongsuk pansori daseotmadang heungboga CD4/05-ojeongsuk-heungboga_duljae bageseo sangyeokkundeuri naogo, netjjae bageun naedeonjini doni nawa saramdeuri juwo gabeorim.csv",train
"madang5/heungboga/ojeongsuk/pan-heung-015 ojeongsuk pansori daseotmadang heungboga/pan-heung-015 ojeongsuk pansori daseotmadang heungboga CD4/06-ojeongsuk-heungboga_daseotjjae tongeseo sadangpae,soldaepae deungi naom.csv",train
madang5/heungboga/ojeongsuk/pan-heung-015 ojeongsuk pansori daseotmadang heungboga/pan-heung-015 ojeongsuk pansori daseotmadang heungboga CD4/07-ojeongsuk-heungboga_yeoseotjjae tongi jeojeolro beoreojimyeo galseoripaewa choranipaega naom.csv,train
"madang5/heungboga/ojeongsuk/pan-heung-015 ojeongsuk pansori daseotmadang heungboga/pan-heung-015 ojeongsuk pansori daseotmadang heungboga CD4/08-ojeongsuk-heungboga_majimak tongeseo jangbiga nawa honi nago,gaegwacheonseonham.csv",train
"madang5/heungboga/seongchangsun/pan-heung-014 pansori heungboga/01-seongchangsun(chang),gimdeuksu(gosu)-heungboga.csv",train
madang5/heungboga/seonguhyang/pan-0-020 seongchangsun pansori moeum/02-seongchangsun-heungboga(baktaryeong).csv,train
madang5/heungboga/seonguhyang/pan-heung-012-013 seonguhyang heungboga 1977nyeon gongyeonsilhwang/pan-heung-012 seonguhyang heungboga 1977nyeon gongyeonsilhwang CD1/01-seonguhyang-heungboga_choip~nolbo simsultaryeong.csv,train
madang5/heungboga/seonguhyang/pan-heung-012-013 seonguhyang heungboga 1977nyeon gongyeonsilhwang/pan-heung-012 seonguhyang heungboga 1977nyeon gongyeonsilhwang CD1/02-seonguhyang-heungboga_heungbo jjotgyeo naneun de.csv,valid
madang5/heungboga/seonguhyang/pan-heung-012-013 seonguhyang heungboga 1977nyeon gongyeonsilhwang/pan-heung-012 seonguhyang heungboga 1977nyeon gongyeonsilhwang CD1/03-seonguhyang-heungboga_heungbo manura tansik.csv,train
madang5/heungboga/seonguhyang/pan-heung-012-013 seonguhyang heungboga 1977nyeon gongyeonsilhwang/pan-heung-012 seonguhyang heungboga 1977nyeon gongyeonsilhwang CD1/04-seonguhyang-heungboga_heungboga hwanjaseomeul eodeureo hobangeul chajagatdaga datnyangeul bada gwiga.csv,train
madang5/heungboga/seonguhyang/pan-heung-012-013 seonguhyang heungboga 1977nyeon gongyeonsilhwang/pan-heung-012 seonguhyang heungboga 1977nyeon gongyeonsilhwang CD1/05-seonguhyang-heungboga_heungbo maepum palreogatdaga gwiga.csv,test
madang5/heungboga/seonguhyang/pan-heung-012-013 seonguhyang heungboga 1977nyeon gongyeonsilhwang/pan-heung-012 seonguhyang heungboga 1977nyeon gongyeonsilhwang CD1/06-seonguhyang-heungboga_heungboga nolbuege goksigeul eodeureo gatdaga gwiga.csv,train
madang5/heungboga/seonguhyang/pan-heung-012-013 seonguhyang heungboga 1977nyeon gongyeonsilhwang/pan-heung-012 seonguhyang heungboga 1977nyeon gongyeonsilhwang CD1/07-seonguhyang-heungboga_doseungi heungboege jipteoreul jabajuneun de.csv,train
madang5/heungboga/seonguhyang/pan-heung-012-013 seonguhyang heungboga 1977nyeon gongyeonsilhwang/pan-heung-012 seonguhyang heungboga 1977nyeon gongyeonsilhwang CD1/08-seonguhyang-heungboga_heungboga bureojin jebi darireul gochyeojuneun de.csv,train
madang5/heungboga/seonguhyang/pan-heung-012-013 seonguhyang heungboga 1977nyeon gongyeonsilhwang/pan-heung-012 seonguhyang heungboga 1977nyeon gongyeonsilhwang CD1/09-seonguhyang-heungboga_heungbo jebinojeonggi.csv,train
madang5/heungboga/seonguhyang/pan-heung-012-013 seonguhyang heungboga 1977nyeon gongyeonsilhwang/pan-heung-013 seonguhyang heungboga 1977nyeon gongyeonsilhwang CD2/01-seonguhyang-heungboga_ganantaryeong~dontaryeong.csv,train
madang5/heungboga/seonguhyang/pan-heung-012-013 seonguhyang heungboga 1977nyeon gongyeonsilhwang/pan-heung-013 seonguhyang heungboga 1977nyeon gongyeonsilhwang CD2/02-seonguhyang-heungboga_bidantaryeong.csv,train
madang5/heungboga/seonguhyang/pan-heung-012-013 seonguhyang heungboga 1977nyeon gongyeonsilhwang/pan-heung-013 seonguhyang heungboga 1977nyeon gongyeonsilhwang CD2/03-seonguhyang-heungboga_heungbojip jitneun de.csv,valid
madang5/heungboga/seonguhyang/pan-heung-012-013 seonguhyang heungboga 1977nyeon gongyeonsilhwang/pan-heung-013 seonguhyang heungboga 1977nyeon gongyeonsilhwang CD2/04-seonguhyang-heungboga_nolboga heungbojibeul chajaganeun de.csv,train
madang5/heungboga/seonguhyang/pan-heung-012-013 seonguhyang heungboga 1977nyeon gongyeonsilhwang/pan-heung-013 seonguhyang heungboga 1977nyeon gongyeonsilhwang CD2/05-seonguhyang-heungboga_hwachojangtaryeong.csv,train
madang5/heungboga/seonguhyang/pan-heung-012-013 seonguhyang heungboga 1977nyeon gongyeonsilhwang/pan-heung-013 seonguhyang heungboga 1977nyeon gongyeonsilhwang CD2/06-seonguhyang-heungboga_jebi hurireo naganeun de.csv,train
madang5/heungboga/seonguhyang/pan-heung-012-013 seonguhyang heungboga 1977nyeon gongyeonsilhwang/pan-heung-013 seonguhyang heungboga 1977nyeon gongyeonsilhwang CD2/07-seonguhyang-heungboga_nolboga jebi darireul bureotteurigo gochyeojuneun de.csv,train
madang5/heungboga/seonguhyang/pan-heung-012-013 seonguhyang heungboga 1977nyeon gongyeonsilhwang/pan-heung-013 seonguhyang heungboga 1977nyeon gongyeonsilhwang CD2/08-seonguhyang-heungboga_nolbo jebinojeonggi.csv,train
madang5/heungboga/seonguhyang/pan-heung-012-013 seonguhyang heungboga 1977nyeon gongyeonsilhwang/pan-heung-013 seonguhyang heungboga 1977nyeon gongyeonsilhwang CD2/09-seonguhyang-heungboga_nolbo jebiga nolboege boksu bakssireul mureoda juneun de~bagi jarananeun de.csv,test
madang5/heungboga/seonguhyang/pan-heung-012-013 seonguhyang heungboga 1977nyeon gongyeonsilhwang/pan-heung-013 seonguhyang heungboga 1977nyeon gongyeonsilhwang CD2/10-seonguhyang-heungboga_nolboui cheotbeonjjae bageseo han noin naoneun de.csv,train
madang5/heungboga/seonguhyang/pan-heung-012-013 seonguhyang heungboga 1977nyeon gongyeonsilhwang/pan-heung-013 seonguhyang heungboga 1977nyeon gongyeonsilhwang CD2/11-seonguhyang-heungboga_nolboui nameoji bageseo namsadangpaewa jangbi deungi naoneun de~kkeut.csv,train
madang5/heungboga/songmangap/pan-chun-038 pansori5myeongchang/07-songmangap-baktaryeong(heungbogajung).csv,valid
madang5/heungboga/songmangap/songmangap songgideok(1913)-seonyeongakhoe/Nip6107-baktaryeong-songmangap-(seonyeongakhoe).csv,train
madang5/heungboga/wanggiseok/wanggiseok pansorisegye/01-wanggiseok-danga_baekbalga.csv,train
madang5/heungboga/wanggiseok/wanggiseok pansorisegye/02-wanggiseok-heungboga jung_maepum palreoganeun daemok.csv,train
"madang5/heungboga/yumiri/pan-0-023 chasedae myeongin yumiri pansorinundaemok/02-yumiri-heungboga jung jebinojeonggi daemok(dongpyeon,bakrokjuje).csv",train
madang5/heungboga/yuyeongae/pan-heung-016-017 yuyeongae heungboga/pan-heung-016 yuyeongae heungboga I/01-yuyeongae-danga-baekgusa.csv,train
madang5/heungboga/yuyeongae/pan-heung-016-017 yuyeongae heungboga/pan-heung-016 yuyeongae heungboga I/02-yuyeongae-heungboga_choip~nolboege jjotgyeo naneunde.csv,valid
madang5/heungboga/yuyeongae/pan-heung-016-017 yuyeongae heungboga/pan-heung-016 yuyeongae heungboga I/03-yuyeongae-heungboga_heungbo eupnae naganeunde.csv,train
madang5/heungboga/yuyeongae/pan-heung-016-017 yuyeongae heungboga/pan-heung-016 yuyeongae heungboga I/04-yuyeongae-heungboga_maepum pal moyangeuro don bada oneunde.csv,train
"madang5/heungboga/yuyeongae/pan-heung-016-017 yuyeongae heungboga/pan-heung-016 yuyeongae heungboga I/05-yuyeongae-heungboga_heungbo, maepum palreo ganeunde.csv",train
madang5/heungboga/yuyeongae/pan-heung-016-017 yuyeongae heungboga/pan-heung-016 yuyeongae heungboga I/06-yuyeongae-heungboga_pum mot palgo deureowa nolbone geonneo ganeunde.csv,valid
"madang5/heungboga/yuyeongae/pan-heung-016-017 yuyeongae heungboga/pan-heung-016 yuyeongae heungboga I/07-yuyeongae-heungboga_nolbo, chajaon heungbo moreuncheok haneunde.csv",train
madang5/heungboga/yuyeongae/pan-heung-016-017 yuyeongae heungboga/pan-heung-016 yuyeongae heungboga I/08-yuyeongae-heungboga_geommogeuro heungbo ttaerineunde.csv,train
"madang5/heungboga/yuyeongae/pan-heung-016-017 yuyeongae heungboga/pan-heung-016 yuyeongae heungboga I/09-yuyeongae-heungboga_heungbo, hyeongsuhante mae matneunde.csv",train
madang5/heungboga/yuyeongae/pan-heung-016-017 yuyeongae heungboga/pan-heung-016 yuyeongae heungboga I/10-yuyeongae-heungboga_ jung naryeo oneunde.csv,train
madang5/heungboga/yuyeongae/pan-heung-016-017 yuyeongae heungboga/pan-heung-017 yuyeongae heungboga II/01-yuyeongae-heungboga_jungi jipteo jaba juneunde.csv,test
madang5/heungboga/yuyeongae/pan-heung-016-017 yuyeongae heungboga/pan-heung-017 yuyeongae heungboga II/02-yuyeongae-heungboga_heungboga jebi dari gochyeo juneunde.csv,train
madang5/heungboga/yuyeongae/pan-heung-016-017 yuyeongae heungboga/pan-heung-017 yuyeongae heungboga II/03-yuyeongae-heungboga_boeunpyo bakssi mureoda juneunde(jebi nojeonggi).csv,train
"madang5/heungboga/yuyeongae/pan-heung-016-017 yuyeongae heungboga/pan-heung-017 yuyeongae heungboga II/04-yuyeongae-heungboga_ganantaryeong, bak taneunde.csv",train
madang5/heungboga/yuyeongae/pan-heung-016-017 yuyeongae heungboga/pan-heung-017 yuyeongae heungboga II/05-yuyeongae-heungboga_bageseo ssalgwa don naoneunde.csv,train
madang5/heungboga/yuyeongae/pan-heung-016-017 yuyeongae heungboga/pan-heung-017 yuyeongae heungboga II/06-yuyeongae-heungboga_bageseo bidan naoneunde.csv,train
madang5/heungboga/yuyeongae/pan-heung-016-017 yuyeongae heungboga/pan-heung-017 yuyeongae heungboga II/07-yuyeongae-heungboga_heungbo jip jitneunde.csv,train
"madang5/heungboga/yuyeongae/pan-heung-016-017 yuyeongae heungboga/pan-heung-017 yuyeongae heungboga II/08-yuyeongae-heungboga_nolbo, heungbo jip chajawa eumsik daejeop batneunde.csv",train
"madang5/heungboga/yuyeongae/pan-heung-016-017 yuyeongae heungboga/pan-heung-017 yuyeongae heungboga II/09-yuyeongae-heungboga_nolbo, hwachojang eodeo ganeunde.csv",train
"madang5/heungboga/yuyeongae/pan-heung-016-017 yuyeongae heungboga/pan-heung-017 yuyeongae heungboga II/10-yuyeongae-heungboga_nolbo, jebi hurireo naganeunde.csv",train
madang5/jeokbyeokga/ansukseon/pan-jeok-011 ansukseon jeokbyeokga/pan-jeok-011 ansukseon jeokbyeokga 1/01-ansukseon-jeokbyeokga_dowongyeorui.csv,train
madang5/jeokbyeokga/ansukseon/pan-jeok-011 ansukseon jeokbyeokga/pan-jeok-011 ansukseon jeokbyeokga 1/02-ansukseon-jeokbyeokga_samgochoryeo_dangdanghan yuhyeonju.csv,train
madang5/jeokbyeokga/ansukseon/pan-jeok-011 ansukseon jeokbyeokga/pan-jeok-011 ansukseon jeokbyeokga 1/03-ansukseon-jeokbyeokga_samgochoryeo_chodang buljireuneun de.csv,train
madang5/jeokbyeokga/ansukseon/pan-jeok-011 ansukseon jeokbyeokga/pan-jeok-011 ansukseon jeokbyeokga 1/04-ansukseon-jeokbyeokga_samgochoryeo_seoaneul tangtang.csv,train
madang5/jeokbyeokga/ansukseon/pan-jeok-011 ansukseon jeokbyeokga/pan-jeok-011 ansukseon jeokbyeokga 1/05-ansukseon-jeokbyeokga_jangpangyo ssaum.csv,train
madang5/jeokbyeokga/ansukseon/pan-jeok-011 ansukseon jeokbyeokga/pan-jeok-011 ansukseon jeokbyeokga 1/06-ansukseon-jeokbyeokga_jaryong adu guhaneun de.csv,train
madang5/jeokbyeokga/ansukseon/pan-jeok-011 ansukseon jeokbyeokga/pan-jeok-011 ansukseon jeokbyeokga 1/07-ansukseon-jeokbyeokga_gongmyeong onara ganeun de.csv,valid
madang5/jeokbyeokga/ansukseon/pan-jeok-011 ansukseon jeokbyeokga/pan-jeok-011 ansukseon jeokbyeokga 1/08-ansukseon-jeokbyeokga_cheonyeo cheok jeonseon moa.csv,train
madang5/jeokbyeokga/ansukseon/pan-jeok-011 ansukseon jeokbyeokga/pan-jeok-011 ansukseon jeokbyeokga 1/09-ansukseon-jeokbyeokga_gunsaseoreum_godangsang.csv,train
madang5/jeokbyeokga/ansukseon/pan-jeok-011 ansukseon jeokbyeokga/pan-jeok-011 ansukseon jeokbyeokga 1/10-ansukseon-jeokbyeokga_gunsaseoreum_jasik saenggak.csv,train
madang5/jeokbyeokga/ansukseon/pan-jeok-011 ansukseon jeokbyeokga/pan-jeok-011 ansukseon jeokbyeokga 1/11-ansukseon-jeokbyeokga_gunsaseoreum_anae saenggak.csv,train
"madang5/jeokbyeokga/ansukseon/pan-jeok-011 ansukseon jeokbyeokga/pan-jeok-011 ansukseon jeokbyeokga 1/12-ansukseon-jeokbyeokga_wigukja bulgoga,ssaumtaryeong.csv",train
madang5/jeokbyeokga/ansukseon/pan-jeok-011 ansukseon jeokbyeokga/pan-jeok-011 ansukseon jeokbyeokga 2/01-ansukseon-jeokbyeokga_jojo gunsa bunbalhaneun de.csv,train
madang5/jeokbyeokga/ansukseon/pan-jeok-011 ansukseon jeokbyeokga/pan-jeok-011 ansukseon jeokbyeokga 2/02-ansukseon-jeokbyeokga_dongnampung bineun de.csv,train
madang5/jeokbyeokga/ansukseon/pan-jeok-011 ansukseon jeokbyeokga/pan-jeok-011 ansukseon jeokbyeokga 2/03-ansukseon-jeokbyeokga_jojaryong hwal ssoneun de.csv,train
madang5/jeokbyeokga/ansukseon/pan-jeok-011 ansukseon jeokbyeokga/pan-jeok-011 ansukseon jeokbyeokga 2/04-ansukseon-jeokbyeokga_gamnyeongeun chaejung hangjol.csv,train
madang5/jeokbyeokga/ansukseon/pan-jeok-011 ansukseon jeokbyeokga/pan-jeok-011 ansukseon jeokbyeokga 2/05-ansukseon-jeokbyeokga_han jangsu deureoonda.csv,train
madang5/jeokbyeokga/ansukseon/pan-jeok-011 ansukseon jeokbyeokga/pan-jeok-011 ansukseon jeokbyeokga 2/06-ansukseon-jeokbyeokga_hwanggae hwaseon.csv,train
madang5/jeokbyeokga/ansukseon/pan-jeok-011 ansukseon jeokbyeokga/pan-jeok-011 ansukseon jeokbyeokga 2/07-ansukseon-jeokbyeokga_jeokbyeokhwajeon.csv,train
madang5/jeokbyeokga/ansukseon/pan-jeok-011 ansukseon jeokbyeokga/pan-jeok-011 ansukseon jeokbyeokga 2/08-ansukseon-jeokbyeokga_saetaryeong.csv,train
madang5/jeokbyeokga/ansukseon/pan-jeok-011 ansukseon jeokbyeokga/pan-jeok-011 ansukseon jeokbyeokga 3/01-ansukseon-jeokbyeokga_orime jaryong naoneun de.csv,train
madang5/jeokbyeokga/ansukseon/pan-jeok-011 ansukseon jeokbyeokga/pan-jeok-011 ansukseon jeokbyeokga 3/02-ansukseon-jeokbyeokga_jangbi naoneun de.csv,train
madang5/jeokbyeokga/ansukseon/pan-jeok-011 ansukseon jeokbyeokga/pan-jeok-011 ansukseon jeokbyeokga 3/03-ansukseon-jeokbyeokga_jangseungtaryeong.csv,train
madang5/jeokbyeokga/ansukseon/pan-jeok-011 ansukseon jeokbyeokga/pan-jeok-011 ansukseon jeokbyeokga 3/04-ansukseon-jeokbyeokga_gunsajeomgo_heomujeogi.csv,train
"madang5/jeokbyeokga/ansukseon/pan-jeok-011 ansukseon jeokbyeokga/pan-jeok-011 ansukseon jeokbyeokga 3/05-ansukseon-jeokbyeokga_gunsajeomgo_golraejong,jeondongdari.csv",test
madang5/jeokbyeokga/ansukseon/pan-jeok-011 ansukseon jeokbyeokga/pan-jeok-011 ansukseon jeokbyeokga 3/06-ansukseon-jeokbyeokga_gwanunjang naoneun de.csv,train
madang5/jeokbyeokga/ansukseon/pan-jeok-011 ansukseon jeokbyeokga/pan-jeok-011 ansukseon jeokbyeokga 3/07-ansukseon-jeokbyeokga_jojo gwangongkke bineun de.csv,train
madang5/jeokbyeokga/ansukseon/pan-jeok-011 ansukseon jeokbyeokga/pan-jeok-011 ansukseon jeokbyeokga 3/08-ansukseon-jeokbyeokga_gwangong jojo kkujitneun de.csv,train
madang5/jeokbyeokga/ansukseon/pan-jeok-011 ansukseon jeokbyeokga/pan-jeok-011 ansukseon jeokbyeokga 3/09-ansukseon-jeokbyeokga_gwanunjang jojo pureojuneun de.csv,train
madang5/jeokbyeokga/ansukseon/pan-jeok-011 ansukseon jeokbyeokga/pan-jeok-011 ansukseon jeokbyeokga 3/10-ansukseon-jeokbyeokga_deojildeojil.csv,test
madang5/jeokbyeokga/bakbongsul/sabon - beuritaenikeopansori/bakbongsul jeokbyeokga wanchang hanseungho bukgimmyeonghwan.csv,train
"madang5/jeokbyeokga/bakdongjin/pan-0-011 bakdongjin myeongchangui batangsoriro deutneun pansori giljabi/03-bakdongjin-jeokbyeokga jung gunsa seoreumtaryeong(anae saenggakhamyeo uneun gunsa)_aniri,jungmori.csv",test
madang5/jeokbyeokga/bakdongjin/pan-0-011 bakdongjin myeongchangui batangsoriro deutneun pansori giljabi/09-bakdongjin-jeokbyeokga jung gongmyeongi chokhaneseo jakjeonmyeongryeongeul naerineun daemok_eotmori.csv,train
madang5/jeokbyeokga/bakdongjin/pan-jeok-008 bakdongjin pansori daseotmadang-5 jeokbyeokga/01-bakdongjin-jeokbyeokga_gongmyeongbaegun.csv,train
madang5/jeokbyeokga/bakdongjin/pan-jeok-008 bakdongjin pansori daseotmadang-5 jeokbyeokga/02-bakdongjin-jeokbyeokga_jeokbyeokdaejeon.csv,valid
madang5/jeokbyeokga/bakdongjin/pan-jeok-008 bakdongjin pansori daseotmadang-5 jeokbyeokga/03-bakdongjin-jeokbyeokga_saetaryeong.csv,train
madang5/jeokbyeokga/bakdongjin/pan-jeok-008 bakdongjin pansori daseotmadang-5 jeokbyeokga/04-bakdongjin-jeokbyeokga_jojoga jojaryongege jjotgyeo domangganeunde.csv,train
"madang5/jeokbyeokga/baksonghui/pan-chun-029 myeonginmyeongchang(5) pansori 3myeongchang(choeseunghui,seonguhyang,baksonghui) teukbyeolgongyeon silhwang/03-baksonghui-pansori jeokbyeokga choip~samgochoryeo(bakbongsulje).csv",train
madang5/jeokbyeokga/bangjingwan/pan-0-014 bikteo yuseonggi wonban sirijeu 13 30nyeondae pansori geoljakjip/09-bangjingwan-jeokbyeokga jung samgochoryeo.csv,train
madang5/jeokbyeokga/bangjingwan/pan-0-014 bikteo yuseonggi wonban sirijeu 13 30nyeondae pansori geoljakjip/10-bangjingwan-jeokbyeokga jung gunsa seorumtaryeong(anae saenggak).csv,train
madang5/jeokbyeokga/chaesujeong/chaesujeongui jeokbyeokga/chaesujeongui jeokbyeokga(1)/dowongyeorui jungmeori.csv,valid
madang5/jeokbyeokga/chaesujeong/chaesujeongui jeokbyeokga/chaesujeongui jeokbyeokga(1)/gongmyeong dongnampung giwon jajinmeori.csv,train
madang5/jeokbyeokga/chaesujeong/chaesujeongui jeokbyeokga/chaesujeongui jeokbyeokga(1)/gongmyeong dongoro geonneogam jungmeori.csv,train
madang5/jeokbyeokga/chaesujeong/chaesujeongui jeokbyeokga/chaesujeongui jeokbyeokga(1)/gongmyeong hasan jungmeori.csv,train
madang5/jeokbyeokga/chaesujeong/chaesujeongui jeokbyeokga/chaesujeongui jeokbyeokga(1)/gongmyeongui yubi yeongjeop jungmeori.csv,valid
madang5/jeokbyeokga/chaesujeong/chaesujeongui jeokbyeokga/chaesujeongui jeokbyeokga(1)/gunsa hogi jungjungmeori.csv,train
madang5/jeokbyeokga/chaesujeong/chaesujeongui jeokbyeokga/chaesujeongui jeokbyeokga(1)/gunsa jeomgo jungmeori.csv,train
madang5/jeokbyeokga/chaesujeong/chaesujeongui jeokbyeokga/chaesujeongui jeokbyeokga(1)/gunsa seorum taryeong anae saenggak jungmeori.csv,valid
madang5/jeokbyeokga/chaesujeong/chaesujeongui jeokbyeokga/chaesujeongui jeokbyeokga(1)/gunsa seorum taryeong bumo saenggak changjo.csv,train
madang5/jeokbyeokga/chaesujeong/chaesujeongui jeokbyeokga/chaesujeongui jeokbyeokga(1)/gunsa seorum taryeong bumo saenggak jinyang.csv,train
madang5/jeokbyeokga/chaesujeong/chaesujeongui jeokbyeokga/chaesujeongui jeokbyeokga(1)/gunsa seorum taryeong jasik saenggak jungjungmori.csv,train
madang5/jeokbyeokga/chaesujeong/chaesujeongui jeokbyeokga/chaesujeongui jeokbyeokga(1)/gunsadeul noneun moyang jungmeori.csv,train
madang5/jeokbyeokga/chaesujeong/chaesujeongui jeokbyeokga/chaesujeongui jeokbyeokga(1)/gwanu haenggun jajinmeori.csv,test
madang5/jeokbyeokga/chaesujeong/chaesujeongui jeokbyeokga/chaesujeongui jeokbyeokga(1)/gwanu hangui eotmeori.csv,train
madang5/jeokbyeokga/chaesujeong/chaesujeongui jeokbyeokga/chaesujeongui jeokbyeokga(1)/gwanu horyeong changjo 1.csv,train
madang5/jeokbyeokga/chaesujeong/chaesujeongui jeokbyeokga/chaesujeongui jeokbyeokga(1)/gwanu horyeong changjo 2.csv,train
madang5/jeokbyeokga/chaesujeong/chaesujeongui jeokbyeokga/chaesujeongui jeokbyeokga(1)/gwanu horyeong changjo 3.csv,train
madang5/jeokbyeokga/chaesujeong/chaesujeongui jeokbyeokga/chaesujeongui jeokbyeokga(1)/gwanu horyeong jungjungmori.csv,train
madang5/jeokbyeokga/chaesujeong/chaesujeongui jeokbyeokga/chaesujeongui jeokbyeokga(1)/gwanu horyeong jungmori.csv,train
madang5/jeokbyeokga/chaesujeong/chaesujeongui jeokbyeokga/chaesujeongui jeokbyeokga(1)/gwanuga jojoreul salryeojum eotjungmeori.csv,train
madang5/jeokbyeokga/chaesujeong/chaesujeongui jeokbyeokga/chaesujeongui jeokbyeokga(1)/gwanuga jojoreul salryeojum jungmeori.csv,train
madang5/jeokbyeokga/chaesujeong/chaesujeongui jeokbyeokga/chaesujeongui jeokbyeokga(1)/saetaryeong jungmeori.csv,train
madang5/jeokbyeokga/chaesujeong/chaesujeongui jeokbyeokga/chaesujeongui jeokbyeokga(1)/samgochoryeo jinyang.csv,valid
madang5/jeokbyeokga/chaesujeong/chaesujeongui jeokbyeokga/chaesujeongui jeokbyeokga(1)/samgochoryeo jungjungmeori.csv,train
madang5/jeokbyeokga/chaesujeong/chaesujeongui jeokbyeokga/chaesujeongui jeokbyeokga(1)/samgochoryeo jungmeori.csv,train
madang5/jeokbyeokga/chaesujeong/chaesujeongui jeokbyeokga/chaesujeongui jeokbyeokga(1)/ssaum taryeong jungmeori.csv,train
madang5/jeokbyeokga/chaesujeong/chaesujeongui jeokbyeokga/chaesujeongui jeokbyeokga(2)/hwagong changjo.csv,train
madang5/jeokbyeokga/chaesujeong/chaesujeongui jeokbyeokga/chaesujeongui jeokbyeokga(2)/hwagong jajinmeori.csv,train
madang5/jeokbyeokga/chaesujeong/chaesujeongui jeokbyeokga/chaesujeongui jeokbyeokga(2)/jangpangyo daejeon eotmeori.csv,train
madang5/jeokbyeokga/chaesujeong/chaesujeongui jeokbyeokga/chaesujeongui jeokbyeokga(2)/jangseung taryeong jungjungmeori.csv,valid
madang5/jeokbyeokga/chaesujeong/chaesujeongui jeokbyeokga/chaesujeongui jeokbyeokga(2)/jeongukgwa jojo gunsa tansik jungmeori.csv,train
madang5/jeokbyeokga/chaesujeong/chaesujeongui jeokbyeokga/chaesujeongui jeokbyeokga(2)/jojaryong du buin guchul danjungmeori.csv,train
madang5/jeokbyeokga/chaesujeong/chaesujeongui jeokbyeokga/chaesujeongui jeokbyeokga(2)/jojaryong du buin guchul jajinmeori.csv,train
madang5/jeokbyeokga/chaesujeong/chaesujeongui jeokbyeokga/chaesujeongui jeokbyeokga(2)/jojo gunsa daejeok jungmeori.csv,train
madang5/jeokbyeokga/chaesujeong/chaesujeongui jeokbyeokga/chaesujeongui jeokbyeokga(2)/jojo gunsa jeomgo golraejongijeondongdarigumeoksoe eotmeori .csv,train
madang5/jeokbyeokga/chaesujeong/chaesujeongui jeokbyeokga/chaesujeongui jeokbyeokga(2)/jojo gunsa jeomgo golraejongijeondongdarigumeoksoe jajinmeori.csv,train
madang5/jeokbyeokga/chaesujeong/chaesujeongui jeokbyeokga/chaesujeongui jeokbyeokga(2)/jojo gunsa jeomgo golraejongijeondongdarigumeoksoe jungjungmeori.csv,valid
madang5/jeokbyeokga/chaesujeong/chaesujeongui jeokbyeokga/chaesujeongui jeokbyeokga(2)/jojo gunsa jeomgo golraejongijeondongdarigumeoksoe jungmeori.csv,train
madang5/jeokbyeokga/chaesujeong/chaesujeongui jeokbyeokga/chaesujeongui jeokbyeokga(2)/jojo hogi _ yeonhwangye jinyang.csv,train
madang5/jeokbyeokga/chaesujeong/chaesujeongui jeokbyeokga/chaesujeongui jeokbyeokga(2)/jojo jangdam jungmeori 1.csv,valid
madang5/jeokbyeokga/chaesujeong/chaesujeongui jeokbyeokga/chaesujeongui jeokbyeokga(2)/jojo jangdam jungmeori 2.csv,valid
madang5/jeokbyeokga/chaesujeong/chaesujeongui jeokbyeokga/chaesujeongui jeokbyeokga(2)/jojo jangsu bunbalgwa juyu tansik jungmeori.csv,train
"madang5/jeokbyeokga/chaesujeong/chaesujeongui jeokbyeokga/chaesujeongui jeokbyeokga(2)/jojo, jojaryong pihae domang eotmeori.csv",train
"madang5/jeokbyeokga/chaesujeong/chaesujeongui jeokbyeokga/chaesujeongui jeokbyeokga(2)/jojo, jojaryong pihae domang jinyang.csv",valid
madang5/jeokbyeokga/chaesujeong/chaesujeongui jeokbyeokga/chaesujeongui jeokbyeokga(2)/juchangui jaechok jajinmeori.csv,train
"madang5/jeokbyeokga/chaesujeong/chaesujeongui jeokbyeokga/chaesujeongui jeokbyeokga(2)/juyuwa gongmyeong, jejang bunbal jungmeori.csv",train
madang5/jeokbyeokga/chaesujeong/chaesujeongui jeokbyeokga/chaesujeongui jeokbyeokga(2)/ojak nambi changjo.csv,train
madang5/jeokbyeokga/chaesujeong/chaesujeongui jeokbyeokga/chaesujeongui jeokbyeokga(2)/ojak nambi jajinmeori.csv,train
madang5/jeokbyeokga/chaesujeong/chaesujeongui jeokbyeokga/chaesujeongui jeokbyeokga(2)/orim paeju jungmeori.csv,train
madang5/jeokbyeokga/chaesujeong/chaesujeongui jeokbyeokga/chaesujeongui jeokbyeokga(2)/ssaum taryeong jinyang.csv,train
madang5/jeokbyeokga/chaesujeong/chaesujeongui jeokbyeokga/chaesujeongui jeokbyeokga(2)/yubi gancheong changjo.csv,train
madang5/jeokbyeokga/chaesujeong/chaesujeongui jeokbyeokga/chaesujeongui jeokbyeokga(2)/yubi gancheong jinyang.csv,train
madang5/jeokbyeokga/gangdogeun/gangdogeun jeokbyeokga/01-gangdogeun-jeokbyeokga_gongmyeong dongnampung bineun daemok.csv,test
madang5/jeokbyeokga/gangdogeun/gangdogeun jeokbyeokga/02-gangdogeun-jeokbyeokga_jaryong hwal ssoneun daemok.csv,train
madang5/jeokbyeokga/gangdogeun/gangdogeun jeokbyeokga/03-gangdogeun-jeokbyeokga_gongmyeong jejang bunbal.csv,train
madang5/jeokbyeokga/gangdogeun/gangdogeun jeokbyeokga/04-gangdogeun-jeokbyeokga_jeokbyeokdaejeon(jeokbyeokgang buljireuneun daemok).csv,test
madang5/jeokbyeokga/gangdogeun/gangdogeun jeokbyeokga/05-gangdogeun-jeokbyeokga_saetaryeong.csv,train
madang5/jeokbyeokga/gimilgu/pan-0-026 deugeum Vol.2 jeonju daesaseup pansori myeongchangbu jangwonja nundaemok2/02-gimilgu-jeokbyeokga_jeokbyeok daejeoneseo jojo domangganeunde.csv,train
madang5/jeokbyeokga/gimilgu/pan-jeok-003-005 gimilgu jeokbyeokga/pan-jeok-003 gimilgu jeokbyeokga I/01-gimilgu-danga_gangsangpungwol.csv,train
madang5/jeokbyeokga/gimilgu/pan-jeok-003-005 gimilgu jeokbyeokga/pan-jeok-003 gimilgu jeokbyeokga I/02-gimilgu-jeokbyeokga_choip~se hyeongje gyeorui haneunde.csv,train
madang5/jeokbyeokga/gimilgu/pan-jeok-003-005 gimilgu jeokbyeokga/pan-jeok-003 gimilgu jeokbyeokga I/03-gimilgu-jeokbyeokga_samgochoryeo chaja ganeunde.csv,train
"madang5/jeokbyeokga/gimilgu/pan-jeok-003-005 gimilgu jeokbyeokga/pan-jeok-003 gimilgu jeokbyeokga I/04-gimilgu-jeokbyeokga_gongmyeong,yubi tteut bada deurineunde.csv",train
"madang5/jeokbyeokga/gimilgu/pan-jeok-003-005 gimilgu jeokbyeokga/pan-jeok-003 gimilgu jeokbyeokga I/05-gimilgu-jeokbyeokga_gongmyeong,onararo deureoganeunde.csv",valid
"madang5/jeokbyeokga/gimilgu/pan-jeok-003-005 gimilgu jeokbyeokga/pan-jeok-003 gimilgu jeokbyeokga I/06-gimilgu-jeokbyeokga_jojo,janchi bepureo gunsadeul yonggi bukdotneunde.csv",train
madang5/jeokbyeokga/gimilgu/pan-jeok-003-005 gimilgu jeokbyeokga/pan-jeok-003 gimilgu jeokbyeokga I/07-gimilgu-jeokbyeokga_gunsadeul swimyeo meokgo noneunde.csv,train
madang5/jeokbyeokga/gimilgu/pan-jeok-003-005 gimilgu jeokbyeokga/pan-jeok-003 gimilgu jeokbyeokga I/08-gimilgu-jeokbyeokga_seorumtaryeong haneunde.csv,train
madang5/jeokbyeokga/gimilgu/pan-jeok-003-005 gimilgu jeokbyeokga/pan-jeok-004 gimilgu jeokbyeokga II/01-gimilgu-jeokbyeokga_gunsadeuri ssaumtaryeong haneunde.csv,train
madang5/jeokbyeokga/gimilgu/pan-jeok-003-005 gimilgu jeokbyeokga/pan-jeok-004 gimilgu jeokbyeokga II/02-gimilgu-jeokbyeokga_jojoga ssaumeul jaechok haneunde.csv,train
madang5/jeokbyeokga/gimilgu/pan-jeok-003-005 gimilgu jeokbyeokga/pan-jeok-004 gimilgu jeokbyeokga II/03-gimilgu-jeokbyeokga_nambyeongsan olra barameul bineunde.csv,train
madang5/jeokbyeokga/gimilgu/pan-jeok-003-005 gimilgu jeokbyeokga/pan-jeok-004 gimilgu jeokbyeokga II/04-gimilgu-jeokbyeokga_gongmyeongi yeoreo jangguneul baechi haneunde.csv,train
madang5/jeokbyeokga/gimilgu/pan-jeok-003-005 gimilgu jeokbyeokga/pan-jeok-004 gimilgu jeokbyeokga II/05-gimilgu-jeokbyeokga_jeokbyeokgange bul jireuneunde.csv,train
madang5/jeokbyeokga/gimilgu/pan-jeok-003-005 gimilgu jeokbyeokga/pan-jeok-004 gimilgu jeokbyeokga II/06-gimilgu-jeokbyeokga_jugeun gunsa honryeongi saega doeeo natananeunde.csv,train
madang5/jeokbyeokga/gimilgu/pan-jeok-003-005 gimilgu jeokbyeokga/pan-jeok-005 gimilgu jeokbyeokga III/01-gimilgu-jeokbyeokga_jojoga domangchimyeonseo tansikhaneunde.csv,train
madang5/jeokbyeokga/gimilgu/pan-jeok-003-005 gimilgu jeokbyeokga/pan-jeok-005 gimilgu jeokbyeokga III/02-gimilgu-jeokbyeokga_jichin gunsadeuri tansikhamyeo uneunde.csv,test
madang5/jeokbyeokga/gimilgu/pan-jeok-003-005 gimilgu jeokbyeokga/pan-jeok-005 gimilgu jeokbyeokga III/03-gimilgu-jeokbyeokga_kkumsogeseo jangseung eogulham hosohaneunde.csv,train
madang5/jeokbyeokga/gimilgu/pan-jeok-003-005 gimilgu jeokbyeokga/pan-jeok-005 gimilgu jeokbyeokga III/04-gimilgu-jeokbyeokga_golnaejongi byeongsindoeeo deureo oneunde.csv,train
madang5/jeokbyeokga/gimilgu/pan-jeok-003-005 gimilgu jeokbyeokga/pan-jeok-005 gimilgu jeokbyeokga III/05-gimilgu-jeokbyeokga_gwanu maebokhada jojo gonggyeokhaneunde.csv,train
"madang5/jeokbyeokga/gimilgu/pan-jeok-003-005 gimilgu jeokbyeokga/pan-jeok-005 gimilgu jeokbyeokga III/06-gimilgu-jeokbyeokga_jojo,salryeo dalrago bineunde.csv",train
"madang5/jeokbyeokga/gimilgu/pan-jeok-003-005 gimilgu jeokbyeokga/pan-jeok-005 gimilgu jeokbyeokga III/07-gimilgu-jeokbyeokga_jojo,sara naneunde~kkeutkkaji.csv",train
"madang5/jeokbyeokga/gimsohui/pan-0-017 bikteo yuseonggi wonban sirijeu 10 gimyeoran,gimsohui choginogeum seonjip/07-gimsohui-jeokbyeokga jung gunsa seorumtaryeong(bumo saenggak).csv",train
"madang5/jeokbyeokga/gimsohui/pan-0-017 bikteo yuseonggi wonban sirijeu 10 gimyeoran,gimsohui choginogeum seonjip/08-gimsohui-jeokbyeokga jung gunsa seorumtaryeong(jasik saenggak).csv",train
"madang5/jeokbyeokga/gimsohyang/pan-0-007 SPsidaeui pansori yeoryu myeongchangdeul 4 baeseolhyang,gimsohyang,baksochun,jonongok/07-gimsohyang-jojo hwayongdo deureoganeun de.csv",train
madang5/jeokbyeokga/gimyeonsu/pan-0-015 bikteo yuseonggi wonban sirijeu 6 pansori inganmunhwajae gimyeonsu choginogeum seonjip/14-gimyeonsu-jeokbyeokga-orime jaryong chulhyeon.csv,train
madang5/jeokbyeokga/gimyeonsu/pan-0-015 bikteo yuseonggi wonban sirijeu 6 pansori inganmunhwajae gimyeonsu choginogeum seonjip/15-gimyeonsu-jeokbyeokga-paegun moineun de.csv,train
madang5/jeokbyeokga/gimyeonsu/pan-jeok-014 pansori myeongchang gimyeonsu jeokbyeokga/01-gimyeonsu-jeokbyeokga_jeokbyeokgange bul jireuneun de(jeokbyeokdaejeon).csv,test
madang5/jeokbyeokga/gimyeonsu/pan-jeok-014 pansori myeongchang gimyeonsu jeokbyeokga/02-gimyeonsu-jeokbyeokga_jojoga jojaryongege jjotgyeo domangganeun de.csv,train
madang5/jeokbyeokga/gimyeonsu/pan-jeok-014 pansori myeongchang gimyeonsu jeokbyeokga/03-gimyeonsu-jeokbyeokga_jojo gunsadeurui cheochamhan sinse.csv,train
madang5/jeokbyeokga/gimyeonsu/pan-jeok-014 pansori myeongchang gimyeonsu jeokbyeokga/04-gimyeonsu-jeokbyeokga_jojoga jangbingege jjotgyeo domangganeun de.csv,train
madang5/jeokbyeokga/gimyeonsu/pan-jeok-014 pansori myeongchang gimyeonsu jeokbyeokga/05-gimyeonsu-jeokbyeokga_jangseungtaryeong.csv,train
madang5/jeokbyeokga/gimyeonsu/pan-jeok-014 pansori myeongchang gimyeonsu jeokbyeokga/06-gimyeonsu-jeokbyeokga_jojoga ohanjin jangsureul heoltteutneun de.csv,train
madang5/jeokbyeokga/hapchang/myeonginmyeongchangseonjip(4) hwayongdo jeonjip(2)/01-jeongjeongryeol-jojo hogi burineunde.csv,train
madang5/jeokbyeokga/hapchang/myeonginmyeongchangseonjip(4) hwayongdo jeonjip(2)/02-jeongjeongryeol-gunsa seorumtaryeong(1).csv,train
madang5/jeokbyeokga/hapchang/myeonginmyeongchangseonjip(4) hwayongdo jeonjip(2)/03-idongbaek-gunsa seorumtaryeong(2).csv,train
madang5/jeokbyeokga/hapchang/myeonginmyeongchangseonjip(4) hwayongdo jeonjip(2)/04-gimchangryong-gunsa seorumtaryeong(3).csv,train
madang5/jeokbyeokga/hapchang/myeonginmyeongchangseonjip(4) hwayongdo jeonjip(2)/05-imsohyang-gunsa seorumtaryeong(4).csv,train
madang5/jeokbyeokga/hapchang/myeonginmyeongchangseonjip(4) hwayongdo jeonjip(2)/06-johakjin-gunsa seorumtaryeong(5).csv,test
"madang5/jeokbyeokga/hapchang/myeonginmyeongchangseonjip(4) hwayongdo jeonjip(2)/07-johakjin-jeokbyeokhwajeon(1,2).csv",train
"madang5/jeokbyeokga/hapchang/myeonginmyeongchangseonjip(4) hwayongdo jeonjip(2)/08-idongbaek-jojo tansik,jaryong mannaneunde.csv",train
"madang5/jeokbyeokga/hapchang/myeonginmyeongchangseonjip(4) hwayongdo jeonjip(2)/09-jeongjeongryeol,gimchangryong-jangbi mannaneunde.csv",train
madang5/jeokbyeokga/hapchang/myeonginmyeongchangseonjip(4) hwayongdo jeonjip(2)/10-jeongjeongryeol-gunsajeomgo(1).csv,train
madang5/jeokbyeokga/hapchang/myeonginmyeongchangseonjip(4) hwayongdo jeonjip(2)/11-idongbaek-gunsajeomgo(2).csv,train
"madang5/jeokbyeokga/hapchang/pan-0-033 hangugui jeontongeumak 40 jeokbyeokga/01-bakdongjin,bakbongsul,hanseungho-jeokbyeokga_samgochoryeo,gunsaseorum,jeokbyeokdaejeon,saetaryeong,jangseungtaryeong.csv",train
"madang5/jeokbyeokga/hapchang/pan-0-033 hangugui jeontongeumak 40 jeokbyeokga/02-bakdongjin,bakbongsul,hanseungho-jeokbyeokga_samgochoryeo,gunsaseorum,jeokbyeokdaejeon,saetaryeong,jangseungtaryeong.csv",train
"madang5/jeokbyeokga/hapchang/pan-jeok-015 polridol pan jeokbyeokga/pan-jeok-015 polridol pan jeokbyeokga CD1/01-jeongjeongryeol,idongbaek,gimchangryong,johakjin,imsohyang(chang),hanseongjun(gosu)-jeokbyeokga_samgochoryeo.csv",train
"madang5/jeokbyeokga/hapchang/pan-jeok-015 polridol pan jeokbyeokga/pan-jeok-015 polridol pan jeokbyeokga CD1/02-jeongjeongryeol,idongbaek,gimchangryong,johakjin,imsohyang(chang),hanseongjun(gosu)-jeokbyeokga_bakmangpa jeontu.csv",train
"madang5/jeokbyeokga/hapchang/pan-jeok-015 polridol pan jeokbyeokga/pan-jeok-015 polridol pan jeokbyeokga CD1/03-jeongjeongryeol,idongbaek,gimchangryong,johakjin,imsohyang(chang),hanseongjun(gosu)-jeokbyeokga_gongmyeong 10mangaeui hwasareul guham.csv",train
"madang5/jeokbyeokga/hapchang/pan-jeok-015 polridol pan jeokbyeokga/pan-jeok-015 polridol pan jeokbyeokga CD1/04-jeongjeongryeol,idongbaek,gimchangryong,johakjin,imsohyang(chang),hanseongjun(gosu)-jeokbyeokga_chilseongdan.csv",train
"madang5/jeokbyeokga/hapchang/pan-jeok-015 polridol pan jeokbyeokga/pan-jeok-015 polridol pan jeokbyeokga CD1/05-jeongjeongryeol,idongbaek,gimchangryong,johakjin,imsohyang(chang),hanseongjun(gosu)-jeokbyeokga_jaryong hwal ssoneun daemok.csv",test
"madang5/jeokbyeokga/hapchang/pan-jeok-015 polridol pan jeokbyeokga/pan-jeok-015 polridol pan jeokbyeokga CD1/06-jeongjeongryeol,idongbaek,gimchangryong,johakjin,imsohyang(chang),hanseongjun(gosu)-jeokbyeokga_gongmyeong jejang bunbal.csv",train
"madang5/jeokbyeokga/hapchang/pan-jeok-015 polridol pan jeokbyeokga/pan-jeok-015 polridol pan jeokbyeokga CD1/07-jeongjeongryeol,idongbaek,gimchangryong,johakjin,imsohyang(chang),hanseongjun(gosu)-jeokbyeokga_hwagong.csv",train
"madang5/jeokbyeokga/hapchang/pan-jeok-015 polridol pan jeokbyeokga/pan-jeok-015 polridol pan jeokbyeokga CD1/08-jeongjeongryeol,idongbaek,gimchangryong,johakjin,imsohyang(chang),hanseongjun(gosu)-jeokbyeokga_hwayongdo paeju.csv",valid
"madang5/jeokbyeokga/hapchang/pan-jeok-015 polridol pan jeokbyeokga/pan-jeok-015 polridol pan jeokbyeokga CD2/01-jeongjeongryeol,idongbaek,gimchangryong,johakjin,imsohyang(chang),hanseongjun(gosu)-jeokbyeokga_hwayongdo paeju.csv",train
"madang5/jeokbyeokga/hapchang/pan-jeok-015 polridol pan jeokbyeokga/pan-jeok-015 polridol pan jeokbyeokga CD2/02-jeongjeongryeol,idongbaek,gimchangryong,johakjin,imsohyang(chang),hanseongjun(gosu)-jeokbyeokga_gunsajeomgo.csv",train
"madang5/jeokbyeokga/hapchang/pan-jeok-015 polridol pan jeokbyeokga/pan-jeok-015 polridol pan jeokbyeokga CD2/03-jeongjeongryeol,idongbaek,gimchangryong,johakjin,imsohyang(chang),hanseongjun(gosu)-jeokbyeokga_jangseungtaryeong.csv",train
"madang5/jeokbyeokga/hapchang/pan-jeok-015 polridol pan jeokbyeokga/pan-jeok-015 polridol pan jeokbyeokga CD2/04-jeongjeongryeol,idongbaek,gimchangryong,johakjin,imsohyang(chang),hanseongjun(gosu)-jeokbyeokga_jojo unjangege moksumeul gugeolham.csv",valid
"madang5/jeokbyeokga/hapchang/pan-jeok-015 polridol pan jeokbyeokga/pan-jeok-015 polridol pan jeokbyeokga CD2/05-jeongjeongryeol,idongbaek,gimchangryong,johakjin,imsohyang(chang),hanseongjun(gosu)-jeokbyeokga_gongmyeong unjangeul yongseoham.csv",train
"madang5/jeokbyeokga/ihwajungseon/pan-0-006 SPsidaeui pansori yeoryu myeongchangdeul 3 ihwajungseon,singeumhong/06-ihwajungseon-godangsang.csv",train
madang5/jeokbyeokga/ihwajungseon/pan-chun-035 hangugui widaehan pansori myeongchangdeul(III) ihwajungseon/11-ihwajungseon-jojogunsataryeong.csv,valid
madang5/jeokbyeokga/imbangul/pan-chun-032 pansori myeongchang imbangul jeonjip/06-imbangul-jeokbyeokga_gunsaseorumtaryeong(bumosaenggak).csv,train
madang5/jeokbyeokga/imbangul/pan-chun-032 pansori myeongchang imbangul jeonjip/07-imbangul-jeokbyeokga_gunsaseorumtaryeong(jasiksaenggak).csv,valid
madang5/jeokbyeokga/imbangul/pan-chun-034 hangugui widaehan pansori myeongchangdeul(II) imbangul/08-imbangul-gunsaseorumtaryeong.csv,train
madang5/jeokbyeokga/imbangul/pan-jeok-001-002 jeokbyeokga/pan-jeok-001 jeokbyeokga(1)/01-imbangul-jeokbyeokga.csv,test
madang5/jeokbyeokga/imbangul/pan-jeok-001-002 jeokbyeokga/pan-jeok-001 jeokbyeokga(1)/02-imbangul-jeokbyeokga.csv,train
madang5/jeokbyeokga/imbangul/pan-jeok-001-002 jeokbyeokga/pan-jeok-002 jeokbyeokga(2)/01-imbangul-jeokbyeokga.csv,train
madang5/jeokbyeokga/imbangul/pan-jeok-001-002 jeokbyeokga/pan-jeok-002 jeokbyeokga(2)/02-imbangul-jeokbyeokga.csv,train
madang5/jeokbyeokga/jeongcheolho/pan-jeok-016 imbangul je jeokbyeokga jeongcheolho jakpum/pan-jeok-016 imbangul je jeokbyeokga 1 jeongcheolho jakpum je3jip/01-jeongcheolho-jeokbyeokga_choip_uihyeongjega dowongyeorui iruneunde.csv,train
madang5/jeokbyeokga/jeongcheolho/pan-jeok-016 imbangul je jeokbyeokga jeongcheolho jakpum/pan-jeok-016 imbangul je jeokbyeokga 1 jeongcheolho jakpum je3jip/02-jeongcheolho-jeokbyeokga_yuhyeondeogi gongmyeongseonsaeng chajaganeunde.csv,valid
madang5/jeokbyeokga/jeongcheolho/pan-jeok-016 imbangul je jeokbyeokga jeongcheolho jakpum/pan-jeok-016 imbangul je jeokbyeokga 1 jeongcheolho jakpum je3jip/03-jeongcheolho-jeokbyeokga_hyeondeokgwa gongmyeongi mannaneunde.csv,train
madang5/jeokbyeokga/jeongcheolho/pan-jeok-016 imbangul je jeokbyeokga jeongcheolho jakpum/pan-jeok-016 imbangul je jeokbyeokga 1 jeongcheolho jakpum je3jip/04-jeongcheolho-jeokbyeokga_waryonggangeul hajikhago sinyaro doraganeunde.csv,train
madang5/jeokbyeokga/jeongcheolho/pan-jeok-016 imbangul je jeokbyeokga jeongcheolho jakpum/pan-jeok-016 imbangul je jeokbyeokga 1 jeongcheolho jakpum je3jip/05-jeongcheolho-jeokbyeokga_jojoui suryukdaebyeongi mulmil deusi jjochaoneunde.csv,train
madang5/jeokbyeokga/jeongcheolho/pan-jeok-016 imbangul je jeokbyeokga jeongcheolho jakpum/pan-jeok-016 imbangul je jeokbyeokga 1 jeongcheolho jakpum je3jip/06-jeongcheolho-jeokbyeokga_gangharo dorawa gyeonbyeokbulchul haneunde.csv,train
madang5/jeokbyeokga/jeongcheolho/pan-jeok-016 imbangul je jeokbyeokga jeongcheolho jakpum/pan-jeok-016 imbangul je jeokbyeokga 1 jeongcheolho jakpum je3jip/07-jeongcheolho-jeokbyeokga_han gunsaui seoreoun sajeongeul deureoboneunde.csv,train
madang5/jeokbyeokga/jeongcheolho/pan-jeok-016 imbangul je jeokbyeokga jeongcheolho jakpum/pan-jeok-016 imbangul je jeokbyeokga 1 jeongcheolho jakpum je3jip/08-jeongcheolho-jeokbyeokga_tto han gunsaga seorumeul malhaneunde.csv,train
madang5/jeokbyeokga/jeongcheolho/pan-jeok-016 imbangul je jeokbyeokga jeongcheolho jakpum/pan-jeok-016 imbangul je jeokbyeokga 2 jeongcheolho jakpum je3jip/01-jeongcheolho-jeokbyeokga_han gunsa nae dareumyeo ssaum taryeongeul haneunde.csv,train
madang5/jeokbyeokga/jeongcheolho/pan-jeok-016 imbangul je jeokbyeokga jeongcheolho jakpum/pan-jeok-016 imbangul je jeokbyeokga 2 jeongcheolho jakpum je3jip/02-jeongcheolho-jeokbyeokga_nambyeongsane olraga barameul bioneunde.csv,test
madang5/jeokbyeokga/jeongcheolho/pan-jeok-016 imbangul je jeokbyeokga jeongcheolho jakpum/pan-jeok-016 imbangul je jeokbyeokga 2 jeongcheolho jakpum je3jip/03-jeongcheolho-jeokbyeokga_jangjunge moyeo anjeo dongnampungeul uinonhaneunde.csv,test
"madang5/jeokbyeokga/jeongcheolho/pan-jeok-016 imbangul je jeokbyeokga jeongcheolho jakpum/pan-jeok-016 imbangul je jeokbyeokga 2 jeongcheolho jakpum je3jip/04-jeongcheolho-jeokbyeokga_juyu,yaksogeul dasiheogo suryukgun bunbalhaneunde.csv",train
madang5/jeokbyeokga/jeongcheolho/pan-jeok-016 imbangul je jeokbyeokga jeongcheolho jakpum/pan-jeok-016 imbangul je jeokbyeokga 2 jeongcheolho jakpum je3jip/05-jeongcheolho-jeokbyeokga_jojoga hwanggae yaksogeul gidarineunde.csv,train
madang5/jeokbyeokga/jeongcheolho/pan-jeok-016 imbangul je jeokbyeokga jeongcheolho jakpum/pan-jeok-016 imbangul je jeokbyeokga 2 jeongcheolho jakpum je3jip/06-jeongcheolho-jeokbyeokga_jojoga jeongsincharyeo mokneurigo ganeunde.csv,train
madang5/jeokbyeokga/jeongcheolho/pan-jeok-016 imbangul je jeokbyeokga jeongcheolho jakpum/pan-jeok-016 imbangul je jeokbyeokga 2 jeongcheolho jakpum je3jip/07-jeongcheolho-jeokbyeokga_jojoga gyeou bangeohaneunde.csv,train
"madang5/jeokbyeokga/jeongcheolho/pan-jeok-016 imbangul je jeokbyeokga jeongcheolho jakpum/pan-jeok-016 imbangul je jeokbyeokga 3 jeongcheolho jakpum je3jip/01-jeongcheolho-jeokbyeokga_jojo,jangjoreul geoneurigo hwaryongdoro jinaganeunde.csv",train
madang5/jeokbyeokga/jeongcheolho/pan-jeok-016 imbangul je jeokbyeokga jeongcheolho jakpum/pan-jeok-016 imbangul je jeokbyeokga 3 jeongcheolho jakpum je3jip/02-jeongcheolho-jeokbyeokga_jojoga nameun gunsa jeomgoreul haneunde.csv,test
madang5/jeokbyeokga/jeongcheolho/pan-jeok-016 imbangul je jeokbyeokga jeongcheolho jakpum/pan-jeok-016 imbangul je jeokbyeokga 3 jeongcheolho jakpum je3jip/03-jeongcheolho-jeokbyeokga_jojoga gunsadeureul bulreodeurineunde.csv,valid
madang5/jeokbyeokga/jeongcheolho/pan-jeok-016 imbangul je jeokbyeokga jeongcheolho jakpum/pan-jeok-016 imbangul je jeokbyeokga 3 jeongcheolho jakpum je3jip/04-jeongcheolho-jeokbyeokga_jojo nameun gunsa deureooneunde.csv,train
madang5/jeokbyeokga/jeongcheolho/pan-jeok-016 imbangul je jeokbyeokga jeongcheolho jakpum/pan-jeok-016 imbangul je jeokbyeokga 3 jeongcheolho jakpum je3jip/05-jeongcheolho-jeokbyeokga_jojo hal ireopsi bilcharo deureoganeunde.csv,train
madang5/jeokbyeokga/jeongcheolho/pan-jeok-016 imbangul je jeokbyeokga jeongcheolho jakpum/pan-jeok-016 imbangul je jeokbyeokga 3 jeongcheolho jakpum je3jip/06-jeongcheolho-jeokbyeokga_jojo kkamjjak nolraneunde~kkeutkkaji.csv,train
madang5/jeokbyeokga/jeonggwansu/pan-0-014 bikteo yuseonggi wonban sirijeu 13 30nyeondae pansori geoljakjip/12-jeonggwangsu-jeokbyeokga jung saetaryeong.csv,train
madang5/jeokbyeokga/jeonggwonjin/sabon - beuritaenikeopansori/jeonggwonjin jeokbyeokgawanchang   bukgimmyeonghwan.csv,train
madang5/jeokbyeokga/jeongjeongryeol/gimseonyeongsojang yuseonggieumban(MP3)/09 - samgochoryeo(sang)-dangdanghan yuhyeonju-jeongjeongryeol.csv,test
madang5/jeokbyeokga/jeongjeongryeol/gimseonyeongsojang yuseonggieumban(MP3)/10 - samgochoryeo(ha)-jeongjeongryeol.csv,valid
"madang5/jeokbyeokga/jonongok/pan-0-007 SPsidaeui pansori yeoryu myeongchangdeul 4 baeseolhyang,gimsohyang,baksochun,jonongok/20-jonongok-dongnampung.csv",train
"madang5/jeokbyeokga/jonongok/pan-0-007 SPsidaeui pansori yeoryu myeongchangdeul 4 baeseolhyang,gimsohyang,baksochun,jonongok/21-jonongok-hwal ssoneun daemok.csv",train
"madang5/jeokbyeokga/namsangil/pansori pansoriui jeolmeun myeongchangdeul CD-2/07-namsangil(chang),imhyeonbin(gosu)-jeokbyeokga_jaryong hwal ssoneun daemok_aniri,jungmori.csv",train
"madang5/jeokbyeokga/namsangil/pansori pansoriui jeolmeun myeongchangdeul CD-2/08-namsangil(chang),imhyeonbin(gosu)-jeokbyeokga_jaryong hwal ssoneun daemok_aniri,jajinmori,jungmori.csv",test
"madang5/jeokbyeokga/namsangil/pansori pansoriui jeolmeun myeongchangdeul CD-2/09-namsangil(chang),imhyeonbin(gosu)-jeokbyeokga_gunsaseorum(bumosaenggak,jasiksaenggak)_aniri,jungmori.csv",train
"madang5/jeokbyeokga/namsangil/pansori pansoriui jeolmeun myeongchangdeul CD-2/10-namsangil(chang),imhyeonbin(gosu)-jeokbyeokga_gunsaseorum(bumosaenggak,jasiksaenggak)_aniri,jinyangjo.csv",train
"madang5/jeokbyeokga/namsangil/pansori pansoriui jeolmeun myeongchangdeul CD-2/11-namsangil(chang),imhyeonbin(gosu)-jeokbyeokga_gunsaseorum(bumosaenggak,jasiksaenggak)_aniri,jungjungmori.csv",train
madang5/jeokbyeokga/ojeongsuk/pan-jeok-012 ojeongsuk pansori daseotmadang jeokbyeokga/pan-jeok-012 ojeongsuk pansori daseotmadang jeokbyeokga CD1/01-ojeongsuk-danga_baekbalga.csv,test
madang5/jeokbyeokga/ojeongsuk/pan-jeok-012 ojeongsuk pansori daseotmadang jeokbyeokga/pan-jeok-012 ojeongsuk pansori daseotmadang jeokbyeokga CD1/02-ojeongsuk-jeokbyeokga_seoseo hajik.csv,valid
madang5/jeokbyeokga/ojeongsuk/pan-jeok-012 ojeongsuk pansori daseotmadang jeokbyeokga/pan-jeok-012 ojeongsuk pansori daseotmadang jeokbyeokga CD1/03-ojeongsuk-jeokbyeokga_samgochoryeo(1).csv,valid
madang5/jeokbyeokga/ojeongsuk/pan-jeok-012 ojeongsuk pansori daseotmadang jeokbyeokga/pan-jeok-012 ojeongsuk pansori daseotmadang jeokbyeokga CD1/04-ojeongsuk-jeokbyeokga_samgochoryeo(2).csv,train
madang5/jeokbyeokga/ojeongsuk/pan-jeok-012 ojeongsuk pansori daseotmadang jeokbyeokga/pan-jeok-012 ojeongsuk pansori daseotmadang jeokbyeokga CD1/05-ojeongsuk-jeokbyeokga_bakmangpa jeontu.csv,train
madang5/jeokbyeokga/ojeongsuk/pan-jeok-012 ojeongsuk pansori daseotmadang jeokbyeokga/pan-jeok-012 ojeongsuk pansori daseotmadang jeokbyeokga CD1/06-ojeongsuk-jeokbyeokga_gongmyeong dongoro geonneogam.csv,train
madang5/jeokbyeokga/ojeongsuk/pan-jeok-012 ojeongsuk pansori daseotmadang jeokbyeokga/pan-jeok-012 ojeongsuk pansori daseotmadang jeokbyeokga CD1/07-ojeongsuk-jeokbyeokga_gongmyeong dongo seonbi seoljeon.csv,train
madang5/jeokbyeokga/ojeongsuk/pan-jeok-012 ojeongsuk pansori daseotmadang jeokbyeokga/pan-jeok-012 ojeongsuk pansori daseotmadang jeokbyeokga CD1/08-ojeongsuk-jeokbyeokga_jojo hogi.csv,train
madang5/jeokbyeokga/ojeongsuk/pan-jeok-012 ojeongsuk pansori daseotmadang jeokbyeokga/pan-jeok-012 ojeongsuk pansori daseotmadang jeokbyeokga CD1/09-ojeongsuk-jeokbyeokga_gunsa seorum taryeong(1).csv,train
madang5/jeokbyeokga/ojeongsuk/pan-jeok-012 ojeongsuk pansori daseotmadang jeokbyeokga/pan-jeok-012 ojeongsuk pansori daseotmadang jeokbyeokga CD1/10-ojeongsuk-jeokbyeokga_gunsa seorum taryeong(2).csv,train
madang5/jeokbyeokga/ojeongsuk/pan-jeok-012 ojeongsuk pansori daseotmadang jeokbyeokga/pan-jeok-012 ojeongsuk pansori daseotmadang jeokbyeokga CD2/01-ojeongsuk-jeokbyeokga_ojak nambi.csv,train
madang5/jeokbyeokga/ojeongsuk/pan-jeok-012 ojeongsuk pansori daseotmadang jeokbyeokga/pan-jeok-012 ojeongsuk pansori daseotmadang jeokbyeokga CD2/02-ojeongsuk-jeokbyeokga_dongnampung.csv,train
madang5/jeokbyeokga/ojeongsuk/pan-jeok-012 ojeongsuk pansori daseotmadang jeokbyeokga/pan-jeok-012 ojeongsuk pansori daseotmadang jeokbyeokga CD2/03-ojeongsuk-jeokbyeokga_jaryong hwal ssoneun daemok.csv,test
madang5/jeokbyeokga/ojeongsuk/pan-jeok-012 ojeongsuk pansori daseotmadang jeokbyeokga/pan-jeok-012 ojeongsuk pansori daseotmadang jeokbyeokga CD2/04-ojeongsuk-jeokbyeokga_gongmyeong jejang bunbal.csv,train
madang5/jeokbyeokga/ojeongsuk/pan-jeok-012 ojeongsuk pansori daseotmadang jeokbyeokga/pan-jeok-012 ojeongsuk pansori daseotmadang jeokbyeokga CD2/05-ojeongsuk-jeokbyeokga_hwagong.csv,train
madang5/jeokbyeokga/ojeongsuk/pan-jeok-012 ojeongsuk pansori daseotmadang jeokbyeokga/pan-jeok-012 ojeongsuk pansori daseotmadang jeokbyeokga CD2/06-ojeongsuk-jeokbyeokga_jojo paeju(1).csv,train
madang5/jeokbyeokga/ojeongsuk/pan-jeok-012 ojeongsuk pansori daseotmadang jeokbyeokga/pan-jeok-012 ojeongsuk pansori daseotmadang jeokbyeokga CD2/07-ojeongsuk-jeokbyeokga_jojo paeju(2).csv,train
madang5/jeokbyeokga/ojeongsuk/pan-jeok-012 ojeongsuk pansori daseotmadang jeokbyeokga/pan-jeok-012 ojeongsuk pansori daseotmadang jeokbyeokga CD2/08-ojeongsuk-jeokbyeokga_jangseung taryeong.csv,valid
madang5/jeokbyeokga/ojeongsuk/pan-jeok-012 ojeongsuk pansori daseotmadang jeokbyeokga/pan-jeok-012 ojeongsuk pansori daseotmadang jeokbyeokga CD3/01-ojeongsuk-jeokbyeokga_jojo heomdam.csv,train
madang5/jeokbyeokga/ojeongsuk/pan-jeok-012 ojeongsuk pansori daseotmadang jeokbyeokga/pan-jeok-012 ojeongsuk pansori daseotmadang jeokbyeokga CD3/02-ojeongsuk-jeokbyeokga_gunsa jeomgo(1).csv,train
madang5/jeokbyeokga/ojeongsuk/pan-jeok-012 ojeongsuk pansori daseotmadang jeokbyeokga/pan-jeok-012 ojeongsuk pansori daseotmadang jeokbyeokga CD3/03-ojeongsuk-jeokbyeokga_gunsa jeomgo(2).csv,train
madang5/jeokbyeokga/ojeongsuk/pan-jeok-012 ojeongsuk pansori daseotmadang jeokbyeokga/pan-jeok-012 ojeongsuk pansori daseotmadang jeokbyeokga CD3/04-ojeongsuk-jeokbyeokga_saetaryeong.csv,train
madang5/jeokbyeokga/ojeongsuk/pan-jeok-012 ojeongsuk pansori daseotmadang jeokbyeokga/pan-jeok-012 ojeongsuk pansori daseotmadang jeokbyeokga CD3/05-ojeongsuk-jeokbyeokga_unjang chulhyeon.csv,train
madang5/jeokbyeokga/ojeongsuk/pan-jeok-012 ojeongsuk pansori daseotmadang jeokbyeokga/pan-jeok-012 ojeongsuk pansori daseotmadang jeokbyeokga CD3/06-ojeongsuk-jeokbyeokga_jojo unjangege moksumeul bim.csv,train
"madang5/jeokbyeokga/ojeongsuk/pan-jeok-012 ojeongsuk pansori daseotmadang jeokbyeokga/pan-jeok-012 ojeongsuk pansori daseotmadang jeokbyeokga CD3/07-ojeongsuk-jeokbyeokga_jojo sara doragago,unjangeun yongseo badeum.csv",train
madang5/jeokbyeokga/songmangap/songmangap songgideok(1913)-seonyeongakhoe/Nip6153-jeokbyeogwonjoga-songmangap-(seonyeongakhoe).csv,train
madang5/jeokbyeokga/songmangap/songmangap songgideok(1913)-seonyeongakhoe/Nip6168-A-jeonchoildaejeondongdalga-songmangap-(seonyeongakhoe).csv,valid
madang5/jeokbyeokga/songmangap/songmangap songgideok(1913)-seonyeongakhoe/Nip6258-jojogeommuga-songmangap-(seonyeongakhoe).csv,valid
madang5/jeokbyeokga/songsunseop/pan-0-029 deugeum Vol.4 jeonju daesaseup pansori myeongchangbu jangwonja nundaemok4/03-songsunseop-jeokbyeokga_dongnampung bineunde.csv,train
madang5/jeokbyeokga/wanggiseok/wanggiseok pansorisegye/05-wanggiseok-jeokbyeokga jung_saetaryeong.csv,valid
"madang5/jeokbyeokga/yumiri/pan-0-023 chasedae myeongin yumiri pansorinundaemok/03-yumiri-jeokbyeokga jung gunsatansikhaneun daemok(dongpyeon,bakbongsulje).csv",train
madang5/jeokbyeokga/yunjincheol/yunjincheol jeokbyeokga/01 CD_01/01 samgochoryeo.csv,train
madang5/jeokbyeokga/yunjincheol/yunjincheol jeokbyeokga/01 CD_01/02 gongmyeongchulsa.csv,train
madang5/jeokbyeokga/yunjincheol/yunjincheol jeokbyeokga/01 CD_01/03 bakmangpa ssaum.csv,train
madang5/jeokbyeokga/yunjincheol/yunjincheol jeokbyeokga/01 CD_01/04 gongmyeong onara deureoganeun de.csv,train
madang5/jeokbyeokga/yunjincheol/yunjincheol jeokbyeokga/01 CD_01/05 gongmyeong juyureul gyeokdongsikineun de.csv,train
madang5/jeokbyeokga/yunjincheol/yunjincheol jeokbyeokga/01 CD_01/06 jojoga hogi burineun de.csv,valid
madang5/jeokbyeokga/yunjincheol/yunjincheol jeokbyeokga/01 CD_01/07 gunsaseorum - godangsang.csv,train
madang5/jeokbyeokga/yunjincheol/yunjincheol jeokbyeokga/01 CD_01/08 gunsaseorum - jasiksaenggak.csv,train
madang5/jeokbyeokga/yunjincheol/yunjincheol jeokbyeokga/01 CD_01/09 gunsaseorum - anaesaenggak.csv,train
madang5/jeokbyeokga/yunjincheol/yunjincheol jeokbyeokga/02 CD_02/01 gunsaseorum - sinbusaenggak.csv,train
madang5/jeokbyeokga/yunjincheol/yunjincheol jeokbyeokga/02 CD_02/02 wigukja bulgoga ssaumtaryeong.csv,train
madang5/jeokbyeokga/yunjincheol/yunjincheol jeokbyeokga/02 CD_02/03 jojo gunsa bunbalhaneun de.csv,train
madang5/jeokbyeokga/yunjincheol/yunjincheol jeokbyeokga/02 CD_02/04 dongnampung bineun de.csv,train
madang5/jeokbyeokga/yunjincheol/yunjincheol jeokbyeokga/02 CD_02/05 jojaryong hwal ssoneun de.csv,train
madang5/jeokbyeokga/yunjincheol/yunjincheol jeokbyeokga/02 CD_02/06  o han gunsa bunbalhaneun de.csv,train
madang5/jeokbyeokga/yunjincheol/yunjincheol jeokbyeokga/02 CD_02/07 jeokbyeokhwajeon.csv,valid
madang5/jeokbyeokga/yunjincheol/yunjincheol jeokbyeokga/02 CD_02/08 saetaryeong.csv,train
madang5/jeokbyeokga/yunjincheol/yunjincheol jeokbyeokga/03 CD_03/01 jojaryong naoneun de.csv,train
madang5/jeokbyeokga/yunjincheol/yunjincheol jeokbyeokga/03 CD_03/02 jangbi naoneun de.csv,train
madang5/jeokbyeokga/yunjincheol/yunjincheol jeokbyeokga/03 CD_03/03 jangbi naoneun de.csv,train
madang5/jeokbyeokga/yunjincheol/yunjincheol jeokbyeokga/03 CD_03/04 jojo chwijung heotjangdam.csv,train
madang5/jeokbyeokga/yunjincheol/yunjincheol jeokbyeokga/03 CD_03/05 gunsajeomgo.csv,train
madang5/jeokbyeokga/yunjincheol/yunjincheol jeokbyeokga/03 CD_03/06 gwangong naoneun de.csv,train
madang5/jeokbyeokga/yunjincheol/yunjincheol jeokbyeokga/03 CD_03/07 jojo bineun de.csv,train
madang5/jeokbyeokga/yunjincheol/yunjincheol jeokbyeokga/03 CD_03/08 eojil deojil.csv,train
madang5/simcheongga/anhyangryeon/pan-0-033 hangugui jeontongeumak simcheongga/pan-0-033 hangugui jeontongeumak 36 simcheongga1/01-anhaengnyeon(chang)-simcheongga_seochang~.csv,train
madang5/simcheongga/anhyangryeon/pan-0-033 hangugui jeontongeumak simcheongga/pan-0-033 hangugui jeontongeumak 36 simcheongga1/02-anhaengnyeon(chang)-simcheongga_~beompijungryu.csv,train
"madang5/simcheongga/anhyangryeon/pan-0-033 hangugui jeontongeumak simcheongga/pan-0-033 hangugui jeontongeumak 37 simcheongga2/01-anhaengnyeon(chang)-simcheongga_monyeosangbong,hwangseonggil,nuntteuneun daemok.csv",valid
"madang5/simcheongga/anhyangryeon/pan-0-033 hangugui jeontongeumak simcheongga/pan-0-033 hangugui jeontongeumak 37 simcheongga2/02-anhaengnyeon(chang)-simcheongga_monyeosangbong,hwangseonggil,nuntteuneun daemok.csv",train
"madang5/simcheongga/anhyangryeon/pan-sim-013 cheonjaemyeongchang anhyangryeon simcheongga nundaemok/01-anhyangryeon-simcheongga_gwakssibuin jukneun daemok_(jinyang)gwakssi yueon,(jungmeori)acha acha nae ijeotso.csv",train
"madang5/simcheongga/anhyangryeon/pan-sim-013 cheonjaemyeongchang anhyangryeon simcheongga nundaemok/02-anhyangryeon-simcheongga_gwakssibuin jukneun daemok_(aniri)simbongsaga amureon jul,(jungjungmeori)simbongsa gigamakhyeo.csv",train
"madang5/simcheongga/anhyangryeon/pan-sim-013 cheonjaemyeongchang anhyangryeon simcheongga nundaemok/03-anhyangryeon-simcheongga_gwakssibuin jukneun daemok_(aniri)ireoteut ulgobulgo,(jungmeori)sangyeosori.csv",valid
"madang5/simcheongga/anhyangryeon/pan-sim-013 cheonjaemyeongchang anhyangryeon simcheongga nundaemok/04-anhyangryeon-simcheongga_simbongsa ttal gireuneun daemok_(jungmeori)jibirago deureoseoni,(jungjungmeori)umulga durebak,(neujinjungjungmeori)aga nae ttariya.csv",train
"madang5/simcheongga/anhyangryeon/pan-sim-013 cheonjaemyeongchang anhyangryeon simcheongga nundaemok/05-anhyangryeon-simcheongga_simbongsa ttal gireuneun daemok_(aniri)ii ango,(danjungmeori)sambaejeondae,(aniri)haroneun,(jungmeori)abeoji deutjosio.csv",train
"madang5/simcheongga/anhyangryeon/pan-sim-013 cheonjaemyeongchang anhyangryeon simcheongga nundaemok/06-anhyangryeon-simcheongga_simcheong hwanghuga doeneun daemok_(eotmori)wiuido janghalsigo,(aniri)ittae namgyeongjangsa,(jungmeori)neoksiya neoksiroda.csv",train
madang5/simcheongga/anhyangryeon/pan-sim-013 cheonjaemyeongchang anhyangryeon simcheongga nundaemok/07-anhyangryeon-simcheongga_simcheong hwanghuga doeneun daemok_(aniri)(jungjungmeori)hwachotaryeong.csv,train
"madang5/simcheongga/anhyangryeon/pan-sim-013 cheonjaemyeongchang anhyangryeon simcheongga nundaemok/08-anhyangryeon-simcheongga_simcheong hwanghuga doeneun daemok_(anira)ittae doseonjuneun,(jungmeori)cheonja bosigo,(aniri)(jinyang)chuwolmanjeong.csv",train
"madang5/simcheongga/anhyangryeon/pan-sim-013 cheonjaemyeongchang anhyangryeon simcheongga nundaemok/09-anhyangryeon-simcheongga_simbongsa nun tteuneun daemok_(jungjungmeori)eojeonsaryeongi naonda,(changjo)ittae simhwanghu,(jinyang)i janchireul baeseolkineun.csv",train
"madang5/simcheongga/anhyangryeon/pan-sim-013 cheonjaemyeongchang anhyangryeon simcheongga nundaemok/10-anhyangryeon-simcheongga_simbongsa nun tteuneun daemok_(aniri)ireohancham jatanhal je,(changjo)simbongsaga cheoja malman,(jungmeori)ye somaengi,(jajinmori)simhwanghu imaldeut.csv",train
"madang5/simcheongga/anhyangryeon/pan-sim-013 cheonjaemyeongchang anhyangryeon simcheongga nundaemok/11-anhyangryeon-simcheongga_simbongsa nun tteuneun daemok_(jajinmori)manjwamaengini,(aniri)igeosi moduga,(jungmeori)olche inje,(jungjungmeori)eolssiguna.csv",train
"madang5/simcheongga/bakdongjin/pan-0-011 bakdongjin myeongchangui batangsoriro deutneun pansori giljabi/01-bakdongjin-simcheongga jung simcheongi abeoji ibyeolhaneun daemok_aniri,jinyang.csv",train
madang5/simcheongga/bakdongjin/pan-0-011 bakdongjin myeongchangui batangsoriro deutneun pansori giljabi/04-bakdongjin-simcheongga jung simcheongi seonindeureul ttaraganeun daemok_jungmori.csv,train
madang5/simcheongga/bakdongjin/pan-sim-022 bakdongjin pansori daseotmadang 3 simcheongga/01-bakdongjin-simcheongga_simcheongi buchin hajik(sang).csv,train
madang5/simcheongga/bakdongjin/pan-sim-022 bakdongjin pansori daseotmadang 3 simcheongga/02-bakdongjin-simcheongga_simcheongi buchin hajik(ha).csv,train
madang5/simcheongga/bakdongjin/pan-sim-023 inganmunhwajae bakdongjin pansori daejeonjip simcheongga/pan-sim-023 inganmunhwajae bakdongjin pansori daejeonjip simcheongga CD1/01-bakdongjin-simcheongga_simbongsa mure ppajineun daemok.csv,train
madang5/simcheongga/bakdongjin/pan-sim-023 inganmunhwajae bakdongjin pansori daejeonjip simcheongga/pan-sim-023 inganmunhwajae bakdongjin pansori daejeonjip simcheongga CD1/02-bakdongjin-simcheongga_gongyangmi sambaekseok siju yaksokhaneun daemok.csv,test
madang5/simcheongga/bakdongjin/pan-sim-023 inganmunhwajae bakdongjin pansori daejeonjip simcheongga/pan-sim-023 inganmunhwajae bakdongjin pansori daejeonjip simcheongga CD1/03-bakdongjin-simcheongga_simbongsa simcheongege siju iyagi haneun daemok.csv,valid
madang5/simcheongga/bakdongjin/pan-sim-023 inganmunhwajae bakdongjin pansori daejeonjip simcheongga/pan-sim-023 inganmunhwajae bakdongjin pansori daejeonjip simcheongga CD1/04-bakdongjin-simcheongga_simcheongi seonindeurege momi palrineun daemok.csv,train
madang5/simcheongga/bakdongjin/pan-sim-023 inganmunhwajae bakdongjin pansori daejeonjip simcheongga/pan-sim-023 inganmunhwajae bakdongjin pansori daejeonjip simcheongga CD1/05-bakdongjin-simcheongga_simcheongi tansikhaneun daemok.csv,test
madang5/simcheongga/bakdongjin/pan-sim-023 inganmunhwajae bakdongjin pansori daejeonjip simcheongga/pan-sim-023 inganmunhwajae bakdongjin pansori daejeonjip simcheongga CD1/06-bakdongjin-simcheongga_simcheongi abeojireul ibyeolhaneun daemok.csv,test
madang5/simcheongga/bakdongjin/pan-sim-023 inganmunhwajae bakdongjin pansori daejeonjip simcheongga/pan-sim-023 inganmunhwajae bakdongjin pansori daejeonjip simcheongga CD1/07-bakdongjin-simcheongga_seungsangbuingwa jakbyeolhaneun daemok.csv,valid
madang5/simcheongga/bakdongjin/pan-sim-023 inganmunhwajae bakdongjin pansori daejeonjip simcheongga/pan-sim-023 inganmunhwajae bakdongjin pansori daejeonjip simcheongga CD2/01-bakdongjin-simcheongga_simcheongi seonindeureul ttaraganeun daemok.csv,train
madang5/simcheongga/bakdongjin/pan-sim-023 inganmunhwajae bakdongjin pansori daejeonjip simcheongga/pan-sim-023 inganmunhwajae bakdongjin pansori daejeonjip simcheongga CD2/02-bakdongjin-simcheongga_beompichangpa(sosangpalgyeong).csv,train
madang5/simcheongga/bakdongjin/pan-sim-023 inganmunhwajae bakdongjin pansori daejeonjip simcheongga/pan-sim-023 inganmunhwajae bakdongjin pansori daejeonjip simcheongga CD2/03-bakdongjin-simcheongga_pungrangilgo honryeongdeul naoneun daemok.csv,test
madang5/simcheongga/bakdongjin/pan-sim-023 inganmunhwajae bakdongjin pansori daejeonjip simcheongga/pan-sim-023 inganmunhwajae bakdongjin pansori daejeonjip simcheongga CD2/04-bakdongjin-simcheongga_simcheongi mure deuneun daemok.csv,train
madang5/simcheongga/bakdongjin/pan-sim-023 inganmunhwajae bakdongjin pansori daejeonjip simcheongga/pan-sim-023 inganmunhwajae bakdongjin pansori daejeonjip simcheongga CD2/05-bakdongjin-simcheongga_simcheongi sugunge ganeun daemok.csv,test
madang5/simcheongga/bakdongjin/pan-sim-023 inganmunhwajae bakdongjin pansori daejeonjip simcheongga/pan-sim-023 inganmunhwajae bakdongjin pansori daejeonjip simcheongga CD2/06-bakdongjin-simcheongga_simcheongi mochin sangbonghaneun daemok.csv,train
madang5/simcheongga/bakdongjin/pan-sim-023 inganmunhwajae bakdongjin pansori daejeonjip simcheongga/pan-sim-023 inganmunhwajae bakdongjin pansori daejeonjip simcheongga CD2/07-bakdongjin-simcheongga_simcheongi sesange dasi naoneun daemok.csv,train
"madang5/simcheongga/bakrokju/pan-0-005 SPsidaeui pansori yeoryu myeongchangdeul 2 bakrokju,obichwi/07-bakrokju-simcheonghajik.csv",train
"madang5/simcheongga/bakrokju/pan-0-005 SPsidaeui pansori yeoryu myeongchangdeul 2 bakrokju,obichwi/08-bakrokju-seonin ttaraganeun de.csv",test
"madang5/simcheongga/bakrokju/pan-0-005 SPsidaeui pansori yeoryu myeongchangdeul 2 bakrokju,obichwi/09-bakrokju-simcheongsuje.csv",train
"madang5/simcheongga/baksochun/pan-0-007 SPsidaeui pansori yeoryu myeongchangdeul 4 baeseolhyang,gimsohyang,baksochun,jonongok/13-baksochun-simcheong seoninsugeo.csv",train
madang5/simcheongga/bangjingwan/pan-0-014 bikteo yuseonggi wonban sirijeu 13 30nyeondae pansori geoljakjip/08-bangjingwan-simcheongga jung simcheongi yonggungeul naoneun de ~hwachotaryeong.csv,train
madang5/simcheongga/bangseongchun/pan-0-027 deugeum Vol.3 jeonju daesaseup pansori myeongchangbu jangwonja nundaemok3/05-bangseongchun-simcheongga_gongyangmi sambaekseoge mompaneunde.csv,train
madang5/simcheongga/choeyeonggil/pan-0-029 deugeum Vol.4 jeonju daesaseup pansori myeongchangbu jangwonja nundaemok4/01-choeyeonggil-simcheongga_simcheongi indangsu ppajineunde.csv,test
"madang5/simcheongga/eunhuijin/pan-sim-019 hangugui jeontongeumak pansori,danga/01-eunhuijin-danga_janganmanho.csv",train
"madang5/simcheongga/eunhuijin/pan-sim-019 hangugui jeontongeumak pansori,danga/02-eunhuijin-pansori simcheongga jung hwangseongganeun daemok_simbongsa ppaengdeogeomeom mannaneun daemok.csv",train
"madang5/simcheongga/eunhuijin/pan-sim-019 hangugui jeontongeumak pansori,danga/03-eunhuijin-pansori simcheongga jung hwangseongganeun daemok_ppaengdeogeomiwa hwangseongganeun daemok.csv",train
"madang5/simcheongga/eunhuijin/pan-sim-019 hangugui jeontongeumak pansori,danga/04-eunhuijin-pansori simcheongga jung hwangseongganeun daemok_simbongsa mogyokhaneun daemok~bangataryeong.csv",train
madang5/simcheongga/gimchangryong/pan-chun-030 pansori 5myeongchang gimchangryong/06-gimchangryong-simcheongga_beompijungryu(songgwangrok je).csv,train
madang5/simcheongga/gimchangryong/pan-chun-030 pansori 5myeongchang gimchangryong/07-gimchangryong-simcheongga_sujeonggungdeureoganeunde.csv,train
madang5/simcheongga/gimchangryong/pan-chun-030 pansori 5myeongchang gimchangryong/08-gimchangryong-simcheongga_hwachoga(jeongchunpung je).csv,train
"madang5/simcheongga/gimchohyang/pan-0-016 bikteo yuseonggi wonban sirijeu 7 jamaemyeongchang ihwajungseon,ijungseon gimchohyang,gimsohyang/10-gimchohyang-simcheongga jung sosangpalgyeong(beompijungryu).csv",train
madang5/simcheongga/gimsohui/pan-0-008 gimsohui pansori ilsaeng/05-gimsohui-yuseonggieumban_simcheongga jung simbongsa ttal gireuneunde.csv,train
madang5/simcheongga/gimsohui/pan-0-008 gimsohui pansori ilsaeng/06-gimsohui-yuseonggieumban_simcheongga jung simcheongi buchin bongyang.csv,train
madang5/simcheongga/gimsohui/pan-0-008 gimsohui pansori ilsaeng/07-gimsohui-yuseonggieumban_simcheongga jung simcheong geolsik.csv,train
madang5/simcheongga/gimsohui/pan-0-008 gimsohui pansori ilsaeng/08-gimsohui-yuseonggieumban_simcheongga jung beompijungyu.csv,train
madang5/simcheongga/gimsohui/pan-0-008 gimsohui pansori ilsaeng/09-gimsohui-yuseonggieumban_simcheongga jung simbongsa hwangseonghaeng.csv,train
"madang5/simcheongga/gimsohui/pan-0-009 pansori myeongchang gimsohui ilhaengui pansoriwa giak/07-gimsohui(chang),gimyundeok(buk)-simcheongga jung beompijungyu.csv",train
"madang5/simcheongga/gimsohui/pan-0-017 bikteo yuseonggi wonban sirijeu 10 gimyeoran,gimsohui choginogeum seonjip/06-gimsohui-simcheongga jung simbongsa hwangseong ganeun de.csv",train
madang5/simcheongga/gimsohui/pan-sim-020 gimsohui simcheongga/pan-sim-020 gimsohui simcheongga je1jip/01-gimsohui-simcheongga_choip.csv,train
madang5/simcheongga/gimsohui/pan-sim-020 gimsohui simcheongga/pan-sim-020 gimsohui simcheongga je1jip/02-gimsohui-simcheongga_simcheong taeeonaneun daemok.csv,train
madang5/simcheongga/gimsohui/pan-sim-020 gimsohui simcheongga/pan-sim-020 gimsohui simcheongga je1jip/03-gimsohui-simcheongga_simbongsa simcheong eolreuneun daemok.csv,train
madang5/simcheongga/gimsohui/pan-sim-020 gimsohui simcheongga/pan-sim-020 gimsohui simcheongga je1jip/04-gimsohui-simcheongga_gwakssibuin sabyeoldaemok.csv,train
madang5/simcheongga/gimsohui/pan-sim-020 gimsohui simcheongga/pan-sim-020 gimsohui simcheongga je1jip/05-gimsohui-simcheongga_simbongsa tonggokdaemok.csv,train
madang5/simcheongga/gimsohui/pan-sim-020 gimsohui simcheongga/pan-sim-020 gimsohui simcheongga je1jip/06-gimsohui-simcheongga_sangyeonaganeun daemok.csv,train
madang5/simcheongga/gimsohui/pan-sim-020 gimsohui simcheongga/pan-sim-020 gimsohui simcheongga je1jip/07-gimsohui-simcheongga_jangryesik daemok.csv,train
madang5/simcheongga/gimsohui/pan-sim-020 gimsohui simcheongga/pan-sim-020 gimsohui simcheongga je1jip/08-gimsohui-simcheongga_jeot dongyanghaneun daemok.csv,train
madang5/simcheongga/gimsohui/pan-sim-020 gimsohui simcheongga/pan-sim-020 gimsohui simcheongga je1jip/09-gimsohui-simcheongga_simcheongi geolsikhaneun daemok.csv,train
madang5/simcheongga/gimsohui/pan-sim-020 gimsohui simcheongga/pan-sim-020 gimsohui simcheongga je1jip/10-gimsohui-simcheongga_jangseungsangdae ganeun daemok.csv,train
madang5/simcheongga/gimsohui/pan-sim-020 gimsohui simcheongga/pan-sim-020 gimsohui simcheongga je2jip/01-gimsohui-simcheongga_simbongsa ttareul gidarida mure ppajineun daemok.csv,test
madang5/simcheongga/gimsohui/pan-sim-020 gimsohui simcheongga/pan-sim-020 gimsohui simcheongga je2jip/02-gimsohui-simcheongga_gwonseonhaneun daemok.csv,train
madang5/simcheongga/gimsohui/pan-sim-020 gimsohui simcheongga/pan-sim-020 gimsohui simcheongga je2jip/03-gimsohui-simcheongga_simcheongi hyoseong1.csv,train
madang5/simcheongga/gimsohui/pan-sim-020 gimsohui simcheongga/pan-sim-020 gimsohui simcheongga je2jip/04-gimsohui-simcheongga_simcheongi hyoseong2.csv,test
madang5/simcheongga/gimsohui/pan-sim-020 gimsohui simcheongga/pan-sim-020 gimsohui simcheongga je2jip/05-gimsohui-simcheongga_namgyeong jangsaege mompaneun daemok.csv,valid
madang5/simcheongga/gimsohui/pan-sim-020 gimsohui simcheongga/pan-sim-020 gimsohui simcheongga je2jip/06-gimsohui-simcheongga_simcheongi jatandaemok.csv,train
madang5/simcheongga/gimsohui/pan-sim-020 gimsohui simcheongga/pan-sim-020 gimsohui simcheongga je2jip/07-gimsohui-simcheongga_bunyeo ibyeolhaneun daemok.csv,test
madang5/simcheongga/gimsohui/pan-sim-020 gimsohui simcheongga/pan-sim-020 gimsohui simcheongga je2jip/08-gimsohui-simcheongga_seonindeul ttaraganeun daemok.csv,train
madang5/simcheongga/gimsohui/pan-sim-020 gimsohui simcheongga/pan-sim-020 gimsohui simcheongga je2jip/09-gimsohui-simcheongga_beompijungryu daemok.csv,valid
madang5/simcheongga/gimsohui/pan-sim-020 gimsohui simcheongga/pan-sim-020 gimsohui simcheongga je2jip/10-gimsohui-simcheongga_indangsu ppajineun daemok.csv,valid
madang5/simcheongga/gimsohui/pan-sim-020 gimsohui simcheongga/pan-sim-020 gimsohui simcheongga je3jip/01-gimsohui-simcheongga_sahaeyongwang simcheongi geoduneun daemok.csv,train
madang5/simcheongga/gimsohui/pan-sim-020 gimsohui simcheongga/pan-sim-020 gimsohui simcheongga je3jip/02-gimsohui-simcheongga_monyeo sangbong daemok.csv,test
madang5/simcheongga/gimsohui/pan-sim-020 gimsohui simcheongga/pan-sim-020 gimsohui simcheongga je3jip/03-gimsohui-simcheongga_indangsu ttooreuneun daemok.csv,train
madang5/simcheongga/gimsohui/pan-sim-020 gimsohui simcheongga/pan-sim-020 gimsohui simcheongga je3jip/04-gimsohui-simcheongga_hwachoga daemok.csv,train
madang5/simcheongga/gimsohui/pan-sim-020 gimsohui simcheongga/pan-sim-020 gimsohui simcheongga je3jip/05-gimsohui-simcheongga_simcheong hwanghudoeneun daemok.csv,train
madang5/simcheongga/gimsohui/pan-sim-020 gimsohui simcheongga/pan-sim-020 gimsohui simcheongga je3jip/06-gimsohui-simcheongga_simhwanghu buchinsaenggak daemok.csv,train
madang5/simcheongga/gimsohui/pan-sim-020 gimsohui simcheongga/pan-sim-020 gimsohui simcheongga je3jip/07-gimsohui-simcheongga_simbongsa ttal geuriwohaneun daemok.csv,valid
madang5/simcheongga/gimsohui/pan-sim-020 gimsohui simcheongga/pan-sim-020 gimsohui simcheongga je3jip/08-gimsohui-simcheongga_ppaengdeogeomeomui haengsil.csv,train
madang5/simcheongga/gimsohui/pan-sim-020 gimsohui simcheongga/pan-sim-020 gimsohui simcheongga je3jip/09-gimsohui-simcheongga_hwangseonggil tteonaneun daemok.csv,test
madang5/simcheongga/gimsohui/pan-sim-020 gimsohui simcheongga/pan-sim-020 gimsohui simcheongga je3jip/10-gimsohui-simcheongga_mogyokhu uibok ireobeorineun daemok.csv,train
madang5/simcheongga/gimsohui/pan-sim-020 gimsohui simcheongga/pan-sim-020 gimsohui simcheongga je4jip/01-gimsohui-simcheongga_gwanjanggwa mannaneun daemok.csv,test
madang5/simcheongga/gimsohui/pan-sim-020 gimsohui simcheongga/pan-sim-020 gimsohui simcheongga je4jip/02-gimsohui-simcheongga_bangataryeong daemok.csv,train
madang5/simcheongga/gimsohui/pan-sim-020 gimsohui simcheongga/pan-sim-020 gimsohui simcheongga je4jip/03-gimsohui-simcheongga_maenginjanchi chamryedaemok.csv,test
madang5/simcheongga/gimsohui/pan-sim-020 gimsohui simcheongga/pan-sim-020 gimsohui simcheongga je4jip/04-gimsohui-simcheongga_bunyeo sangbong nuntteuneun daemok.csv,train
madang5/simcheongga/gimsohui/pan-sim-020 gimsohui simcheongga/pan-sim-020 gimsohui simcheongga je4jip/05-gimsohui-simcheongga_simbongsa gippeohaneun moseup daemi.csv,train
madang5/simcheongga/gimsuyeon/pan-sim-009-012 gimsuyeon simcheongga/pan-sim-009 gimsuyeon simcheongga I/01-gimsuyeon-danga_undampunggyeong.csv,train
madang5/simcheongga/gimsuyeon/pan-sim-009-012 gimsuyeon simcheongga/pan-sim-009 gimsuyeon simcheongga I/02-gimsuyeon-simcheongga_choip~gwakssibuin taemong kkuneunde.csv,train
madang5/simcheongga/gimsuyeon/pan-sim-009-012 gimsuyeon simcheongga/pan-sim-009 gimsuyeon simcheongga I/03-gimsuyeon-simcheongga_simcheongi nanneunde.csv,train
madang5/simcheongga/gimsuyeon/pan-sim-009-012 gimsuyeon simcheongga/pan-sim-009 gimsuyeon simcheongga I/04-gimsuyeon-simcheongga_gwakssibuin sanhubyeoljeung alneunde.csv,test
madang5/simcheongga/gimsuyeon/pan-sim-009-012 gimsuyeon simcheongga/pan-sim-009 gimsuyeon simcheongga I/05-gimsuyeon-simcheongga_gwakssibuin yueonhaneunde.csv,train
madang5/simcheongga/gimsuyeon/pan-sim-009-012 gimsuyeon simcheongga/pan-sim-009 gimsuyeon simcheongga I/06-gimsuyeon-simcheongga_gwakssibuin sangyeo naganeunde.csv,train
madang5/simcheongga/gimsuyeon/pan-sim-009-012 gimsuyeon simcheongga/pan-sim-009 gimsuyeon simcheongga I/07-gimsuyeon-simcheongga_simbongsa hamkke jukgiro jakjeong haneunde.csv,valid
madang5/simcheongga/gimsuyeon/pan-sim-009-012 gimsuyeon simcheongga/pan-sim-009 gimsuyeon simcheongga I/08-gimsuyeon-simcheongga_dongne saramdeuri simbongsa manryuhaneunde.csv,train
madang5/simcheongga/gimsuyeon/pan-sim-009-012 gimsuyeon simcheongga/pan-sim-009 gimsuyeon simcheongga I/09-gimsuyeon-simcheongga_dongnyangjeojeuro simcheongi kiuneunde.csv,train
madang5/simcheongga/gimsuyeon/pan-sim-009-012 gimsuyeon simcheongga/pan-sim-010 gimsuyeon simcheongga II/01-gimsuyeon-simcheongga_cheongi bap bilreo ganeunde.csv,train
madang5/simcheongga/gimsuyeon/pan-sim-009-012 gimsuyeon simcheongga/pan-sim-010 gimsuyeon simcheongga II/02-gimsuyeon-simcheongga_jangseungsangdaek geonneo ganeunde.csv,train
madang5/simcheongga/gimsuyeon/pan-sim-009-012 gimsuyeon simcheongga/pan-sim-010 gimsuyeon simcheongga II/03-gimsuyeon-simcheongga_jungi mure ppajin simbongsa guhaneunde.csv,train
"madang5/simcheongga/gimsuyeon/pan-sim-009-012 gimsuyeon simcheongga/pan-sim-010 gimsuyeon simcheongga II/04-gimsuyeon-simcheongga_simbongsa,gongyangmi sambaekseok gwonseonhaneunde.csv",test
madang5/simcheongga/gimsuyeon/pan-sim-009-012 gimsuyeon simcheongga/pan-sim-010 gimsuyeon simcheongga II/05-gimsuyeon-simcheongga_buchin wirohago hananimjeon bineunde.csv,train
"madang5/simcheongga/gimsuyeon/pan-sim-009-012 gimsuyeon simcheongga/pan-sim-010 gimsuyeon simcheongga II/06-gimsuyeon-simcheongga_simcheong,gongyangmi sambaekseoge mom paneunde.csv",valid
madang5/simcheongga/gimsuyeon/pan-sim-009-012 gimsuyeon simcheongga/pan-sim-010 gimsuyeon simcheongga II/07-gimsuyeon-simcheongga_simcheongi buchinkke sasil malhaneunde.csv,test
madang5/simcheongga/gimsuyeon/pan-sim-009-012 gimsuyeon simcheongga/pan-sim-010 gimsuyeon simcheongga II/08-gimsuyeon-simcheongga_simbongsa gimakhyeo haneunde.csv,train
madang5/simcheongga/gimsuyeon/pan-sim-009-012 gimsuyeon simcheongga/pan-sim-011 gimsuyeon simcheongga III/01-gimsuyeon-simcheongga_jangseungsangdaek buini cheongi buyeojapgo uneunde.csv,valid
"madang5/simcheongga/gimsuyeon/pan-sim-009-012 gimsuyeon simcheongga/pan-sim-011 gimsuyeon simcheongga III/02-gimsuyeon-simcheongga_simcheongi,seonindeul ttara ganeunde.csv",train
madang5/simcheongga/gimsuyeon/pan-sim-009-012 gimsuyeon simcheongga/pan-sim-011 gimsuyeon simcheongga III/03-gimsuyeon-simcheongga_beompijungryu.csv,train
madang5/simcheongga/gimsuyeon/pan-sim-009-012 gimsuyeon simcheongga/pan-sim-011 gimsuyeon simcheongga III/04-gimsuyeon-simcheongga_hangoseul dangdohani.csv,train
madang5/simcheongga/gimsuyeon/pan-sim-009-012 gimsuyeon simcheongga/pan-sim-011 gimsuyeon simcheongga III/05-gimsuyeon-simcheongga_simcheongi indangsue ttwieodeuneunde.csv,train
"madang5/simcheongga/gimsuyeon/pan-sim-009-012 gimsuyeon simcheongga/pan-sim-011 gimsuyeon simcheongga III/06-gimsuyeon-simcheongga_simcheong,yonggungeseo eomeoni mannaneunde.csv",test
madang5/simcheongga/gimsuyeon/pan-sim-009-012 gimsuyeon simcheongga/pan-sim-011 gimsuyeon simcheongga III/07-gimsuyeon-simcheongga_kkotbonguri tago indangsuro hwansaenghaneunde.csv,train
madang5/simcheongga/gimsuyeon/pan-sim-009-012 gimsuyeon simcheongga/pan-sim-011 gimsuyeon simcheongga III/08-gimsuyeon-simcheongga_simcheongi ipgunghaneunde.csv,train
madang5/simcheongga/gimsuyeon/pan-sim-009-012 gimsuyeon simcheongga/pan-sim-012 gimsuyeon simcheongga IV/01-gimsuyeon-simcheongga_chuwolmanjeong.csv,train
"madang5/simcheongga/gimsuyeon/pan-sim-009-012 gimsuyeon simcheongga/pan-sim-012 gimsuyeon simcheongga IV/02-gimsuyeon-simcheongga_simbongsa,ppaengdeogeomeomgwa hwangseonggil tteonaneunde.csv",train
madang5/simcheongga/gimsuyeon/pan-sim-009-012 gimsuyeon simcheongga/pan-sim-012 gimsuyeon simcheongga IV/03-gimsuyeon-simcheongga_ppaengdeogine hwangbongsawa domang haneunde.csv,train
madang5/simcheongga/gimsuyeon/pan-sim-009-012 gimsuyeon simcheongga/pan-sim-012 gimsuyeon simcheongga IV/04-gimsuyeon-simcheongga_bangataryeong haneunde.csv,train
"madang5/simcheongga/gimsuyeon/pan-sim-009-012 gimsuyeon simcheongga/pan-sim-012 gimsuyeon simcheongga IV/05-gimsuyeon-simcheongga_simbongsa,anssimaengin mannaneunde.csv",train
madang5/simcheongga/gimsuyeon/pan-sim-009-012 gimsuyeon simcheongga/pan-sim-012 gimsuyeon simcheongga IV/06-gimsuyeon-simcheongga_simbongsa nun tteuneunde.csv,valid
madang5/simcheongga/gimsuyeon/pan-sim-009-012 gimsuyeon simcheongga/pan-sim-012 gimsuyeon simcheongga IV/07-gimsuyeon-simcheongga_manjwa maengini nun tteuneunde.csv,train
madang5/simcheongga/gimsuyeon/pan-sim-009-012 gimsuyeon simcheongga/pan-sim-012 gimsuyeon simcheongga IV/08-gimsuyeon-simcheongga_hwangbongsa yongseobatgo~kkeutkkaji.csv,train
madang5/simcheongga/gimyeongja/pan-sim-021 gimyeongja sorisaem simcheongga/pan-sim-021 gimyeongja sorisaem simcheongga 1jip/01-gimyeongja-simcheongga_(aniri)songnara wonpung malnyeonebuteo (aniri)han du jipman danyeooneorakkaji.csv,train
madang5/simcheongga/gimyeongja/pan-sim-021 gimyeongja sorisaem simcheongga/pan-sim-021 gimyeongja sorisaem simcheongga 2jip/01-gimyeongja-simcheongga_(jungmeori)simcheongi geodong bwarabuteo (jungjungmeori)aigo abeojikkaji.csv,train
madang5/simcheongga/gimyeongja/pan-sim-021 gimyeongja sorisaem simcheongga/pan-sim-021 gimyeongja sorisaem simcheongga 3jip/01-gimyeongja-simcheongga_(aniri)seonindeuri i jeongsangeul bogobuteo (jungjungmeori)beol nabi sae jimseungdeuri jiji ulmyeo nonindakkaji.csv,train
madang5/simcheongga/gimyeongja/pan-sim-021 gimyeongja sorisaem simcheongga/pan-sim-021 gimyeongja sorisaem simcheongga 4jip/01-gimyeongja-simcheongga_(aniri)ittaeedo seonjuneun cheonjakkeseo hwachoreul guhasindanbuteo (eotjungmeori)hogado jangchang buragira geuman deojil deojilkkaji.csv,train
madang5/simcheongga/gimyeonsu/dongcho gimyeonsu simcheongga/dongcho gimyeonsu simcheongga1/01 simcheongga -- gwakssi buin sakbaneujil.csv,train
madang5/simcheongga/gimyeonsu/dongcho gimyeonsu simcheongga/dongcho gimyeonsu simcheongga1/02 simcheongga -- simcheong chulsan.csv,train
madang5/simcheongga/gimyeonsu/dongcho gimyeonsu simcheongga/dongcho gimyeonsu simcheongga1/03 simcheongga -- gwakssi jugeum.csv,valid
madang5/simcheongga/gimyeonsu/dongcho gimyeonsu simcheongga/dongcho gimyeonsu simcheongga1/04 simcheongga -- gwakssi jangsa.csv,train
madang5/simcheongga/gimyeonsu/dongcho gimyeonsu simcheongga/dongcho gimyeonsu simcheongga1/05 simcheongga -- simbongsa jeotdongnyang.csv,train
madang5/simcheongga/gimyeonsu/dongcho gimyeonsu simcheongga/dongcho gimyeonsu simcheongga2/01 simcheongga -- simcheong dongnyang.csv,valid
madang5/simcheongga/gimyeonsu/dongcho gimyeonsu simcheongga/dongcho gimyeonsu simcheongga2/02 simcheongga -- jangseungsangdaek.csv,train
madang5/simcheongga/gimyeonsu/dongcho gimyeonsu simcheongga/dongcho gimyeonsu simcheongga2/03 simcheongga -- simbongsa mure ppajim.csv,train
madang5/simcheongga/gimyeonsu/dongcho gimyeonsu simcheongga/dongcho gimyeonsu simcheongga2/04 simcheongga -- simcheong buchin wiro.csv,train
madang5/simcheongga/gimyeonsu/dongcho gimyeonsu simcheongga/dongcho gimyeonsu simcheongga2/05 simcheongga -- simcheong momeul pam.csv,valid
madang5/simcheongga/gimyeonsu/dongcho gimyeonsu simcheongga/dongcho gimyeonsu simcheongga2/06 simcheongga -- simcheong tteonam.csv,train
madang5/simcheongga/gimyeonsu/dongcho gimyeonsu simcheongga/dongcho gimyeonsu simcheongga3/01 simcheongga -- simcheong hwasang.csv,train
madang5/simcheongga/gimyeonsu/dongcho gimyeonsu simcheongga/dongcho gimyeonsu simcheongga3/02 simcheongga -- simcheong indangsuro.csv,train
madang5/simcheongga/gimyeonsu/dongcho gimyeonsu simcheongga/dongcho gimyeonsu simcheongga3/03 simcheongga -- simcheong tusin.csv,test
madang5/simcheongga/gimyeonsu/dongcho gimyeonsu simcheongga/dongcho gimyeonsu simcheongga3/04 simcheongga -- simcheong yonggungeuro gam.csv,train
madang5/simcheongga/gimyeonsu/dongcho gimyeonsu simcheongga/dongcho gimyeonsu simcheongga3/05 simcheongga -- tarubi.csv,train
madang5/simcheongga/gimyeonsu/dongcho gimyeonsu simcheongga/dongcho gimyeonsu simcheongga4/01 simcheongga -- simcheonggwa gwakssiui mannam.csv,train
madang5/simcheongga/gimyeonsu/dongcho gimyeonsu simcheongga/dongcho gimyeonsu simcheongga4/02 simcheongga -- simcheong hwansaeng.csv,test
madang5/simcheongga/gimyeonsu/dongcho gimyeonsu simcheongga/dongcho gimyeonsu simcheongga4/03 simcheongga -- hwachotaryeong.csv,train
madang5/simcheongga/gimyeonsu/dongcho gimyeonsu simcheongga/dongcho gimyeonsu simcheongga4/04 simcheongga -- simcheonggwa hwangje honrye.csv,valid
madang5/simcheongga/gimyeonsu/dongcho gimyeonsu simcheongga/dongcho gimyeonsu simcheongga4/05 simcheongga -- simcheong maenginjanchi jineon.csv,train
madang5/simcheongga/gimyeonsu/dongcho gimyeonsu simcheongga/dongcho gimyeonsu simcheongga4/06 simcheongga -- ppaengdeogine.csv,valid
"madang5/simcheongga/gimyeonsu/dongcho gimyeonsu simcheongga/dongcho gimyeonsu simcheongga4/07 simcheongga -- jjaktaryeong, ppaengdeogine haengsil.csv",train
madang5/simcheongga/gimyeonsu/dongcho gimyeonsu simcheongga/dongcho gimyeonsu simcheongga4/08 simcheongga -- simbongsa hwangseonggil.csv,valid
madang5/simcheongga/gimyeonsu/dongcho gimyeonsu simcheongga/dongcho gimyeonsu simcheongga5/01 simcheongga -- pajapuri.csv,train
madang5/simcheongga/gimyeonsu/dongcho gimyeonsu simcheongga/dongcho gimyeonsu simcheongga5/02 simcheongga -- ppaengdeogine domang.csv,train
madang5/simcheongga/gimyeonsu/dongcho gimyeonsu simcheongga/dongcho gimyeonsu simcheongga5/03 simcheongga -- simbongsa mogyok.csv,test
madang5/simcheongga/gimyeonsu/dongcho gimyeonsu simcheongga/dongcho gimyeonsu simcheongga5/04 simcheongga -- bangataryeong.csv,train
madang5/simcheongga/gimyeonsu/dongcho gimyeonsu simcheongga/dongcho gimyeonsu simcheongga5/05 simcheongga -- anssi maengin.csv,train
madang5/simcheongga/gimyeonsu/dongcho gimyeonsu simcheongga/dongcho gimyeonsu simcheongga5/06 simcheongga -- simbongsa gaean.csv,train
madang5/simcheongga/gimyeonsu/dongcho gimyeonsu simcheongga/dongcho gimyeonsu simcheongga5/07 simcheongga -- yeoreo maengin gaean.csv,train
"madang5/simcheongga/gimyeonsu/dongcho gimyeonsu simcheongga/dongcho gimyeonsu simcheongga5/08 simcheongga -- hwangbongsa, huildam.csv",train
madang5/simcheongga/gimyeonsu/pan-0-021 pansori myeongchang gimyeonsu simcheongga/01-gimyeonsu-simcheongga_simbongsa mangsadaereul chajaganeun de.csv,train
madang5/simcheongga/gimyeonsu/pan-0-021 pansori myeongchang gimyeonsu simcheongga/02-gimyeonsu-simcheongga_simbongsaga ppaengpawa manna salge doeneun de~jjaktaryeong.csv,train
madang5/simcheongga/gimyeonsu/pan-0-021 pansori myeongchang gimyeonsu simcheongga/03-gimyeonsu-simcheongga_ppaengpaui geureun haengsil naoneun de.csv,train
madang5/simcheongga/gimyeonsu/pan-0-021 pansori myeongchang gimyeonsu simcheongga/04-gimyeonsu-simcheongga_simbongsa hwangseongeuro tteonage doeneun de.csv,train
madang5/simcheongga/gimyeonsu/pan-0-021 pansori myeongchang gimyeonsu simcheongga/05-gimyeonsu-simcheongga_hwangseong ganeun bongsadeuri seoro tongseongmyeong haneun de~ppaengpa domangganeun de.csv,train
"madang5/simcheongga/gimyeoran/pan-0-017 bikteo yuseonggi wonban sirijeu 10 gimyeoran,gimsohui choginogeum seonjip/02-gimyeoran-simcheongga jung simcheongi indangsue ppajineun de.csv",valid
madang5/simcheongga/hanaesun/pan-sim-024 beuritaenikeo pansori simcheongga 5/pan-sim-024 beuritaenikeo pansori simcheongga 5-1/01-hanaesun-simcheongga_song taejo ipgukjichoe(aniri)~.csv,train
madang5/simcheongga/hanaesun/pan-sim-024 beuritaenikeo pansori simcheongga 5/pan-sim-024 beuritaenikeo pansori simcheongga 5-1/02-hanaesun-simcheongga_~jugwapo jakjanhyeyeo(jinyang).csv,train
madang5/simcheongga/hanaesun/pan-sim-024 beuritaenikeo pansori simcheongga 5/pan-sim-024 beuritaenikeo pansori simcheongga 5-2/01-hanaesun-simcheongga_gwak ssi buineul jangsaheogo(aniri)~.csv,train
madang5/simcheongga/hanaesun/pan-sim-024 beuritaenikeo pansori simcheongga 5/pan-sim-024 beuritaenikeo pansori simcheongga 5-2/02-hanaesun-simcheongga_~sim cheongi deureoonda(jajeunmori).csv,train
madang5/simcheongga/hanaesun/pan-sim-024 beuritaenikeo pansori simcheongga 5/pan-sim-024 beuritaenikeo pansori simcheongga 5-3/01-hanaesun-simcheongga_nong anui oseul naeya(aniri)~.csv,train
"madang5/simcheongga/hanaesun/pan-sim-024 beuritaenikeo pansori simcheongga 5/pan-sim-024 beuritaenikeo pansori simcheongga 5-3/02-hanaesun-simcheongga_~beompijungryu,dungdeongsil tteonaganda(jinyang).csv",train
madang5/simcheongga/hanaesun/pan-sim-024 beuritaenikeo pansori simcheongga 5/pan-sim-024 beuritaenikeo pansori simcheongga 5-4/01-hanaesun-simcheongga_sosang palgyeong jinaegal je(jungmori)~.csv,train
madang5/simcheongga/hanaesun/pan-sim-024 beuritaenikeo pansori simcheongga 5/pan-sim-024 beuritaenikeo pansori simcheongga 5-4/02-hanaesun-simcheongga_~ilgwansikyeo taegilhaya(jungjungmori).csv,train
madang5/simcheongga/hanaesun/pan-sim-024 beuritaenikeo pansori simcheongga 5/pan-sim-024 beuritaenikeo pansori simcheongga 5-5/01-hanaesun-simcheongga_hwanghuneun doeyasseuna(aniri)~.csv,train
madang5/simcheongga/hanaesun/pan-sim-024 beuritaenikeo pansori simcheongga 5/pan-sim-024 beuritaenikeo pansori simcheongga 5-5/02-hanaesun-simcheongga_~yeoreo bongsa nun tteugo(jungjungmori).csv,train
madang5/simcheongga/hapchang/pan-sim-017 myeongchang simcheongga Vol.1/pan-sim-017 myeongchang simcheongga Vol.1 CD1/01-simcheongga haeseol.csv,test
madang5/simcheongga/hapchang/pan-sim-017 myeongchang simcheongga Vol.1/pan-sim-017 myeongchang simcheongga Vol.1 CD1/02-simcheongga_choip~simbongsawa gwakssibuin taemongkkuneunde.csv,train
madang5/simcheongga/hapchang/pan-sim-017 myeongchang simcheongga Vol.1/pan-sim-017 myeongchang simcheongga Vol.1 CD1/03-simcheongga_simcheongui tansaenggwa gwakssibuinui jugeum.csv,train
madang5/simcheongga/hapchang/pan-sim-017 myeongchang simcheongga Vol.1/pan-sim-017 myeongchang simcheongga Vol.1 CD1/04-simcheongga_simbongsa gwakssibuinui jugeumeul algo silseong haneunde~gwakssibuin sangyeonaganeunde.csv,train
madang5/simcheongga/hapchang/pan-sim-017 myeongchang simcheongga Vol.1/pan-sim-017 myeongchang simcheongga Vol.1 CD1/05-simcheongga_simbongsa hamkke jukgiro jakjeonghaneunde(jugwapohye).csv,train
madang5/simcheongga/hapchang/pan-sim-017 myeongchang simcheongga Vol.1/pan-sim-017 myeongchang simcheongga Vol.1 CD1/06-simcheongga_simbongsa jibeuro doraoneunde~simbongsa jeotdongnyang danineunde.csv,train
madang5/simcheongga/hapchang/pan-sim-017 myeongchang simcheongga Vol.1/pan-sim-017 myeongchang simcheongga Vol.1 CD2/01-simcheongga_simcheongi bap bilreoganeunde~simcheong jangseonghu jangseungsangdaek geonneoganeunde.csv,valid
madang5/simcheongga/hapchang/pan-sim-017 myeongchang simcheongga Vol.1/pan-sim-017 myeongchang simcheongga Vol.1 CD2/02-simcheongga_simbongsa ttal gidarida mure ppajineunde~jungi mure ppajin simbongsa guhaneunde.csv,valid
madang5/simcheongga/hapchang/pan-sim-017 myeongchang simcheongga Vol.1/pan-sim-017 myeongchang simcheongga Vol.1 CD2/03-simcheongga_simbongsa gongyangmi sambaekseok gwonseonhaneunde~simcheong abeojireul wirohaneunde.csv,train
madang5/simcheongga/hapchang/pan-sim-017 myeongchang simcheongga Vol.1/pan-sim-017 myeongchang simcheongga Vol.1 CD2/04-simcheongga_simcheong gongyangmi sambaekseoge momeul palgo haengseoneul junbihaneunde.csv,train
madang5/simcheongga/hapchang/pan-sim-018 myeongchang simcheongga Vol.2/pan-sim-018 myeongchang simcheongga Vol.2 CD1/01-simcheongga_jangseungsangdaek buini manryuhaneunde~simcheong seonindeul ttaraganeunde.csv,train
madang5/simcheongga/hapchang/pan-sim-018 myeongchang simcheongga Vol.2/pan-sim-018 myeongchang simcheongga Vol.2 CD1/02-simcheongga_simcheong imdangsue ppajineunde.csv,train
madang5/simcheongga/hapchang/pan-sim-018 myeongchang simcheongga Vol.2/pan-sim-018 myeongchang simcheongga Vol.2 CD1/03-simcheongga_simcheonggwa eomeoniui mannam~simcheongui hwansaeng.csv,train
madang5/simcheongga/hapchang/pan-sim-018 myeongchang simcheongga Vol.2/pan-sim-018 myeongchang simcheongga Vol.2 CD1/04-simcheongga_hwachotaryeong~simcheonghwanghuga doeeo maenginjanchireul yeolgiro ham.csv,train
madang5/simcheongga/hapchang/pan-sim-018 myeongchang simcheongga Vol.2/pan-sim-018 myeongchang simcheongga Vol.2 CD2/01-simcheongga_simbongsa ppaengdeoginewa hwangseonggil tteonaneunde~ppaengdeogine domanggane.csv,train
madang5/simcheongga/hapchang/pan-sim-018 myeongchang simcheongga Vol.2/pan-sim-018 myeongchang simcheongga Vol.2 CD2/02-simcheongga_bangataryeong~simbongsa anssimaengin mannaneunde.csv,train
madang5/simcheongga/hapchang/pan-sim-018 myeongchang simcheongga Vol.2/pan-sim-018 myeongchang simcheongga Vol.2 CD2/03-simcheongga_bunyeosangbongga simbongsa nuntteuneunde.csv,train
"madang5/simcheongga/hyeonmi/pansori pansoriui jeolmeun myeongchangdeul CD-1/11-hyeonmi(chang),ibonggeun(gosu)-simcheongga_simcheong,indangsu tusin_aniri,jinyangjo.csv",test
"madang5/simcheongga/hyeonmi/pansori pansoriui jeolmeun myeongchangdeul CD-1/12-hyeonmi(chang),ibonggeun(gosu)-simcheongga_simcheong,indangsu tusin_eotmori,jajinmori.csv",valid
"madang5/simcheongga/hyeonmi/pansori pansoriui jeolmeun myeongchangdeul CD-1/13-hyeonmi(chang),ibonggeun(gosu)-simcheongga_simcheong,indangsu tusin_jinyangjo.csv",test
madang5/simcheongga/idongbaek/gimseonyeongsojang yuseonggieumban(MP3)/21 - beompijungyu(1)-idongbaek.csv,train
madang5/simcheongga/idongbaek/gimseonyeongsojang yuseonggieumban(MP3)/22 - beompijungyu(2)-idongbaek.csv,train
madang5/simcheongga/idongbaek/pan-0-014 bikteo yuseonggi wonban sirijeu 13 30nyeondae pansori geoljakjip/03-idongbaek-simcheongga jung simcheongi buchingwa ibyeolhaneun de.csv,train
madang5/simcheongga/idongbaek/pan-chun-038 pansori5myeongchang/12-idongbaek-simbongsa nuntteuneun daemok(simcheongjeon)_simbongsawa simhwanghu sangbong.csv,train
madang5/simcheongga/ihwajungseon/myeongchang ihwajungseon pansoriseonjip/07-ihwajungseon-simhwanghu sachinga.csv,train
madang5/simcheongga/ihwajungseon/myeongchang ihwajungseon pansoriseonjip/08-ihwajungseon-sosangpalgyeong.csv,train
"madang5/simcheongga/ihwajungseon/pan-0-006 SPsidaeui pansori yeoryu myeongchangdeul 3 ihwajungseon,singeumhong/03-ihwajungseon-simcheongi bae tago imdangsuro.csv",train
madang5/simcheongga/ihwajungseon/pan-chun-035 hangugui widaehan pansori myeongchangdeul(III) ihwajungseon/08-ihwajungseon-seoninttara ganeunde.csv,train
madang5/simcheongga/ihwajungseon/pan-chun-035 hangugui widaehan pansori myeongchangdeul(III) ihwajungseon/09-ihwajungseon-beompijungryu.csv,test
madang5/simcheongga/ihwajungseon/pan-chun-035 hangugui widaehan pansori myeongchangdeul(III) ihwajungseon/10-ihwajungseon-simhwanghu sachinga.csv,train
madang5/simcheongga/iilju/iilju myeongchang simcheongga 4CD/iilju myeongchang simcheongga CD-1/01-iilju-danga chohanga.csv,train
madang5/simcheongga/iilju/iilju myeongchang simcheongga 4CD/iilju myeongchang simcheongga CD-1/02-iilju-simcheongga_gwakssibuin eojin haengsil.csv,train
madang5/simcheongga/iilju/iilju myeongchang simcheongga 4CD/iilju myeongchang simcheongga CD-1/03-iilju-simcheongga_simcheong tansaeng.csv,train
madang5/simcheongga/iilju/iilju myeongchang simcheongga 4CD/iilju myeongchang simcheongga CD-1/04-iilju-simcheongga_gwakssi jugeum.csv,train
madang5/simcheongga/iilju/iilju myeongchang simcheongga 4CD/iilju myeongchang simcheongga CD-1/05-iilju-simcheongga_gwakssi jangrye.csv,train
madang5/simcheongga/iilju/iilju myeongchang simcheongga 4CD/iilju myeongchang simcheongga CD-1/06-iilju-simcheongga_jeotdongnyang.csv,train
madang5/simcheongga/iilju/iilju myeongchang simcheongga 4CD/iilju myeongchang simcheongga CD-1/07-iilju-simcheongga_simcheong simbongsa bongyang.csv,train
madang5/simcheongga/iilju/iilju myeongchang simcheongga 4CD/iilju myeongchang simcheongga CD-2/01-iilju-simcheongga_jangseungsangdaek.csv,train
madang5/simcheongga/iilju/iilju myeongchang simcheongga 4CD/iilju myeongchang simcheongga CD-2/02-iilju-simcheongga_simbongsa mure ppajim.csv,train
madang5/simcheongga/iilju/iilju myeongchang simcheongga 4CD/iilju myeongchang simcheongga CD-2/03-iilju-simcheongga_gongyangmi siju yaksok.csv,valid
madang5/simcheongga/iilju/iilju myeongchang simcheongga 4CD/iilju myeongchang simcheongga CD-2/04-iilju-simcheongga_seonindeulkke momeul pam.csv,train
madang5/simcheongga/iilju/iilju myeongchang simcheongga 4CD/iilju myeongchang simcheongga CD-2/05-iilju-simcheongga_simcheong hajik.csv,train
madang5/simcheongga/iilju/iilju myeongchang simcheongga 4CD/iilju myeongchang simcheongga CD-2/06-iilju-simcheongga_jangseungsangdaek hajik.csv,train
madang5/simcheongga/iilju/iilju myeongchang simcheongga 4CD/iilju myeongchang simcheongga CD-2/07-iilju-simcheongga_seonindeureul ttaragam.csv,train
madang5/simcheongga/iilju/iilju myeongchang simcheongga 4CD/iilju myeongchang simcheongga CD-3/01-iilju-simcheongga_indangsuro hyangham.csv,train
madang5/simcheongga/iilju/iilju myeongchang simcheongga 4CD/iilju myeongchang simcheongga CD-3/02-iilju-simcheongga_indangsu tusin.csv,train
madang5/simcheongga/iilju/iilju myeongchang simcheongga 4CD/iilju myeongchang simcheongga CD-3/03-iilju-simcheongga_yonggung dangdo.csv,train
madang5/simcheongga/iilju/iilju myeongchang simcheongga 4CD/iilju myeongchang simcheongga CD-3/04-iilju-simcheongga_seungsangbuin tansik.csv,train
madang5/simcheongga/iilju/iilju myeongchang simcheongga 4CD/iilju myeongchang simcheongga CD-3/05-iilju-simcheongga_simcheong monyeo sangbong.csv,train
madang5/simcheongga/iilju/iilju myeongchang simcheongga 4CD/iilju myeongchang simcheongga CD-3/06-iilju-simcheongga_simcheong hwansaeng.csv,train
madang5/simcheongga/iilju/iilju myeongchang simcheongga 4CD/iilju myeongchang simcheongga CD-3/07-iilju-simcheongga_hwachotaryeong.csv,train
madang5/simcheongga/iilju/iilju myeongchang simcheongga 4CD/iilju myeongchang simcheongga CD-3/08-iilju-simcheongga_simcheong hwanghu doeda.csv,train
madang5/simcheongga/iilju/iilju myeongchang simcheongga 4CD/iilju myeongchang simcheongga CD-3/09-iilju-simcheongga_simhwanghu tansik.csv,test
madang5/simcheongga/iilju/iilju myeongchang simcheongga 4CD/iilju myeongchang simcheongga CD-4/01-iilju-simcheongga_simbongsa tansik.csv,train
madang5/simcheongga/iilju/iilju myeongchang simcheongga 4CD/iilju myeongchang simcheongga CD-4/02-iilju-simcheongga_ppaengdeogine gasan tangjin.csv,train
madang5/simcheongga/iilju/iilju myeongchang simcheongga 4CD/iilju myeongchang simcheongga CD-4/03-iilju-simcheongga_ppaengdeogine domang.csv,valid
madang5/simcheongga/iilju/iilju myeongchang simcheongga 4CD/iilju myeongchang simcheongga CD-4/04-iilju-simcheongga_simbongsa mogyok.csv,train
madang5/simcheongga/iilju/iilju myeongchang simcheongga 4CD/iilju myeongchang simcheongga CD-4/05-iilju-simcheongga_bangataryeong.csv,valid
madang5/simcheongga/iilju/iilju myeongchang simcheongga 4CD/iilju myeongchang simcheongga CD-4/06-iilju-simcheongga_anssi maengin.csv,train
madang5/simcheongga/iilju/iilju myeongchang simcheongga 4CD/iilju myeongchang simcheongga CD-4/07-iilju-simcheongga_simbongsa gaean.csv,test
madang5/simcheongga/iilju/iilju myeongchang simcheongga 4CD/iilju myeongchang simcheongga CD-4/08-iilju-simcheongga_maengindeul songchuk.csv,train
"madang5/simcheongga/iilju/iilju myeongchang simcheongga 4CD/iilju myeongchang simcheongga CD-4/09-iilju-simcheongga_hwangbongsa nwiuchim,huildam.csv",train
madang5/simcheongga/iimrye/pan-0-029 deugeum Vol.4 jeonju daesaseup pansori myeongchangbu jangwonja nundaemok4/02-iimrye-simcheongga_simcheongi indangsu ppajineunde.csv,train
madang5/simcheongga/imbangul/pan-0-014 bikteo yuseonggi wonban sirijeu 13 30nyeondae pansori geoljakjip/06-imbangul-simcheongga jung simbongsa nun tteuneun de.csv,train
madang5/simcheongga/iseonyu/gimseonyeongsojang yuseonggieumban(MP3)/02 - simcheongga gwakssibuin pumpari-iseonyu.csv,valid
madang5/simcheongga/iseonyu/myeonginmyeongchangseonjip(6) dongpyeonje pansori/07-iseonyu-simcheongga jung sosangpalgyeong.csv,test
madang5/simcheongga/iseonyu/pan-chun-036 pansorimyeongchang iseonyu/04-iseonyu-simcheongga_seungsangbuin chajaganeunde.csv,train
madang5/simcheongga/iseonyu/pan-chun-036 pansorimyeongchang iseonyu/05-iseonyu-simcheongga_sosangpalgyeong.csv,train
"madang5/simcheongga/jangyeongchan/pan-0-022 jangyeonchan pansori 2 simcheongga,heungboga/01-jangyeonchan-simcheongga_anssimaengin mannaneunde.csv",train
"madang5/simcheongga/jangyeongchan/pan-0-022 jangyeonchan pansori 2 simcheongga,heungboga/02-jangyeonchan-simcheongga_maenginjanchi chamryedaemok.csv",train
"madang5/simcheongga/jangyeongchan/pan-0-022 jangyeonchan pansori 2 simcheongga,heungboga/03-jangyeonchan-simcheongga_bunyeosangbong,nuntteuneunde.csv",train
"madang5/simcheongga/jangyeongchan/pan-0-022 jangyeonchan pansori 2 simcheongga,heungboga/04-jangyeonchan-simcheongga_simbongsa gippeo noneunde.csv",train
"madang5/simcheongga/jangyeongchan/pan-0-022 jangyeonchan pansori 2 simcheongga,heungboga/05-jangyeonchan-simcheongga_hwangbongsa sajoe,kkeutkkaji.csv",train
madang5/simcheongga/jangyeongchan/pan-sim-005 jangyeongchan pansori 1 simcheongga/01-jangyeongchan-simcheongga_imdangsuro hyanghaneunde.csv,train
madang5/simcheongga/jangyeongchan/pan-sim-005 jangyeongchan pansori 1 simcheongga/02-jangyeongchan-simcheongga_imdangsu dangdohande.csv,train
madang5/simcheongga/jangyeongchan/pan-sim-005 jangyeongchan pansori 1 simcheongga/03-jangyeongchan-simcheongga_imdangsu ppajineunde.csv,train
madang5/simcheongga/jangyeongchan/pan-sim-005 jangyeongchan pansori 1 simcheongga/04-jangyeongchan-simcheongga_simcheongi sugungdeuneunde.csv,train
madang5/simcheongga/jangyeongchan/pan-sim-005 jangyeongchan pansori 1 simcheongga/05-jangyeongchan-simcheongga_monyeosangbong haneunde.csv,train
madang5/simcheongga/jangyeongchan/pan-sim-005 jangyeongchan pansori 1 simcheongga/06-jangyeongchan-simcheongga_imdangsu tteooreuneunde.csv,train
madang5/simcheongga/jangyeongchan/pan-sim-005 jangyeongchan pansori 1 simcheongga/07-jangyeongchan-simcheongga_hwachoga.csv,train
madang5/simcheongga/jangyeongchan/pan-sim-005 jangyeongchan pansori 1 simcheongga/08-jangyeongchan-simcheongga_simcheong hwanghudoeneunde.csv,train
madang5/simcheongga/jangyeongchan/pan-sim-005 jangyeongchan pansori 1 simcheongga/09-jangyeongchan-simcheongga_simhwanghu buchinsaenggak(chuwolmanjeong).csv,train
madang5/simcheongga/jangyeongchan/pan-sim-005 jangyeongchan pansori 1 simcheongga/10-jangyeongchan-simcheongga_simbongsa ttal geuriwo haneunde.csv,train
madang5/simcheongga/jangyeongchan/pan-sim-005 jangyeongchan pansori 1 simcheongga/11-jangyeongchan-simcheongga_ppaengdeogeomeomui haengsil.csv,train
madang5/simcheongga/jangyeongchan/pan-sim-005 jangyeongchan pansori 1 simcheongga/12-jangyeongchan-simcheongga_hwangseonggil tteonaneunde.csv,train
madang5/simcheongga/jangyeongchan/pan-sim-005 jangyeongchan pansori 1 simcheongga/13-jangyeongchan-simcheongga_simbongsa mogyokhaneunde.csv,train
madang5/simcheongga/jangyeongchan/pan-sim-005 jangyeongchan pansori 1 simcheongga/14-jangyeongchan-simcheongga_simbongsa uibok ilko jatanhaneunde.csv,valid
madang5/simcheongga/jangyeongchan/pan-sim-005 jangyeongchan pansori 1 simcheongga/15-jangyeongchan-simcheongga_gwanjangmannaneunde.csv,train
madang5/simcheongga/jangyeongchan/pan-sim-005 jangyeongchan pansori 1 simcheongga/16-jangyeongchan-simcheongga_bangataryeong.csv,test
madang5/simcheongga/jeonggwonjin/pan-sim-014-016 jeonggwonjin chang simcheongga gosu ijeongeop/pan-sim-014 jeonggwonjin chang simcheongga 1 gosu ijeongeop/01-jeonggwonjin-simcheongga_cheoeum~gwakssibuin samang.csv,train
madang5/simcheongga/jeonggwonjin/pan-sim-014-016 jeonggwonjin chang simcheongga gosu ijeongeop/pan-sim-014 jeonggwonjin chang simcheongga 1 gosu ijeongeop/02-jeonggwonjin-simcheongga_gwakssi sangyeo naganeun daemok~simcheong dongnyanghaneun daemok.csv,train
madang5/simcheongga/jeonggwonjin/pan-sim-014-016 jeonggwonjin chang simcheongga gosu ijeongeop/pan-sim-014 jeonggwonjin chang simcheongga 1 gosu ijeongeop/03-jeonggwonjin-simcheongga_seungsangbuini simcheongeul bureum~simcheongi jigeuksingongeul deurim.csv,train
madang5/simcheongga/jeonggwonjin/pan-sim-014-016 jeonggwonjin chang simcheongga gosu ijeongeop/pan-sim-015 jeonggwonjin chang simcheongga 2 gosu ijeongeop/01-jeonggwonjin-simcheongga_simcheongi seonindeulgwa yaksokham~simcheongi seoninttara ganeun daemok.csv,train
madang5/simcheongga/jeonggwonjin/pan-sim-014-016 jeonggwonjin chang simcheongga gosu ijeongeop/pan-sim-015 jeonggwonjin chang simcheongga 2 gosu ijeongeop/02-jeonggwonjin-simcheongga_beompijungryu~simcheongi okhwangsangjeui daejeobeul badeum.csv,train
madang5/simcheongga/jeonggwonjin/pan-sim-014-016 jeonggwonjin chang simcheongga gosu ijeongeop/pan-sim-015 jeonggwonjin chang simcheongga 2 gosu ijeongeop/03-jeonggwonjin-simcheongga_simcheongi eomeoniwa sangbong~simcheongi haedanghwaro hwansaengham.csv,train
madang5/simcheongga/jeonggwonjin/pan-sim-014-016 jeonggwonjin chang simcheongga gosu ijeongeop/pan-sim-016 jeonggwonjin chang simcheongga 3 gosu ijeongeop/01-jeonggwonjin-simcheongga_simcheongi cheonjawa mannam~simbongsa ppaengpawa salgedoem.csv,train
madang5/simcheongga/jeonggwonjin/pan-sim-014-016 jeonggwonjin chang simcheongga gosu ijeongeop/pan-sim-016 jeonggwonjin chang simcheongga 3 gosu ijeongeop/02-jeonggwonjin-simcheongga_ppaengpa simbongsaui jaesaneul tangjinham~bangataryeong.csv,test
madang5/simcheongga/jeonggwonjin/pan-sim-014-016 jeonggwonjin chang simcheongga gosu ijeongeop/pan-sim-016 jeonggwonjin chang simcheongga 3 gosu ijeongeop/03-jeonggwonjin-simcheongga_simbongsa kkumeul haemongham~simbongsa nuntteuneun daemokgwa janchi.csv,train
madang5/simcheongga/jeongjeongryeol/pan-0-031 pansori 5myeongchang jeongjeongryeol/11-jeongjeongryeol-simcheongga_monyeosangbong.csv,test
"madang5/simcheongga/jeongsunim/pan-sim-027 jeongsunim simcheongga bakdongsilje/pan-sim-027 jeongsunim simcheongga bakdongsilje CD1/01-jeongsunim-simcheongga_cheoeumbuteon~simcheong,simbongsaege bap bilgi aroeneunde.csv",train
madang5/simcheongga/jeongsunim/pan-sim-027 jeongsunim simcheongga bakdongsilje/pan-sim-027 jeongsunim simcheongga bakdongsilje CD2/01-jeongsunim-simcheongga_simcheongi bap bilreo naganeunde~simcheongi simbongsaege ibyeol gohaneunde.csv,train
madang5/simcheongga/jeongsunim/pan-sim-027 jeongsunim simcheongga bakdongsilje/pan-sim-027 jeongsunim simcheongga bakdongsilje CD3/01-jeongsunim-simcheongga_simcheongi seonindeul ttara ganeunde~simcheongi cheonja mannaneunde.csv,train
madang5/simcheongga/jeongsunim/pan-sim-027 jeongsunim simcheongga bakdongsilje/pan-sim-027 jeongsunim simcheongga bakdongsilje CD4/01-jeongsunim-simcheongga_simcheongi hwanghu doeneunde~kkeutkkaji.csv,test
madang5/simcheongga/jojuseon/jojuseon_pansori/06-jojuseon-simcheongga jung simbongsa pyeongtoje jinaeneun daemok.csv,valid
madang5/simcheongga/jojuseon/jojuseon_pansori/07-jojuseon-simcheongga jung simbongsa mure ppajineun daemok.csv,train
madang5/simcheongga/jojuseon/jojuseon_pansori/08-jojuseon-simcheongga jung simbongsa hwangseong tteonaneun daemok.csv,train
madang5/simcheongga/joyeongja/pan-0-029 deugeum Vol.4 jeonju daesaseup pansori myeongchangbu jangwonja nundaemok4/04-joyeongja-simcheongga_simbongsa nuntteuneunde.csv,train
madang5/simcheongga/juunsuk/pan-0-029 deugeum Vol.4 jeonju daesaseup pansori myeongchangbu jangwonja nundaemok4/05-juunsuk-simcheongga_hwangseongganeunde.csv,train
"madang5/simcheongga/obichwi/pan-0-005 SPsidaeui pansori yeoryu myeongchangdeul 2 bakrokju,obichwi/12-obichwi-simcheong hajik.csv",train
madang5/simcheongga/ojeongsuk/pan-sim-025 ojeongsuk pansori daseotmadang simcheongga/pan-sim-025 ojeongsuk pansori daseotmadang simcheongga CD1/01-ojeongsuk-danga_chunghyoga.csv,train
madang5/simcheongga/ojeongsuk/pan-sim-025 ojeongsuk pansori daseotmadang simcheongga/pan-sim-025 ojeongsuk pansori daseotmadang simcheongga CD1/02-ojeongsuk_simcheongga_gwakssibuin eojin haengsil.csv,train
madang5/simcheongga/ojeongsuk/pan-sim-025 ojeongsuk pansori daseotmadang simcheongga/pan-sim-025 ojeongsuk pansori daseotmadang simcheongga CD1/03-ojeongsuk_simcheongga_simcheong tansaeng.csv,train
madang5/simcheongga/ojeongsuk/pan-sim-025 ojeongsuk pansori daseotmadang simcheongga/pan-sim-025 ojeongsuk pansori daseotmadang simcheongga CD1/04-ojeongsuk_simcheongga_gwakssi jugeum.csv,train
madang5/simcheongga/ojeongsuk/pan-sim-025 ojeongsuk pansori daseotmadang simcheongga/pan-sim-025 ojeongsuk pansori daseotmadang simcheongga CD1/05-ojeongsuk_simcheongga_gwakssi jangrye.csv,train
madang5/simcheongga/ojeongsuk/pan-sim-025 ojeongsuk pansori daseotmadang simcheongga/pan-sim-025 ojeongsuk pansori daseotmadang simcheongga CD1/06-ojeongsuk_simcheongga_jeotdongnyang.csv,train
madang5/simcheongga/ojeongsuk/pan-sim-025 ojeongsuk pansori daseotmadang simcheongga/pan-sim-025 ojeongsuk pansori daseotmadang simcheongga CD2/01-ojeongsuk-simcheongga_simcheong simbongsa bongyang.csv,train
madang5/simcheongga/ojeongsuk/pan-sim-025 ojeongsuk pansori daseotmadang simcheongga/pan-sim-025 ojeongsuk pansori daseotmadang simcheongga CD2/02-ojeongsuk-simcheongga_jangseungsangdaek.csv,train
madang5/simcheongga/ojeongsuk/pan-sim-025 ojeongsuk pansori daseotmadang simcheongga/pan-sim-025 ojeongsuk pansori daseotmadang simcheongga CD2/03-ojeongsuk-simcheongga_simbongsa mure ppajim.csv,valid
madang5/simcheongga/ojeongsuk/pan-sim-025 ojeongsuk pansori daseotmadang simcheongga/pan-sim-025 ojeongsuk pansori daseotmadang simcheongga CD2/04-ojeongsuk-simcheongga_gongyangmi saju yaksok.csv,train
madang5/simcheongga/ojeongsuk/pan-sim-025 ojeongsuk pansori daseotmadang simcheongga/pan-sim-025 ojeongsuk pansori daseotmadang simcheongga CD2/05-ojeongsuk-simcheongga_seonindeulkke momeul pam.csv,train
madang5/simcheongga/ojeongsuk/pan-sim-025 ojeongsuk pansori daseotmadang simcheongga/pan-sim-025 ojeongsuk pansori daseotmadang simcheongga CD2/06-ojeongsuk-simcheongga_simcheong hajik.csv,train
madang5/simcheongga/ojeongsuk/pan-sim-025 ojeongsuk pansori daseotmadang simcheongga/pan-sim-025 ojeongsuk pansori daseotmadang simcheongga CD3/01-ojeongsuk-simcheongga_jangseungsangdaek hajik.csv,train
madang5/simcheongga/ojeongsuk/pan-sim-025 ojeongsuk pansori daseotmadang simcheongga/pan-sim-025 ojeongsuk pansori daseotmadang simcheongga CD3/02-ojeongsuk-simcheongga_seonindeureul ttaragam.csv,train
madang5/simcheongga/ojeongsuk/pan-sim-025 ojeongsuk pansori daseotmadang simcheongga/pan-sim-025 ojeongsuk pansori daseotmadang simcheongga CD3/03-ojeongsuk-simcheongga_indangsu tusin.csv,train
madang5/simcheongga/ojeongsuk/pan-sim-025 ojeongsuk pansori daseotmadang simcheongga/pan-sim-025 ojeongsuk pansori daseotmadang simcheongga CD3/04-ojeongsuk-simcheongga_yonggung dangdo.csv,train
madang5/simcheongga/ojeongsuk/pan-sim-025 ojeongsuk pansori daseotmadang simcheongga/pan-sim-025 ojeongsuk pansori daseotmadang simcheongga CD3/05-ojeongsuk-simcheongga_seungsangbuin tansik.csv,train
madang5/simcheongga/ojeongsuk/pan-sim-025 ojeongsuk pansori daseotmadang simcheongga/pan-sim-025 ojeongsuk pansori daseotmadang simcheongga CD4/01-ojeongsuk-simcheongga_simcheong monyeo sangbong.csv,valid
madang5/simcheongga/ojeongsuk/pan-sim-025 ojeongsuk pansori daseotmadang simcheongga/pan-sim-025 ojeongsuk pansori daseotmadang simcheongga CD4/02-ojeongsuk-simcheongga_simcheong hwansaeng.csv,train
madang5/simcheongga/ojeongsuk/pan-sim-025 ojeongsuk pansori daseotmadang simcheongga/pan-sim-025 ojeongsuk pansori daseotmadang simcheongga CD4/03-ojeongsuk-simcheongga_hwacho taryeong.csv,train
madang5/simcheongga/ojeongsuk/pan-sim-025 ojeongsuk pansori daseotmadang simcheongga/pan-sim-025 ojeongsuk pansori daseotmadang simcheongga CD4/04-ojeongsuk-simcheongga_simcheong hwanghudoeda.csv,train
madang5/simcheongga/ojeongsuk/pan-sim-025 ojeongsuk pansori daseotmadang simcheongga/pan-sim-025 ojeongsuk pansori daseotmadang simcheongga CD4/05-ojeongsuk-simcheongga_simhwanghu tansik.csv,valid
"madang5/simcheongga/ojeongsuk/pan-sim-025 ojeongsuk pansori daseotmadang simcheongga/pan-sim-025 ojeongsuk pansori daseotmadang simcheongga CD4/06-ojeongsuk-simcheongga_simbongsa tansik,ppaengdeogine.csv",train
madang5/simcheongga/ojeongsuk/pan-sim-025 ojeongsuk pansori daseotmadang simcheongga/pan-sim-025 ojeongsuk pansori daseotmadang simcheongga CD4/07-ojeongsuk-simcheongga_ppaengdeogine gasan tangjin.csv,test
madang5/simcheongga/ojeongsuk/pan-sim-025 ojeongsuk pansori daseotmadang simcheongga/pan-sim-025 ojeongsuk pansori daseotmadang simcheongga CD4/08-ojeongsuk-simcheongga_ppaengdeogine domang.csv,train
madang5/simcheongga/ojeongsuk/pan-sim-025 ojeongsuk pansori daseotmadang simcheongga/pan-sim-025 ojeongsuk pansori daseotmadang simcheongga CD5/01-ojeongsuk-simcheongga_simbongsa mogyok.csv,test
madang5/simcheongga/ojeongsuk/pan-sim-025 ojeongsuk pansori daseotmadang simcheongga/pan-sim-025 ojeongsuk pansori daseotmadang simcheongga CD5/02-ojeongsuk-simcheongga_bangataryeong.csv,train
madang5/simcheongga/ojeongsuk/pan-sim-025 ojeongsuk pansori daseotmadang simcheongga/pan-sim-025 ojeongsuk pansori daseotmadang simcheongga CD5/03-ojeongsuk-simcheongga_anssi maengin.csv,train
madang5/simcheongga/ojeongsuk/pan-sim-025 ojeongsuk pansori daseotmadang simcheongga/pan-sim-025 ojeongsuk pansori daseotmadang simcheongga CD5/04-ojeongsuk-simcheongga_simbongsa gaean.csv,train
madang5/simcheongga/ojeongsuk/pan-sim-025 ojeongsuk pansori daseotmadang simcheongga/pan-sim-025 ojeongsuk pansori daseotmadang simcheongga CD5/05-ojeongsuk-simcheongga_maengindeul songchuk.csv,train
"madang5/simcheongga/ojeongsuk/pan-sim-025 ojeongsuk pansori daseotmadang simcheongga/pan-sim-025 ojeongsuk pansori daseotmadang simcheongga CD5/06-ojeongsuk-simcheongga_hwangbongsa nuuchim,huildam.csv",train
madang5/simcheongga/seongchangsun/pan-0-025 deugeum Vol.1 jeonju daesaseup pansori myeongchangbu jangwonja nundaemok1/03-seongchangsun-simcheongga_simbongsa nuntteuneunde.csv,valid
madang5/simcheongga/seongchangsun/pan-sim-006-008 simcheongga/pan-sim-006 simcheongga(1)/01-seongchangsun-simcheongga_gwakssi buin jugeun hu simbongsa tonggokhaneun daemokkkaji.csv,train
madang5/simcheongga/seongchangsun/pan-sim-006-008 simcheongga/pan-sim-006 simcheongga(1)/02-seongchangsun-simcheongga_sangyeo naganeun daemogeseo simcheongiga babeul bireo deureooneun daemokkkaji.csv,train
madang5/simcheongga/seongchangsun/pan-sim-006-008 simcheongga/pan-sim-007 simcheongga(2)/01-seongchangsun-simcheongga_sibi ttaraganeun daemogeseo gongyangmi 300seogeul guhaedalrago bineun daemokkkaji.csv,train
madang5/simcheongga/seongchangsun/pan-sim-006-008 simcheongga/pan-sim-007 simcheongga(2)/02-seongchangsun-simcheongga_namgyeongjangsa seonindeuri cheonyeoreul sandago oechineun daemogeseo simcheong seonindeureul ttaraganeun daemokkkaji.csv,train
madang5/simcheongga/seongchangsun/pan-sim-006-008 simcheongga/pan-sim-007 simcheongga(2)/03-seongchangsun-simcheongga_beompi jungryu daemogeseo simcheongi mure ppajin daeum seonindeuri doraganeun daemokkkaji.csv,train
madang5/simcheongga/seongchangsun/pan-sim-006-008 simcheongga/pan-sim-008 simcheongga(3)/01-seongchangsun-simcheongga_simcheongiga sugunge deureoganeun daemogeseo simcheongi hwanghudoen hu buchineul geurineun daemokkkaji.csv,train
madang5/simcheongga/seongchangsun/pan-sim-006-008 simcheongga/pan-sim-008 simcheongga(3)/02-seongchangsun-simcheongga_simbongsaga bimuneul ango uneun daemogeseo bangataryeongkkaji.csv,train
madang5/simcheongga/seongchangsun/pan-sim-006-008 simcheongga/pan-sim-008 simcheongga(3)/03-seongchangsun-simcheongga_ansi maengin mannaneun daemogeseo simbongsaga nuntteoseo kkeutnaneun daemokkkaji.csv,test
madang5/simcheongga/seongjunsuk/pan-0-026 deugeum Vol.2 jeonju daesaseup pansori myeongchangbu jangwonja nundaemok2/05-seongjunsuk-simcheongga_simbongsa ttal geurineunde.csv,train
madang5/simcheongga/seonguhyang/pan-0-020 seongchangsun pansori moeum/01-seongchangsun-simcheongga(nuntteuneun daemok).csv,train
madang5/simcheongga/seonguhyang/pan-sim-001-004 seonguhyang simcheongga/pan-sim-001 seonguhyang simcheongga 1/01-seonguhyang-danga_cheoringa.csv,train
madang5/simcheongga/seonguhyang/pan-sim-001-004 seonguhyang simcheongga/pan-sim-001 seonguhyang simcheongga 1/02-seonguhyang-danga_jingukmyeongsan.csv,train
madang5/simcheongga/seonguhyang/pan-sim-001-004 seonguhyang simcheongga/pan-sim-001 seonguhyang simcheongga 1/03-seonguhyang-danga_gangsangpungwol.csv,train
madang5/simcheongga/seonguhyang/pan-sim-001-004 seonguhyang simcheongga/pan-sim-001 seonguhyang simcheongga 1/04-seonguhyang-simcheongga jung choip~gwakssi buin pumpari.csv,train
madang5/simcheongga/seonguhyang/pan-sim-001-004 seonguhyang simcheongga/pan-sim-001 seonguhyang simcheongga 1/05-seonguhyang-simcheongga jung simcheongi taeeonaneun de.csv,train
madang5/simcheongga/seonguhyang/pan-sim-001-004 seonguhyang simcheongga/pan-sim-001 seonguhyang simcheongga 1/06-seonguhyang-simcheongga jung gwakssi buini sesangeul tteonaneun de.csv,test
madang5/simcheongga/seonguhyang/pan-sim-001-004 seonguhyang simcheongga/pan-sim-001 seonguhyang simcheongga 1/07-seonguhyang-simcheongga jung gwakssi buin sangyeo naganeun de.csv,train
madang5/simcheongga/seonguhyang/pan-sim-001-004 seonguhyang simcheongga/pan-sim-002 seonguhyang simcheongga 2/01-seonguhyang-simcheongga jung simbongsa jeot bilreo danineun de.csv,train
madang5/simcheongga/seonguhyang/pan-sim-001-004 seonguhyang simcheongga/pan-sim-002 seonguhyang simcheongga 2/02-seonguhyang-simcheongga jung simcheongi dongnyanghaneun de.csv,train
madang5/simcheongga/seonguhyang/pan-sim-001-004 seonguhyang simcheongga/pan-sim-002 seonguhyang simcheongga 2/03-seonguhyang-simcheongga jung simcheongiga jangseungsang buin chajaganeun de.csv,train
madang5/simcheongga/seonguhyang/pan-sim-001-004 seonguhyang simcheongga/pan-sim-002 seonguhyang simcheongga 2/04-seonguhyang-simcheongga jung simbongsa gaecheonmure ppajineun de~jungtaryeong.csv,train
madang5/simcheongga/seonguhyang/pan-sim-001-004 seonguhyang simcheongga/pan-sim-002 seonguhyang simcheongga 2/05-seonguhyang-simcheongga jung simcheongiga seonindeurege jemulro palrineun de.csv,test
madang5/simcheongga/seonguhyang/pan-sim-001-004 seonguhyang simcheongga/pan-sim-002 seonguhyang simcheongga 2/06-seonguhyang-simcheongga jung simcheongiga tteonal ireul saenggakhamyeo jatanhaneun de.csv,valid
madang5/simcheongga/seonguhyang/pan-sim-001-004 seonguhyang simcheongga/pan-sim-003 seonguhyang simcheongga 3/01-seonguhyang-simcheongga jung simcheongi buchingwa hamkke ulmyeo tansikhaneun de.csv,train
madang5/simcheongga/seonguhyang/pan-sim-001-004 seonguhyang simcheongga/pan-sim-003 seonguhyang simcheongga 3/02-seonguhyang-simcheongga jung simcheongga jung simcheongi jangseungsang buinege hajikhaneun de.csv,train
madang5/simcheongga/seonguhyang/pan-sim-001-004 seonguhyang simcheongga/pan-sim-003 seonguhyang simcheongga 3/03-seonguhyang-simcheongga jung simcheongi seonin ttaraganeun de~simcheongi indangsue ppajineun de.csv,train
madang5/simcheongga/seonguhyang/pan-sim-001-004 seonguhyang simcheongga/pan-sim-003 seonguhyang simcheongga 3/04-seonguhyang-simcheongga jung okhwangsangjega simcheongeul salrigo daejeophaneun de~simcheongi mochingwa sangbonghaneun de.csv,train
madang5/simcheongga/seonguhyang/pan-sim-001-004 seonguhyang simcheongga/pan-sim-003 seonguhyang simcheongga 3/05-seonguhyang-simcheongga jung simcheongi hwansaenghaneun de~hwachotaryeong.csv,train
madang5/simcheongga/seonguhyang/pan-sim-001-004 seonguhyang simcheongga/pan-sim-004 seonguhyang simcheongga 4/01-seonguhyang-simcheongga jung simcheongi hwanghuro ipgunghago buchineul geuriwohaneun de.csv,train
madang5/simcheongga/seonguhyang/pan-sim-001-004 seonguhyang simcheongga/pan-sim-004 seonguhyang simcheongga 4/02-seonguhyang-simcheongga jung simbongsaga ppaengdeoginewa saneun moseup.csv,train
madang5/simcheongga/seonguhyang/pan-sim-001-004 seonguhyang simcheongga/pan-sim-004 seonguhyang simcheongga 4/03-seonguhyang-simcheongga jung simbongsaga maengin janchie chamseokharyeogo gireul tteonaneun de.csv,train
madang5/simcheongga/seonguhyang/pan-sim-001-004 seonguhyang simcheongga/pan-sim-004 seonguhyang simcheongga 4/04-seonguhyang-simcheongga jung ppaengdeoginega simbongsa gyeoteul tteona domangganeun de~simbongsaga uibogeul ilneun de.csv,train
madang5/simcheongga/seonguhyang/pan-sim-001-004 seonguhyang simcheongga/pan-sim-004 seonguhyang simcheongga 4/05-seonguhyang-simcheongga jung bangataryeong~simbongsa anssi maengingwa mannaneun de.csv,train
madang5/simcheongga/seonguhyang/pan-sim-001-004 seonguhyang simcheongga/pan-sim-004 seonguhyang simcheongga 4/06-seonguhyang-simcheongga jung simbongsa nun tteuneun de.csv,train
madang5/simcheongga/seonguhyang/pan-sim-001-004 seonguhyang simcheongga/pan-sim-004 seonguhyang simcheongga 4/07-seonguhyang-simcheongga jung hwangbongsa hanjjok nunman tteuneun de~kkeut.csv,train
"madang5/simcheongga/singeumhong/pan-0-006 SPsidaeui pansori yeoryu myeongchangdeul 3 ihwajungseon,singeumhong/10-singeumhong-daegwangangsan.csv",train
"madang5/simcheongga/singeumhong/pan-0-006 SPsidaeui pansori yeoryu myeongchangdeul 3 ihwajungseon,singeumhong/12-singeumhong-simbongsa jatanhaneun de.csv",train
"madang5/simcheongga/singeumhong/pan-0-006 SPsidaeui pansori yeoryu myeongchangdeul 3 ihwajungseon,singeumhong/13-singeumhong-jungtaryeong.csv",test
"madang5/simcheongga/singeumhong/pan-0-006 SPsidaeui pansori yeoryu myeongchangdeul 3 ihwajungseon,singeumhong/14-singeumhong-simcheong jatan.csv",valid
"madang5/simcheongga/singeumhong/pan-0-006 SPsidaeui pansori yeoryu myeongchangdeul 3 ihwajungseon,singeumhong/15-singeumhong-sadang hajik.csv",train
"madang5/simcheongga/singeumhong/pan-0-006 SPsidaeui pansori yeoryu myeongchangdeul 3 ihwajungseon,singeumhong/16-singeumhong-simcheong seonin ttaraganeun de.csv",train
"madang5/simcheongga/singeumhong/pan-0-006 SPsidaeui pansori yeoryu myeongchangdeul 3 ihwajungseon,singeumhong/17-singeumhong-chuwolmanjeong.csv",train
madang5/simcheongga/songgideok/songmangap songgideok(1913)-seonyeongakhoe/Nip6185-yangmyeon-hyosimcheonggeolsikbongchinga-songgideok-(seonyeongakhoe).csv,train
madang5/simcheongga/songmangap/songmangap songgideok(1913)-seonyeongakhoe/Nip6126-simbongsagongbangjatanga-songmangap-(seonyeongakhoe).csv,train
madang5/simcheongga/songmangap/songmangap songgideok(1913)-seonyeongakhoe/Nip6127-simbongsattareoreuneunde-songmangap-(seonyeongakhoe).csv,train
madang5/simcheongga/songmangap/songmangap songgideok(1913)-seonyeongakhoe/Nip6213-seunggusimbongga-songmangap-(seonyeongakhoe).csv,train
madang5/simcheongga/songmangap/songmangap songgideok(1913)-seonyeongakhoe/Nip6214-simcheongmohaengsangga-songmangap-(seonyeongakhoe).csv,train
madang5/simcheongga/wanggiseok/wanggiseok pansorisegye/06-wanggiseok-simcheongga jung_nuntteuneun daemok.csv,train
madang5/simcheongga/wanggiseok/wanggiseok pansorisegye/07-wanggiseok-danga_chueok.csv,train
madang5/simcheongga/yumiri/pan-0-023 chasedae myeongin yumiri pansorinundaemok/04-yumiri-simcheongga jung monyeosangbongbuteo hwachotaryeongkkaji(gangsanje).csv,train
madang5/sugungga/bagyangdeok/pan-su-005-006 bagyangdeok sugungga/pan-su-005 bagyangdeok sugungga I/01-bagyangdeok-danga(eohwasesang).csv,test
"madang5/sugungga/bagyangdeok/pan-su-005-006 bagyangdeok sugungga/pan-su-005 bagyangdeok sugungga I/02-bagyangdeok-sugungga_choip~dosa,yongwang byeongse salpineunde.csv",valid
madang5/sugungga/bagyangdeok/pan-su-005-006 bagyangdeok sugungga/pan-su-005 bagyangdeok sugungga I/03-bagyangdeok-sugungga_tokkihwasang geurineunde kkaji.csv,train
"madang5/sugungga/bagyangdeok/pan-su-005-006 bagyangdeok sugungga/pan-su-005 bagyangdeok sugungga I/04-bagyangdeok-sugungga_byeoljubu mochingwa,anaeege hajikhaneunde kkaji.csv",train
madang5/sugungga/bagyangdeok/pan-su-005-006 bagyangdeok sugungga/pan-su-005 bagyangdeok sugungga I/05-bagyangdeok-sugungga_byeoljubu sesang naoneunde(gogocheonbyeon).csv,train
madang5/sugungga/bagyangdeok/pan-su-005-006 bagyangdeok sugungga/pan-su-005 bagyangdeok sugungga I/06-bagyangdeok-sugungga_naljimseungdeul sangjwa datum haneunde.csv,train
madang5/sugungga/bagyangdeok/pan-su-005-006 bagyangdeok sugungga/pan-su-005 bagyangdeok sugungga I/07-bagyangdeok-sugungga_giljimseungdeul sangjwa datum haneunde.csv,test
madang5/sugungga/bagyangdeok/pan-su-005-006 bagyangdeok sugungga/pan-su-005 bagyangdeok sugungga I/08-bagyangdeok-sugungga_byeoljubu horangi mannaneunde.csv,train
madang5/sugungga/bagyangdeok/pan-su-005-006 bagyangdeok sugungga/pan-su-005 bagyangdeok sugungga I/09-bagyangdeok-sugungga_byeoljubu tokki mannaneunde.csv,train
madang5/sugungga/bagyangdeok/pan-su-005-006 bagyangdeok sugungga/pan-su-006 bagyangdeok sugungga II/01-bagyangdeok-sugungga_sugunggajago tokki guseulrineunde~.csv,train
madang5/sugungga/bagyangdeok/pan-su-005-006 bagyangdeok sugungga/pan-su-006 bagyangdeok sugungga II/02-bagyangdeok-sugungga_sugungttara gadeon jung yeou mannaneunde~.csv,train
madang5/sugungga/bagyangdeok/pan-su-005-006 bagyangdeok sugungga/pan-su-006 bagyangdeok sugungga II/03-bagyangdeok-sugungga_tokki sugung deureoganeunde~.csv,train
madang5/sugungga/bagyangdeok/pan-su-005-006 bagyangdeok sugungga/pan-su-006 bagyangdeok sugungga II/04-bagyangdeok-sugungga_sugungeseo tokki japhineunde~.csv,train
madang5/sugungga/bagyangdeok/pan-su-005-006 bagyangdeok sugungga/pan-su-006 bagyangdeok sugungga II/05-bagyangdeok-sugungga_tokki yongwang nongrakhaneunde~.csv,train
"madang5/sugungga/bagyangdeok/pan-su-005-006 bagyangdeok sugungga/pan-su-006 bagyangdeok sugungga II/06-bagyangdeok-sugungga_yongwang,tokki kkoee neomeoganeunde~.csv",train
madang5/sugungga/bagyangdeok/pan-su-005-006 bagyangdeok sugungga/pan-su-006 bagyangdeok sugungga II/07-bagyangdeok-sugungga_tokki sesangeuro dasi naoneunde~.csv,train
madang5/sugungga/bagyangdeok/pan-su-005-006 bagyangdeok sugungga/pan-su-006 bagyangdeok sugungga II/08-bagyangdeok-sugungga_tokki bangjeongtteolda geumure geolrineunde~.csv,train
madang5/sugungga/bagyangdeok/pan-su-005-006 bagyangdeok sugungga/pan-su-006 bagyangdeok sugungga II/09-bagyangdeok-sugungga_tokki kkoenaeeo sarananeunde~.csv,train
madang5/sugungga/bagyangdeok/pan-su-005-006 bagyangdeok sugungga/pan-su-006 bagyangdeok sugungga II/10-bagyangdeok-sugungga_doksuriege kkoenaeneunde~kkeutkkaji.csv,train
"madang5/sugungga/bakbongsul/pan-su-014 beuritaenikeo pansori sugungga 3/pan-su-014 beuritaenikeo pansori sugungga 3-1/01-bakbongsul(sori),gimmyeonghwan(buk)-sugungga_sejae jijeong gapsinnyeon junghawore(aniri)~.csv",train
"madang5/sugungga/bakbongsul/pan-su-014 beuritaenikeo pansori sugungga 3/pan-su-014 beuritaenikeo pansori sugungga 3-1/02-bakbongsul(sori),gimmyeonghwan(buk)-sugungga_~beom naeryeoonda,beom naeryeoonda(eotmori).csv",valid
"madang5/sugungga/bakbongsul/pan-su-014 beuritaenikeo pansori sugungga 3/pan-su-014 beuritaenikeo pansori sugungga 3-2/01-bakbongsul(sori),gimmyeonghwan(buk)-sugungga_horaengiran nomi naeryeowa(aniri)~.csv",test
"madang5/sugungga/bakbongsul/pan-su-014 beuritaenikeo pansori sugungga 3/pan-su-014 beuritaenikeo pansori sugungga 3-2/02-bakbongsul(sori),gimmyeonghwan(buk)-sugungga_~jwau najol bunbu deutgo(jajeunmori).csv",train
"madang5/sugungga/bakbongsul/pan-su-014 beuritaenikeo pansori sugungga 3/pan-su-014 beuritaenikeo pansori sugungga 3-3/01-bakbongsul(sori),gimmyeonghwan(buk)-sugungga_tokkireul geu yeongdeokjeon neoreunmadangedaga(aniri)~.csv",train
"madang5/sugungga/bakbongsul/pan-su-014 beuritaenikeo pansori sugungga 3/pan-su-014 beuritaenikeo pansori sugungga 3-3/02-bakbongsul(sori),gimmyeonghwan(buk)-sugungga_~doksuri geujeya dolrin jul algo(eotjungmori).csv",train
madang5/sugungga/bakchowol/pan-su-001-002 bakchoworui sugungga/pan-su-001 bakchoworui sugungga. I/01-bakchowol-sugungga_choip~yongwang deukbyeonghaneunde.csv,valid
madang5/sugungga/bakchowol/pan-su-001-002 bakchoworui sugungga/pan-su-001 bakchoworui sugungga. I/02-bakchowol-sugungga_dosa jinmaek~yakseongga daemok.csv,train
madang5/sugungga/bakchowol/pan-su-001-002 bakchoworui sugungga/pan-su-001 bakchoworui sugungga. I/03-bakchowol-sugungga_yongwangtansik~tokki sangsohaneunde.csv,train
madang5/sugungga/bakchowol/pan-su-001-002 bakchoworui sugungga/pan-su-001 bakchoworui sugungga. I/04-bakchowol-sugungga_tokkihwasang.csv,train
madang5/sugungga/bakchowol/pan-su-001-002 bakchoworui sugungga/pan-su-001 bakchoworui sugungga. I/05-bakchowol-sugungga_byeoljubu mochingwa anae manryuhaneun daemok.csv,train
madang5/sugungga/bakchowol/pan-su-001-002 bakchoworui sugungga/pan-su-001 bakchoworui sugungga. I/06-bakchowol-sugungga_gogocheonbyeon.csv,train
madang5/sugungga/bakchowol/pan-su-001-002 bakchoworui sugungga/pan-su-001 bakchoworui sugungga. I/07-bakchowol-sugungga_naljimseung sangjwa datum daemok.csv,train
madang5/sugungga/bakchowol/pan-su-001-002 bakchoworui sugungga/pan-su-001 bakchoworui sugungga. I/08-bakchowol-sugungga_giljimseung sangjwa datum daemok.csv,train
madang5/sugungga/bakchowol/pan-su-001-002 bakchoworui sugungga/pan-su-001 bakchoworui sugungga. I/09-bakchowol-sugungga_byeoljubu horangi mannaneunde.csv,test
madang5/sugungga/bakchowol/pan-su-001-002 bakchoworui sugungga/pan-su-001 bakchoworui sugungga. I/10-bakchowol-sugungga_byeoljubu tokki mannaneun daemok.csv,train
madang5/sugungga/bakchowol/pan-su-001-002 bakchoworui sugungga/pan-su-001 bakchoworui sugungga. I/11-bakchowol-sugungga_noksucheongsan.csv,valid
madang5/sugungga/bakchowol/pan-su-001-002 bakchoworui sugungga/pan-su-002 bakchoworui sugungga. II/01-bakchowol-sugungga_byeoljubu tokki yuinhaneun daemok.csv,train
madang5/sugungga/bakchowol/pan-su-001-002 bakchoworui sugungga/pan-su-002 bakchoworui sugungga. II/02-bakchowol-sugungga_tokki sugungdeureoganeun daemok.csv,train
madang5/sugungga/bakchowol/pan-su-001-002 bakchoworui sugungga/pan-su-002 bakchoworui sugungga. II/03-bakchowol-sugungga_tokki yongwang sogineun daemok.csv,train
madang5/sugungga/bakchowol/pan-su-001-002 bakchoworui sugungga/pan-su-002 bakchoworui sugungga. II/04-bakchowol-sugungga_sugungpungryu~byeoljubu ulmyeo yongwangege aroeneunde.csv,train
madang5/sugungga/bakchowol/pan-su-001-002 bakchoworui sugungga/pan-su-002 bakchoworui sugungga. II/05-bakchowol-sugungga_tokki sugungeseo naoneun daemok.csv,valid
madang5/sugungga/bakchowol/pan-su-001-002 bakchoworui sugungga/pan-su-002 bakchoworui sugungga. II/06-bakchowol-sugungga_tokki byeoljubuege yokhaneunde.csv,train
madang5/sugungga/bakchowol/pan-su-001-002 bakchoworui sugungga/pan-su-002 bakchoworui sugungga. II/07-bakchowol-sugungga_tokkiga geumure geolryeotda sarananeunde.csv,train
madang5/sugungga/bakchowol/pan-su-001-002 bakchoworui sugungga/pan-su-002 bakchoworui sugungga. II/08-bakchowol-sugungga_tokkiga doksuri babi doelppeonhada sarananeunde~kkeut.csv,train
madang5/sugungga/bakchowol/pan-su-007 sugungga(1)/01-bakchowol-sugungga_cheoeum daemok~byeoljubu chongchonghi jakbyeolhue sujeongmun bak sseok naseoseo sesang gyeonggyereul salpigo naoneun daemok.csv,train
madang5/sugungga/bakchowol/pan-su-007 sugungga(1)/02-bakchowol-sugungga_(jajinjungmori)gogocheonbyeon~tokkiga byeoljubuege sesang jinaeneun iyagireul deulryeojuneun daemok.csv,train
madang5/sugungga/bakdongjin/pan-0-001 `93 iryo myeongin myeongchangjeon 01 bakdongjin pansori (silhwang)/01-bakdongjin-sugungga_cheoeumbuteo~jimseungdeul moyeo sangjwahaneun daemok.csv,train
madang5/sugungga/bakdongjin/pan-0-001 `93 iryo myeongin myeongchangjeon 01 bakdongjin pansori (silhwang)/02-bakdongjin-sugungga_horangi naeryeooneun daemok~horangi byeoljubue honnago domanggan daemok.csv,train
madang5/sugungga/bakdongjin/pan-0-011 bakdongjin myeongchangui batangsoriro deutneun pansori giljabi/06-bakdongjin-sugungga jung tokkihwasang_jungjungmori.csv,train
"madang5/sugungga/bakdongjin/pan-0-011 bakdongjin myeongchangui batangsoriro deutneun pansori giljabi/08-bakdongjin-sugungga jung horangi jjotgyeoganeun daemok_aniri,hwimori.csv",test
madang5/sugungga/bakdongjin/pan-su-011 bakdongjin pansori daseotmadang 4 (sugungga)/01-bakdongjin-sugungga.csv,train
madang5/sugungga/bakdongjin/pan-su-011 bakdongjin pansori daseotmadang 4 (sugungga)/02-bakdongjin-jimseungdeurui sangjwadatum.csv,valid
madang5/sugungga/bakdongjin/pan-su-012 inganmunhwajae bakdongjin pansori daejeonjip sugungga/pan-su-012 inganmunhwajae bakdongjin pansori daejeonjip sugungga CD1/01-bakdongjin-sugungga_yongwangi deukbyeonghaneun daemok.csv,valid
madang5/sugungga/bakdongjin/pan-su-012 inganmunhwajae bakdongjin pansori daejeonjip sugungga/pan-su-012 inganmunhwajae bakdongjin pansori daejeonjip sugungga CD1/02-bakdongjin-sugungga_dosaga tokki gan cheobangnaerineun daemok.csv,train
"madang5/sugungga/bakdongjin/pan-su-012 inganmunhwajae bakdongjin pansori daejeonjip sugungga/pan-su-012 inganmunhwajae bakdongjin pansori daejeonjip sugungga CD1/03-bakdongjin-sugungga_byeoljubuga aroeneun daemok,tokkihwasang.csv",train
madang5/sugungga/bakdongjin/pan-su-012 inganmunhwajae bakdongjin pansori daejeonjip sugungga/pan-su-012 inganmunhwajae bakdongjin pansori daejeonjip sugungga CD1/04-bakdongjin-sugungga_byeoljubu mochingwa manura jakbyeolhaneun daemok.csv,train
madang5/sugungga/bakdongjin/pan-su-012 inganmunhwajae bakdongjin pansori daejeonjip sugungga/pan-su-012 inganmunhwajae bakdongjin pansori daejeonjip sugungga CD1/05-bakdongjin-sugungga_sancheongyeonggae(gogocheonbyeon).csv,train
madang5/sugungga/bakdongjin/pan-su-012 inganmunhwajae bakdongjin pansori daejeonjip sugungga/pan-su-012 inganmunhwajae bakdongjin pansori daejeonjip sugungga CD1/06-bakdongjin-sugungga_naljimseungdeul sangjwa datuneun daemok.csv,test
madang5/sugungga/bakdongjin/pan-su-012 inganmunhwajae bakdongjin pansori daejeonjip sugungga/pan-su-012 inganmunhwajae bakdongjin pansori daejeonjip sugungga CD1/07-bakdongjin-sugungga_giljimseungdeul sangjwa datuneun daemok.csv,train
madang5/sugungga/bakdongjin/pan-su-012 inganmunhwajae bakdongjin pansori daejeonjip sugungga/pan-su-012 inganmunhwajae bakdongjin pansori daejeonjip sugungga CD1/08-bakdongjin-sugungga_horangi nai jaranghaneun daemok.csv,train
madang5/sugungga/bakdongjin/pan-su-012 inganmunhwajae bakdongjin pansori daejeonjip sugungga/pan-su-012 inganmunhwajae bakdongjin pansori daejeonjip sugungga CD2/01-bakdongjin-sugungga_byeoljubu hosaengwon bureuneun daemok.csv,test
madang5/sugungga/bakdongjin/pan-su-012 inganmunhwajae bakdongjin pansori daejeonjip sugungga/pan-su-012 inganmunhwajae bakdongjin pansori daejeonjip sugungga CD2/02-bakdongjin-sugungga_horangi jjotgyeoganeun daemok.csv,train
madang5/sugungga/bakdongjin/pan-su-012 inganmunhwajae bakdongjin pansori daejeonjip sugungga/pan-su-012 inganmunhwajae bakdongjin pansori daejeonjip sugungga CD2/03-bakdongjin-sugungga_tokki byeoljubu tongseongmyeong daemok.csv,train
"madang5/sugungga/bakdongjin/pan-su-012 inganmunhwajae bakdongjin pansori daejeonjip sugungga/pan-su-012 inganmunhwajae bakdongjin pansori daejeonjip sugungga CD2/04-bakdongjin-sugungga_sesangpunggyeong,tokki palran naeryeok.csv",train
madang5/sugungga/bakdongjin/pan-su-012 inganmunhwajae bakdongjin pansori daejeonjip sugungga/pan-su-012 inganmunhwajae bakdongjin pansori daejeonjip sugungga CD2/05-bakdongjin-sugungga_jaraga tokkireul yuinhaneun daemok.csv,train
"madang5/sugungga/bakdongjin/pan-su-012 inganmunhwajae bakdongjin pansori daejeonjip sugungga/pan-su-012 inganmunhwajae bakdongjin pansori daejeonjip sugungga CD2/06-bakdongjin-sugungga_tokki sugung deureoganeun daemok,sosangpalgyeong.csv",train
madang5/sugungga/bakdongjin/pan-su-012 inganmunhwajae bakdongjin pansori daejeonjip sugungga/pan-su-012 inganmunhwajae bakdongjin pansori daejeonjip sugungga CD3/01-bakdongjin-sugungga_tokki yongwangape butdeulryeoganeun daemok.csv,train
madang5/sugungga/bakdongjin/pan-su-012 inganmunhwajae bakdongjin pansori daejeonjip sugungga/pan-su-012 inganmunhwajae bakdongjin pansori daejeonjip sugungga CD3/02-bakdongjin-sugungga_tokki yongwangeul sogineun daemok.csv,train
"madang5/sugungga/bakdongjin/pan-su-012 inganmunhwajae bakdongjin pansori daejeonjip sugungga/pan-su-012 inganmunhwajae bakdongjin pansori daejeonjip sugungga CD3/03-bakdongjin-sugungga_sugung juyeon,tokki sugungeul naoneun daemok.csv",valid
madang5/sugungga/bakdongjin/pan-su-012 inganmunhwajae bakdongjin pansori daejeonjip sugungga/pan-su-012 inganmunhwajae bakdongjin pansori daejeonjip sugungga CD3/04-bakdongjin-sugungga_sancheongyeongchi gugyeonghaneun daemok.csv,train
madang5/sugungga/bakdongjin/pan-su-012 inganmunhwajae bakdongjin pansori daejeonjip sugungga/pan-su-012 inganmunhwajae bakdongjin pansori daejeonjip sugungga CD3/05-bakdongjin-sugungga_tokki byeoljubureul goltangmeogineun daemok.csv,train
madang5/sugungga/bakdongjin/pan-su-012 inganmunhwajae bakdongjin pansori daejeonjip sugungga/pan-su-012 inganmunhwajae bakdongjin pansori daejeonjip sugungga CD3/06-bakdongjin-sugungga_tokki deoche geolrineun daemok.csv,train
"madang5/sugungga/bakdongjin/pan-su-012 inganmunhwajae bakdongjin pansori daejeonjip sugungga/pan-su-012 inganmunhwajae bakdongjin pansori daejeonjip sugungga CD3/07-bakdongjin-sugungga_tokki doksurie butjaphineun daemok,dwipuri.csv",train
"madang5/sugungga/bakgeumhui/bakgeumhui sugungga/bakgeumhui sugungga1/01-bakgeumhui-sugungga_choip_dosa,yongwang byeongse salpineunde.csv",test
madang5/sugungga/bakgeumhui/bakgeumhui sugungga/bakgeumhui sugungga1/02-bakgeumhui-sugungga_tokkihwasang geurineunde.csv,train
"madang5/sugungga/bakgeumhui/bakgeumhui sugungga/bakgeumhui sugungga1/03-bakgeumhui-sugungga_byeoljubu,mochingwa anaeege hajikhaneunde.csv",train
madang5/sugungga/bakgeumhui/bakgeumhui sugungga/bakgeumhui sugungga1/04-bakgeumhui-sugungga_gogocheonbyeon-byeoljubu sesang naoneunde.csv,train
madang5/sugungga/bakgeumhui/bakgeumhui sugungga/bakgeumhui sugungga1/05-bakgeumhui-sugungga_jimseungdeul sangjwa datum haneunde.csv,train
"madang5/sugungga/bakgeumhui/bakgeumhui sugungga/bakgeumhui sugungga1/06-bakgeumhui-sugungga_byeoljubu,horangi mannaneunde.csv",train
"madang5/sugungga/bakgeumhui/bakgeumhui sugungga/bakgeumhui sugungga1/07-bakgeumhui-sugungga_byeoljubu,tokki mannaneunde.csv",train
madang5/sugungga/bakgeumhui/bakgeumhui sugungga/bakgeumhui sugungga2/01-bakgeumhui-sugungga_sugunggajago tokki guseulrineunde.csv,train
madang5/sugungga/bakgeumhui/bakgeumhui sugungga/bakgeumhui sugungga2/02-bakgeumhui-sugungga_sugung ttaragadeon junge yeou mannaneunde.csv,test
"madang5/sugungga/bakgeumhui/bakgeumhui sugungga/bakgeumhui sugungga2/03-bakgeumhui-sugungga_tokki,sugung deureoganeunde.csv",train
madang5/sugungga/bakgeumhui/bakgeumhui sugungga/bakgeumhui sugungga2/04-bakgeumhui-sugungga_sugungeseo tokki japhineunde.csv,train
"madang5/sugungga/bakgeumhui/bakgeumhui sugungga/bakgeumhui sugungga2/05-bakgeumhui-sugungga_tokki,yongwang nongrakhaneunde.csv",test
"madang5/sugungga/bakgeumhui/bakgeumhui sugungga/bakgeumhui sugungga2/06-bakgeumhui-sugungga_yongwang,tokki kkoee neomeoganeunde.csv",train
"madang5/sugungga/bakgeumhui/bakgeumhui sugungga/bakgeumhui sugungga2/07-bakgeumhui-sugungga_tokki,sesangeuro dasi naoneunde.csv",test
"madang5/sugungga/bakgeumhui/bakgeumhui sugungga/bakgeumhui sugungga2/08-bakgeumhui-sugungga_tokki,bangjeongtteolda geumure geolrineunde.csv",train
"madang5/sugungga/bakgeumhui/bakgeumhui sugungga/bakgeumhui sugungga2/09-bakgeumhui-sugungga_tokki,kkoe naeeo sarananeunde.csv",valid
madang5/sugungga/bakgeumhui/bakgeumhui sugungga/bakgeumhui sugungga2/10-bakgeumhui-sugungga_doksuriege mulryeo tto kkoereul naeneunde~kkeutkkaji.csv,train
madang5/sugungga/choenansu/pan-su-013 bakchowol badi choenansu chang sugungga gosu iseonggeun/pan-su-013 bakchowol badi choenansu chang sugungga gosu iseonggeun CD1/01-choenansu-danga_gangsangpungwol.csv,train
madang5/sugungga/choenansu/pan-su-013 bakchowol badi choenansu chang sugungga gosu iseonggeun/pan-su-013 bakchowol badi choenansu chang sugungga gosu iseonggeun CD1/02-choenansu-sugungga_yongwangdeukbyeong.csv,train
madang5/sugungga/choenansu/pan-su-013 bakchowol badi choenansu chang sugungga gosu iseonggeun/pan-su-013 bakchowol badi choenansu chang sugungga gosu iseonggeun CD1/03-choenansu-sugungga_eojeonhoeui.csv,train
madang5/sugungga/choenansu/pan-su-013 bakchowol badi choenansu chang sugungga gosu iseonggeun/pan-su-013 bakchowol badi choenansu chang sugungga gosu iseonggeun CD1/04-choenansu-sugungga_tokkihwasang.csv,train
madang5/sugungga/choenansu/pan-su-013 bakchowol badi choenansu chang sugungga gosu iseonggeun/pan-su-013 bakchowol badi choenansu chang sugungga gosu iseonggeun CD1/05-choenansu-sugungga_gogocheonbyeon.csv,train
madang5/sugungga/choenansu/pan-su-013 bakchowol badi choenansu chang sugungga gosu iseonggeun/pan-su-013 bakchowol badi choenansu chang sugungga gosu iseonggeun CD1/06-choenansu-sugungga_nal jimseung sangjwa datum.csv,train
madang5/sugungga/choenansu/pan-su-013 bakchowol badi choenansu chang sugungga gosu iseonggeun/pan-su-013 bakchowol badi choenansu chang sugungga gosu iseonggeun CD1/07-choenansu-sugungga_gil jimseung sangjwa datum.csv,train
madang5/sugungga/choenansu/pan-su-013 bakchowol badi choenansu chang sugungga gosu iseonggeun/pan-su-013 bakchowol badi choenansu chang sugungga gosu iseonggeun CD1/08-choenansu-sugungga_byeoljubuwa horangi daegyeol.csv,train
madang5/sugungga/choenansu/pan-su-013 bakchowol badi choenansu chang sugungga gosu iseonggeun/pan-su-013 bakchowol badi choenansu chang sugungga gosu iseonggeun CD1/09-choenansu-sugungga_byeoljubu tokki sangmyeon.csv,train
madang5/sugungga/choenansu/pan-su-013 bakchowol badi choenansu chang sugungga gosu iseonggeun/pan-su-013 bakchowol badi choenansu chang sugungga gosu iseonggeun CD2/01-choenansu-sugungga_heungmijarang.csv,train
madang5/sugungga/choenansu/pan-su-013 bakchowol badi choenansu chang sugungga gosu iseonggeun/pan-su-013 bakchowol badi choenansu chang sugungga gosu iseonggeun CD2/02-choenansu-sugungga_tokki jubureul ttaragam.csv,train
madang5/sugungga/choenansu/pan-su-013 bakchowol badi choenansu chang sugungga gosu iseonggeun/pan-su-013 bakchowol badi choenansu chang sugungga gosu iseonggeun CD2/03-choenansu-sugungga_tokki bae gareuneunde.csv,test
madang5/sugungga/choenansu/pan-su-013 bakchowol badi choenansu chang sugungga gosu iseonggeun/pan-su-013 bakchowol badi choenansu chang sugungga gosu iseonggeun CD2/04-choenansu-sugungga_sugungpungryu.csv,train
madang5/sugungga/choenansu/pan-su-013 bakchowol badi choenansu chang sugungga gosu iseonggeun/pan-su-013 bakchowol badi choenansu chang sugungga gosu iseonggeun CD2/05-choenansu-sugungga_tokki sesangeuro nagam.csv,train
madang5/sugungga/choenansu/pan-su-013 bakchowol badi choenansu chang sugungga gosu iseonggeun/pan-su-013 bakchowol badi choenansu chang sugungga gosu iseonggeun CD2/06-choenansu-sugungga_tokki geumure geolrim.csv,train
madang5/sugungga/choenansu/pan-su-013 bakchowol badi choenansu chang sugungga gosu iseonggeun/pan-su-013 bakchowol badi choenansu chang sugungga gosu iseonggeun CD2/07-choenansu-sugungga_tokki doksuriege japhyeotda saranam.csv,valid
madang5/sugungga/eunhuijin/pan-0-027 deugeum Vol.3 jeonju daesaseup pansori myeongchangbu jangwonja nundaemok3/02-eunhuijin-sugungga_byeoljubu tokki taeugo sesangnaoneunde.csv,test
madang5/sugungga/gimchanghwan/pan-chun-038 pansori5myeongchang/03-gimchanghwan-gogocheonbyeon.csv,train
madang5/sugungga/gimchangryong/pan-chun-030 pansori 5myeongchang gimchangryong/09-gimchangryong-sugungga_tokkihwasang(bakmansun je).csv,train
madang5/sugungga/gimyeongja/pan-0-026 deugeum Vol.2 jeonju daesaseup pansori myeongchangbu jangwonja nundaemok2/04-gimyeongja-sugungga_byeoljubu sugungbyeolcheonji ireuneunde.csv,valid
madang5/sugungga/gimyeongja/pan-su-010 gimyeongja sorisaem 1999nyeon gukripgugagwon silhwang jeonggwangsuje sugungga/pan-su-010 gimyeongja sorisaem I 1999nyeon gukripgugagwon silhwang jeonggwangsuje sugungga/01-gimyeongja-jeonggwangsuje sugungga.csv,train
madang5/sugungga/gimyeongja/pan-su-010 gimyeongja sorisaem 1999nyeon gukripgugagwon silhwang jeonggwangsuje sugungga/pan-su-010 gimyeongja sorisaem II 1999nyeon gukripgugagwon silhwang jeonggwangsuje sugungga/01-gimyeongja-jeonggwangsuje sugungga.csv,train
madang5/sugungga/gimyeongja/pan-su-010 gimyeongja sorisaem 1999nyeon gukripgugagwon silhwang jeonggwangsuje sugungga/pan-su-010 gimyeongja sorisaem III 1999nyeon gukripgugagwon silhwang jeonggwangsuje sugungga/01-gimyeongja-jeonggwangsuje sugungga.csv,train
madang5/sugungga/gimyeonsu/pan-0-015 bikteo yuseonggi wonban sirijeu 6 pansori inganmunhwajae gimyeonsu choginogeum seonjip/10-gimyeonsu-sugungga_gogocheonbyeon.csv,valid
madang5/sugungga/gimyeonsu/pan-0-015 bikteo yuseonggi wonban sirijeu 6 pansori inganmunhwajae gimyeonsu choginogeum seonjip/11-gimyeonsu-sugungga_tokki bae gareuneun de.csv,test
madang5/sugungga/gimyeonsu/pan-0-015 bikteo yuseonggi wonban sirijeu 6 pansori inganmunhwajae gimyeonsu choginogeum seonjip/12-gimyeonsu-sugungga_gaja eoseo gaja.csv,train
madang5/sugungga/gimyeonsu/pan-0-015 bikteo yuseonggi wonban sirijeu 6 pansori inganmunhwajae gimyeonsu choginogeum seonjip/13-gimyeonsu-sugungga_tokki yokhaneun de.csv,train
madang5/sugungga/gimyeonsu/pan-su-016 pansori myeongchang gimyeonsu sugungga/01-gimyeonsu-sugungga_tokkiga gani eopdamyeo yongwangeul sogineun de.csv,train
madang5/sugungga/gimyeonsu/pan-su-016 pansori myeongchang gimyeonsu sugungga/02-gimyeonsu-sugungga_byeoljubuga yongwangege tokkiui mari geojisirago aroeneun de.csv,train
madang5/sugungga/gimyeonsu/pan-su-016 pansori myeongchang gimyeonsu sugungga/03-gimyeonsu-sugungga_yongwangi daeyeoneul baeseolhayeo tokkireul wirohaneun de.csv,train
madang5/sugungga/gimyeonsu/pan-su-016 pansori myeongchang gimyeonsu sugungga/04-gimyeonsu-sugungga_tokkiga sugungeseo ppajyeonaoneun de.csv,train
madang5/sugungga/gimyeonsu/pan-su-016 pansori myeongchang gimyeonsu sugungga/05-gimyeonsu-sugungga_tokkiga byeoljubuege yogeul haneun de.csv,train
"madang5/sugungga/ihwajungseon/pan-0-006 SPsidaeui pansori yeoryu myeongchangdeul 3 ihwajungseon,singeumhong/05-ihwajungseon-yongwang tansikhaneun de.csv",valid
madang5/sugungga/imbangul/KBS FM imbangurui sugungga/KBS FM imbangurui sugungga 1/01-imbangul-sijak insa.csv,valid
madang5/sugungga/imbangul/KBS FM imbangurui sugungga/KBS FM imbangurui sugungga 1/02-imbangul-danga honamga.csv,train
madang5/sugungga/imbangul/KBS FM imbangurui sugungga/KBS FM imbangurui sugungga 1/03-imbangul-sugungga_yongwang tansik.csv,valid
madang5/sugungga/imbangul/KBS FM imbangurui sugungga/KBS FM imbangurui sugungga 1/04-imbangul-sugungga_sugung eojeon hoeui.csv,train
madang5/sugungga/imbangul/KBS FM imbangurui sugungga/KBS FM imbangurui sugungga 1/05-imbangul-sugungga_tokkihwasang.csv,train
madang5/sugungga/imbangul/KBS FM imbangurui sugungga/KBS FM imbangurui sugungga 1/06-imbangul-sugungga_byeoljubu mochin ibyeol.csv,train
madang5/sugungga/imbangul/KBS FM imbangurui sugungga/KBS FM imbangurui sugungga 1/07-imbangul-sugungga_gogocheonbyeon.csv,train
madang5/sugungga/imbangul/KBS FM imbangurui sugungga/KBS FM imbangurui sugungga 1/08-imbangul-sugungga_naljimseung sangjwa datum.csv,train
madang5/sugungga/imbangul/KBS FM imbangurui sugungga/KBS FM imbangurui sugungga 1/09-imbangul-sugungga_giljimseung sangjwa datum.csv,train
madang5/sugungga/imbangul/KBS FM imbangurui sugungga/KBS FM imbangurui sugungga 2/01-imbangul-sugungga_beom naoneunde.csv,train
madang5/sugungga/imbangul/KBS FM imbangurui sugungga/KBS FM imbangurui sugungga 2/02-imbangul-sugungga_horangi jjochabeorineunde.csv,train
madang5/sugungga/imbangul/KBS FM imbangurui sugungga/KBS FM imbangurui sugungga 2/03-imbangul-sugungga_jara tokki mannaneunde.csv,train
"madang5/sugungga/imbangul/KBS FM imbangurui sugungga/KBS FM imbangurui sugungga 2/04-imbangul-sugungga_noksucheongsan,ilgaehantoe.csv",test
madang5/sugungga/imbangul/KBS FM imbangurui sugungga/KBS FM imbangurui sugungga 2/05-imbangul-sugungga_uri sugung byeolcheonji.csv,train
madang5/sugungga/imbangul/KBS FM imbangurui sugungga/KBS FM imbangurui sugungga 2/06-imbangul-sugungga_sugungcheonri meoda maso.csv,train
madang5/sugungga/imbangul/KBS FM imbangurui sugungga/KBS FM imbangurui sugungga 2/07-imbangul-sugungga_sosangpalgyeong.csv,train
madang5/sugungga/imbangul/KBS FM imbangurui sugungga/KBS FM imbangurui sugungga 2/08-imbangul-sugungga_tokki jabadeurineunde.csv,train
madang5/sugungga/imbangul/KBS FM imbangurui sugungga/KBS FM imbangurui sugungga 3/01-imbangul-sugungga_tokki bae gareurago oechineunde.csv,train
madang5/sugungga/imbangul/KBS FM imbangurui sugungga/KBS FM imbangurui sugungga 3/02-imbangul-sugungga_sugungpungryu.csv,train
madang5/sugungga/imbangul/KBS FM imbangurui sugungga/KBS FM imbangurui sugungga 3/03-imbangul-sugungga_3bu insamal.csv,train
madang5/sugungga/imbangul/KBS FM imbangurui sugungga/KBS FM imbangurui sugungga 3/04-imbangul-sugungga_gaja eoseoga.csv,train
madang5/sugungga/imbangul/KBS FM imbangurui sugungga/KBS FM imbangurui sugungga 3/05-imbangul-sugungga_saramui naeryeok.csv,train
madang5/sugungga/imbangul/KBS FM imbangurui sugungga/KBS FM imbangurui sugungga 3/06-imbangul-sugungga_gwandaejangja.csv,train
"madang5/sugungga/imbangul/KBS FM imbangurui sugungga/KBS FM imbangurui sugungga 3/07-imbangul-sugungga_tokki doksuri mannaneunde,deojildeojil.csv",train
madang5/sugungga/imbangul/myeongchang imbangul pansoriseonjip/03-imbangul-yongwangtansik.csv,train
madang5/sugungga/imbangul/myeongchang imbangul pansoriseonjip/04-imbangul-yongwanggusin.csv,train
madang5/sugungga/imbangul/myeongchang imbangul pansoriseonjip/05-imbangul-tokkihwasang.csv,train
madang5/sugungga/imbangul/myeongchang imbangul pansoriseonjip/06-imbangul-gogocheonbyeon.csv,valid
madang5/sugungga/imbangul/myeongchang imbangul pansoriseonjip/07-imbangul-tokkiwa jara.csv,train
"madang5/sugungga/imbangul/pan-0-033 hangugui jeontongeumak sugungga/pan-0-033 hangugui jeontongeumak 38 sugungga1/01-imbangul(chang)-sugungga_seochang~naljimsaeng,giljimseung sangjwadatum.csv",train
"madang5/sugungga/imbangul/pan-0-033 hangugui jeontongeumak sugungga/pan-0-033 hangugui jeontongeumak 38 sugungga1/02-imbangul(chang)-sugungga_seochang~naljimsaeng,giljimseung sangjwadatum.csv",train
madang5/sugungga/imbangul/pan-0-033 hangugui jeontongeumak sugungga/pan-0-033 hangugui jeontongeumak 39 sugungga2/01-imbangul(chang)-sugungga_sosangpalgyeong~.csv,train
madang5/sugungga/imbangul/pan-0-033 hangugui jeontongeumak sugungga/pan-0-033 hangugui jeontongeumak 39 sugungga2/02-imbangul(chang)-sugungga_~tokkisesang.csv,train
madang5/sugungga/imbangul/pan-chun-032 pansori myeongchang imbangul jeonjip/10-imbangul-sugungga_yongwang tansik.csv,train
madang5/sugungga/imbangul/pan-chun-032 pansori myeongchang imbangul jeonjip/11-imbangul-sugungga_yongwang gusin.csv,train
madang5/sugungga/imbangul/pan-chun-032 pansori myeongchang imbangul jeonjip/12-imbangul-sugungga_gogo cheonbyeon.csv,train
"madang5/sugungga/imbangul/pan-chun-032 pansori myeongchang imbangul jeonjip/13-imbangul-sugungga_sugung pungryu sang,ha.csv",train
madang5/sugungga/imbangul/pan-chun-034 hangugui widaehan pansori myeongchangdeul(II) imbangul/05-imbangul-tokkihwasang.csv,valid
madang5/sugungga/imbangul/pan-chun-034 hangugui widaehan pansori myeongchangdeul(II) imbangul/06-imbangul-gogocheonbyeon.csv,train
madang5/sugungga/imbangul/pan-chun-034 hangugui widaehan pansori myeongchangdeul(II) imbangul/07-imbangul-noksucheongsan.csv,train
"madang5/sugungga/imhyeonbin/pansori pansoriui jeolmeun myeongchangdeul CD-2/01-imhyeonbin(chang),namsangil(gosu)-sugungga_gogocheonbyeon_aniri,jinyangjo.csv",train
"madang5/sugungga/imhyeonbin/pansori pansoriui jeolmeun myeongchangdeul CD-2/02-imhyeonbin(chang),namsangil(gosu)-sugungga_gogocheonbyeon_aniri,jungjungmori.csv",train
"madang5/sugungga/imhyeonbin/pansori pansoriui jeolmeun myeongchangdeul CD-2/03-imhyeonbin(chang),namsangil(gosu)-sugungga_gogocheonbyeon_aniri,jungjungmori.csv",train
"madang5/sugungga/imhyeonbin/pansori pansoriui jeolmeun myeongchangdeul CD-2/04-imhyeonbin(chang),namsangil(gosu)-sugungga_tokki baegareuneunde_jungmori.csv",train
"madang5/sugungga/imhyeonbin/pansori pansoriui jeolmeun myeongchangdeul CD-2/05-imhyeonbin(chang),namsangil(gosu)-sugungga_tokki baegareuneunde_aniri,jajinmori.csv",train
"madang5/sugungga/imhyeonbin/pansori pansoriui jeolmeun myeongchangdeul CD-2/06-imhyeonbin(chang),namsangil(gosu)-sugungga_tokki baegareuneunde_aniri,jungmori.csv",train
madang5/sugungga/iseonyu/gimseonyeongsojang yuseonggieumban(MP3)/03 - sugungga saetaryeong-iseonyu.csv,train
madang5/sugungga/iseonyu/myeonginmyeongchangseonjip(6) dongpyeonje pansori/08-iseonyu-sugungga jung saetaryeong.csv,train
madang5/sugungga/iseonyu/pan-chun-036 pansorimyeongchang iseonyu/07-iseonyu-sugungga_jwaseokdatum.csv,valid
madang5/sugungga/iseonyu/pan-chun-036 pansorimyeongchang iseonyu/08-iseonyu-sugungga_tokkitaryeong(noksucheongsan).csv,train
madang5/sugungga/iseonyu/pan-chun-036 pansorimyeongchang iseonyu/09-iseonyu-sugungga_sugungpunggyeong.csv,train
madang5/sugungga/iseonyu/pan-chun-036 pansorimyeongchang iseonyu/10-iseonyu-sugungga_tokkisugungeuro(beompijungryu).csv,test
madang5/sugungga/iseonyu/pan-chun-036 pansorimyeongchang iseonyu/11-iseonyu-sugungga_tokkibineunde.csv,test
madang5/sugungga/iseonyu/pan-chun-036 pansorimyeongchang iseonyu/12-iseonyu-sugungga_gajagaja.csv,train
madang5/sugungga/iseonyu/pan-chun-036 pansorimyeongchang iseonyu/13-iseonyu-sugungga_saetaryeong.csv,train
madang5/sugungga/jeonggwangsu/sabon - beuritaenikeopansori/jeonggwangsu  sugungga wanchang bakchowol  bukgimmyeonghwan.csv,train
madang5/sugungga/jeonghoeseok/pan-su-009 soritgil sorisarang jeonghoeseok sugungga -silhwang-/pan-su-009 soritgil sorisarang jeonghoeseok sugungga -silhwang- CD1/01-jeonghoeseok-sugungga_choip~yakseongga daemok.csv,train
madang5/sugungga/jeonghoeseok/pan-su-009 soritgil sorisarang jeonghoeseok sugungga -silhwang-/pan-su-009 soritgil sorisarang jeonghoeseok sugungga -silhwang- CD1/02-jeonghoeseok-sugungga_yongwangtansik~sangso olrineun daemok.csv,train
madang5/sugungga/jeonghoeseok/pan-su-009 soritgil sorisarang jeonghoeseok sugungga -silhwang-/pan-su-009 soritgil sorisarang jeonghoeseok sugungga -silhwang- CD1/03-jeonghoeseok-sugungga_tokkihwasang~gogocheonbyeon.csv,valid
madang5/sugungga/jeonghoeseok/pan-su-009 soritgil sorisarang jeonghoeseok sugungga -silhwang-/pan-su-009 soritgil sorisarang jeonghoeseok sugungga -silhwang- CD1/04-jeonghoeseok-sugungga_sangjwadatum~beom naeryeooneun daemok.csv,valid
madang5/sugungga/jeonghoeseok/pan-su-009 soritgil sorisarang jeonghoeseok sugungga -silhwang-/pan-su-009 soritgil sorisarang jeonghoeseok sugungga -silhwang- CD1/05-jeonghoeseok-sugungga_byeoljubu aewon~sansinje olrineun daemok.csv,train
madang5/sugungga/jeonghoeseok/pan-su-009 soritgil sorisarang jeonghoeseok sugungga -silhwang-/pan-su-009 soritgil sorisarang jeonghoeseok sugungga -silhwang- CD2/01-jeonghoeseok-sugungga_tokkiwa sangbong~namhaesubyeon daemok.csv,train
madang5/sugungga/jeonghoeseok/pan-su-009 soritgil sorisarang jeonghoeseok sugungga -silhwang-/pan-su-009 soritgil sorisarang jeonghoeseok sugungga -silhwang- CD2/02-jeonghoeseok-sugungga_beompijungryu~byeoljubu judal daemok.csv,valid
madang5/sugungga/jeonghoeseok/pan-su-009 soritgil sorisarang jeonghoeseok sugungga -silhwang-/pan-su-009 soritgil sorisarang jeonghoeseok sugungga -silhwang- CD2/03-jeonghoeseok-sugungga_goguksancheon~chodongsinse.csv,test
madang5/sugungga/jeonjeongmin/pan-0-026 deugeum Vol.2 jeonju daesaseup pansori myeongchangbu jangwonja nundaemok2/03-jeonjeongmin-sugungga_byeoljubu sesang naoneunde.csv,train
"madang5/sugungga/jonongok/pan-0-007 SPsidaeui pansori yeoryu myeongchangdeul 4 baeseolhyang,gimsohyang,baksochun,jonongok/19-jonongok-tokki hwasang.csv",train
madang5/sugungga/jotongdal/pan-0-026 deugeum Vol.2 jeonju daesaseup pansori myeongchangbu jangwonja nundaemok2/01-jotongdal-sugungga_byeoljubu tokki derigo sesangnaoneun.csv,train
"madang5/sugungga/namhaeseong/pan-0-004 `94 iryo myeongin myeongchangjeon namhaeseong pansori(silhwang)/pan-0-004 `94 iryo myeongin myeongchangjeon namhaeseong pansori(silhwang) CD1/01-namhaeseong-sugungga_cheoeumbuteo~byeoljubu mochin,manura hajikhaneun daemok.csv",train
madang5/sugungga/namhaeseong/pan-0-004 `94 iryo myeongin myeongchangjeon namhaeseong pansori(silhwang)/pan-0-004 `94 iryo myeongin myeongchangjeon namhaeseong pansori(silhwang) CD1/02-namhaeseong-sugungga_byeoljubu sesang naoneun daemok~tokki sangbongdaemok.csv,test
madang5/sugungga/namhaeseong/pan-0-004 `94 iryo myeongin myeongchangjeon namhaeseong pansori(silhwang)/pan-0-004 `94 iryo myeongin myeongchangjeon namhaeseong pansori(silhwang) CD2/01-namhaeseong-sugungga_byeoljubu tokki myeonbakhaneun daemok~tokki jabadeurineun daemok.csv,train
madang5/sugungga/namhaeseong/pan-0-004 `94 iryo myeongin myeongchangjeon namhaeseong pansori(silhwang)/pan-0-004 `94 iryo myeongin myeongchangjeon namhaeseong pansori(silhwang) CD2/02-namhaeseong-sugungga_tokki sujakhaneun daemok~kkeutkkaji.csv,test
madang5/sugungga/namhaeseong/pan-su-003-004 namhaeseong sugungga CD/pan-su-003 namhaeseong sugungga CD-1/01-namhaeseong-sugungga_choap~dosaga yongwangui maegeul jipneun daemok.csv,train
madang5/sugungga/namhaeseong/pan-su-003-004 namhaeseong sugungga CD/pan-su-003 namhaeseong sugungga CD-1/02-namhaeseong-sugungga_wangi tansikhaneun daemok~suguksinhwawa byeoljubuga deureooneun daemok.csv,train
madang5/sugungga/namhaeseong/pan-su-003-004 namhaeseong sugungga CD/pan-su-003 namhaeseong sugungga CD-1/03-namhaeseong-sugungga_tokki hwasangeul geurineun daemok~jubu mochini byeoljubu sesang naganeun geoseul malrineun daemok.csv,train
madang5/sugungga/namhaeseong/pan-su-003-004 namhaeseong sugungga CD/pan-su-003 namhaeseong sugungga CD-1/04-namhaeseong-sugungga_byeoljubu sesang naoneun daemok.csv,train
madang5/sugungga/namhaeseong/pan-su-003-004 namhaeseong sugungga CD/pan-su-003 namhaeseong sugungga CD-1/05-namhaeseong-sugungga_oengat nal jimseungdeuri sangjwadatumhaneun daemok~oengat gil jimseungdeuri sangjwa datumhaneun daemok.csv,train
madang5/sugungga/namhaeseong/pan-su-003-004 namhaeseong sugungga CD/pan-su-003 namhaeseong sugungga CD-1/06-namhaeseong-sugungga_horangi naeryeooneun daemok~byeoljubu horangirobuteo sarananeun daemok.csv,train
madang5/sugungga/namhaeseong/pan-su-003-004 namhaeseong sugungga CD/pan-su-003 namhaeseong sugungga CD-1/07-namhaeseong-sugungga_byeoljubu sansinjereul deurineun daemok~tokki natananeun daemok.csv,train
madang5/sugungga/namhaeseong/pan-su-003-004 namhaeseong sugungga CD/pan-su-004 namhaeseong sugungga CD-2/01-namhaeseong-sugungga_byeoljubuga tokkireul kkosigi wihae gwansangeul bwajuneun daemok~byeoljubuga sugungjarangeul haneun daemok.csv,train
madang5/sugungga/namhaeseong/pan-su-003-004 namhaeseong sugungga CD/pan-su-004 namhaeseong sugungga CD-2/02-namhaeseong-sugungga_tokkiga byeoljubureul ttara sugungeuro deureoganeunde~byeoljubuga dasihanbeon tokkireul dalraeeo sugungeuro deureoganeun daemok.csv,train
madang5/sugungga/namhaeseong/pan-su-003-004 namhaeseong sugungga CD/pan-su-004 namhaeseong sugungga CD-2/03-namhaeseong-sugungga_yongwangi tokkireul jabadeurineun daemok~tokkiga yongwangege geojiseuro daehaneun daemok.csv,train
madang5/sugungga/namhaeseong/pan-su-003-004 namhaeseong sugungga CD/pan-su-004 namhaeseong sugungga CD-2/04-namhaeseong-sugungga_yongwangi tokkireul wihae yeonhuireul bepuneun daemok~byeoljubuga yongwangege tokkiui geojitdoemeul gohaneun daemok.csv,train
madang5/sugungga/namhaeseong/pan-su-003-004 namhaeseong sugungga CD/pan-su-004 namhaeseong sugungga CD-2/05-namhaeseong-sugungga_byeoljubuga tokkireul derigo dasi sesange naoneun daemok~tokkiga byeoljubuege yokhago doraganeun daemok.csv,valid
madang5/sugungga/namhaeseong/pan-su-003-004 namhaeseong sugungga CD/pan-su-004 namhaeseong sugungga CD-2/06-namhaeseong-sugungga_tokkiga geumure geolrineun daemok~geumure geolrin tokkiga kkoereul naeeo domangganeun daemok.csv,train
madang5/sugungga/namhaeseong/pan-su-003-004 namhaeseong sugungga CD/pan-su-004 namhaeseong sugungga CD-2/07-namhaeseong-sugungga_tokkiga doksuriege japhineun daemok~tokkiga doksurireul sogigo sarananeun daemok.csv,train
"madang5/sugungga/obichwi/pan-0-005 SPsidaeui pansori yeoryu myeongchangdeul 2 bakrokju,obichwi/13-obichwi-mojok hoeui.csv",train
"madang5/sugungga/obichwi/pan-0-005 SPsidaeui pansori yeoryu myeongchangdeul 2 bakrokju,obichwi/14-obichwi-sugunggyeonggaega.csv",train
madang5/sugungga/ojeongsuk/pan-su-015 ojeongsuk pansori daseotmadang sugungga/pan-su-015 ojeongsuk pansori daseotmadang sugungga CD1/01-ojeongsuk-danga_sacheolga.csv,train
madang5/sugungga/ojeongsuk/pan-su-015 ojeongsuk pansori daseotmadang sugungga/pan-su-015 ojeongsuk pansori daseotmadang sugungga CD1/02-ojeongsuk-sugungga_yongwangdeukbyeong.csv,train
madang5/sugungga/ojeongsuk/pan-su-015 ojeongsuk pansori daseotmadang sugungga/pan-su-015 ojeongsuk pansori daseotmadang sugungga CD1/03-ojeongsuk-sugungga_yakseongga.csv,train
madang5/sugungga/ojeongsuk/pan-su-015 ojeongsuk pansori daseotmadang sugungga/pan-su-015 ojeongsuk pansori daseotmadang sugungga CD1/04-ojeongsuk-sugungga_eojeon hoeui.csv,train
madang5/sugungga/ojeongsuk/pan-su-015 ojeongsuk pansori daseotmadang sugungga/pan-su-015 ojeongsuk pansori daseotmadang sugungga CD1/05-ojeongsuk-sugungga_byeoljubu jawon.csv,train
madang5/sugungga/ojeongsuk/pan-su-015 ojeongsuk pansori daseotmadang sugungga/pan-su-015 ojeongsuk pansori daseotmadang sugungga CD1/06-ojeongsuk-sugungga_tokki hwasang.csv,train
madang5/sugungga/ojeongsuk/pan-su-015 ojeongsuk pansori daseotmadang sugungga/pan-su-015 ojeongsuk pansori daseotmadang sugungga CD1/07-ojeongsuk-sugungga_byeoljubu hajik.csv,train
madang5/sugungga/ojeongsuk/pan-su-015 ojeongsuk pansori daseotmadang sugungga/pan-su-015 ojeongsuk pansori daseotmadang sugungga CD1/08-ojeongsuk-sugungga_gogo cheonbyeon.csv,train
madang5/sugungga/ojeongsuk/pan-su-015 ojeongsuk pansori daseotmadang sugungga/pan-su-015 ojeongsuk pansori daseotmadang sugungga CD1/09-ojeongsuk-sugungga_naljimseung sangjwa datum.csv,train
madang5/sugungga/ojeongsuk/pan-su-015 ojeongsuk pansori daseotmadang sugungga/pan-su-015 ojeongsuk pansori daseotmadang sugungga CD2/01-ojeongsuk-sugungga_giljimseung sangjwa datum.csv,train
madang5/sugungga/ojeongsuk/pan-su-015 ojeongsuk pansori daseotmadang sugungga/pan-su-015 ojeongsuk pansori daseotmadang sugungga CD2/02-ojeongsuk-sugungga_horangi byeoljubu sangmyeon.csv,train
madang5/sugungga/ojeongsuk/pan-su-015 ojeongsuk pansori daseotmadang sugungga/pan-su-015 ojeongsuk pansori daseotmadang sugungga CD2/03-ojeongsuk-sugungga_byeoljubu tokki sangmyeon.csv,train
madang5/sugungga/ojeongsuk/pan-su-015 ojeongsuk pansori daseotmadang sugungga/pan-su-015 ojeongsuk pansori daseotmadang sugungga CD2/04-ojeongsuk-sugungga_byeoljubu tokki mundap.csv,train
madang5/sugungga/ojeongsuk/pan-su-015 ojeongsuk pansori daseotmadang sugungga/pan-su-015 ojeongsuk pansori daseotmadang sugungga CD2/05-ojeongsuk-sugungga_sanrim punggyeong.csv,train
madang5/sugungga/ojeongsuk/pan-su-015 ojeongsuk pansori daseotmadang sugungga/pan-su-015 ojeongsuk pansori daseotmadang sugungga CD2/06-ojeongsuk-sugungga_tokki palran.csv,train
madang5/sugungga/ojeongsuk/pan-su-015 ojeongsuk pansori daseotmadang sugungga/pan-su-015 ojeongsuk pansori daseotmadang sugungga CD2/07-ojeongsuk-sugungga_sugung heungmi.csv,test
madang5/sugungga/ojeongsuk/pan-su-015 ojeongsuk pansori daseotmadang sugungga/pan-su-015 ojeongsuk pansori daseotmadang sugungga CD2/08-ojeongsuk-sugungga_tokki byeoljubureul ttaragam.csv,train
madang5/sugungga/ojeongsuk/pan-su-015 ojeongsuk pansori daseotmadang sugungga/pan-su-015 ojeongsuk pansori daseotmadang sugungga CD2/09-ojeongsuk-sugungga_beompi jungryu.csv,train
madang5/sugungga/ojeongsuk/pan-su-015 ojeongsuk pansori daseotmadang sugungga/pan-su-015 ojeongsuk pansori daseotmadang sugungga CD3/01-ojeongsuk-sugungga_tokki jabadeurim.csv,train
madang5/sugungga/ojeongsuk/pan-su-015 ojeongsuk pansori daseotmadang sugungga/pan-su-015 ojeongsuk pansori daseotmadang sugungga CD3/02-ojeongsuk-sugungga_bae gareuneun de.csv,valid
madang5/sugungga/ojeongsuk/pan-su-015 ojeongsuk pansori daseotmadang sugungga/pan-su-015 ojeongsuk pansori daseotmadang sugungga CD3/03-ojeongsuk-sugungga_sugung pungryu.csv,test
madang5/sugungga/ojeongsuk/pan-su-015 ojeongsuk pansori daseotmadang sugungga/pan-su-015 ojeongsuk pansori daseotmadang sugungga CD3/04-ojeongsuk-sugungga_byeoljubu tokkireul eopgo dasi sesangeuro.csv,train
madang5/sugungga/ojeongsuk/pan-su-015 ojeongsuk pansori daseotmadang sugungga/pan-su-015 ojeongsuk pansori daseotmadang sugungga CD3/05-ojeongsuk-sugungga_tokki byeoljubureul honnaejugo daranam.csv,train
madang5/sugungga/ojeongsuk/pan-su-015 ojeongsuk pansori daseotmadang sugungga/pan-su-015 ojeongsuk pansori daseotmadang sugungga CD3/06-ojeongsuk-sugungga_tokki geumure geolrim.csv,train
madang5/sugungga/ojeongsuk/pan-su-015 ojeongsuk pansori daseotmadang sugungga/pan-su-015 ojeongsuk pansori daseotmadang sugungga CD3/07-ojeongsuk-sugungga_tokki pulryeonaseo joara nalttwim.csv,valid
madang5/sugungga/ojeongsuk/pan-su-015 ojeongsuk pansori daseotmadang sugungga/pan-su-015 ojeongsuk pansori daseotmadang sugungga CD3/08-ojeongsuk-sugungga_tokki doksuriege japhim.csv,valid
madang5/sugungga/ojeongsuk/pan-su-015 ojeongsuk pansori daseotmadang sugungga/pan-su-015 ojeongsuk pansori daseotmadang sugungga CD3/09-ojeongsuk-sugungga_huildam.csv,train
madang5/sugungga/seonguhyang/pan-0-020 seongchangsun pansori moeum/04-seongchangsun-sugungga(yakseongga).csv,train
"madang5/sugungga/seonguhyang/pan-chun-029 myeonginmyeongchang(5) pansori 3myeongchang(choeseunghui,seonguhyang,baksonghui) teukbyeolgongyeon silhwang/02-seonguhyang-pansori sugungga jung yakseongga~tokkihwasang(jeongeungminje).csv",train
madang5/sugungga/songmangap/gimseonyeongsojang yuseonggieumban(MP3)/06 - sugungga gogocheonbyeon-songmangap.csv,valid
madang5/sugungga/songmangap/myeonginmyeongchangseonjip(6) dongpyeonje pansori/03-songmangap-sugungga jung gogocheonbyeon.csv,train
madang5/sugungga/songmangap/songmangap songgideok(1913)-seonyeongakhoe/Nip6133-byeoljubutaryeong-songmangap-(seonyeongakhoe).csv,train
madang5/sugungga/songmangap/songmangap songgideok(1913)-seonyeongakhoe/Nip6215-baekrohoenggangga-songmangap-(seonyeongakhoe).csv,train
madang5/sugungga/songsunseop/gugakbangsong saeeumwonsirijeu 5 songsunseobui sugungga/gugakbangsong saeeumwonsirijeu 5 songsunseobui sugungga-1/01-songsunseop-danga jeokbyeokbu.csv,train
madang5/sugungga/songsunseop/gugakbangsong saeeumwonsirijeu 5 songsunseobui sugungga/gugakbangsong saeeumwonsirijeu 5 songsunseobui sugungga-1/02-songsunseop-sugungga_yongwang deukbyeong.csv,train
madang5/sugungga/songsunseop/gugakbangsong saeeumwonsirijeu 5 songsunseobui sugungga/gugakbangsong saeeumwonsirijeu 5 songsunseobui sugungga-1/03-songsunseop-sugungga_yakseongga.csv,train
madang5/sugungga/songsunseop/gugakbangsong saeeumwonsirijeu 5 songsunseobui sugungga/gugakbangsong saeeumwonsirijeu 5 songsunseobui sugungga-1/04-songsunseop-sugungga_yongwang tansik.csv,train
madang5/sugungga/songsunseop/gugakbangsong saeeumwonsirijeu 5 songsunseobui sugungga/gugakbangsong saeeumwonsirijeu 5 songsunseobui sugungga-1/05-songsunseop-sugungga_eojeon hoeui.csv,train
madang5/sugungga/songsunseop/gugakbangsong saeeumwonsirijeu 5 songsunseobui sugungga/gugakbangsong saeeumwonsirijeu 5 songsunseobui sugungga-1/06-songsunseop-sugungga_tokkihwasang.csv,train
madang5/sugungga/songsunseop/gugakbangsong saeeumwonsirijeu 5 songsunseobui sugungga/gugakbangsong saeeumwonsirijeu 5 songsunseobui sugungga-1/07-songsunseop-sugungga_byeoljubu hajik.csv,train
madang5/sugungga/songsunseop/gugakbangsong saeeumwonsirijeu 5 songsunseobui sugungga/gugakbangsong saeeumwonsirijeu 5 songsunseobui sugungga-1/08-songsunseop-sugungga_gogocheonbyeon.csv,train
madang5/sugungga/songsunseop/gugakbangsong saeeumwonsirijeu 5 songsunseobui sugungga/gugakbangsong saeeumwonsirijeu 5 songsunseobui sugungga-1/09-songsunseop-sugungga_sangjwa datum.csv,train
madang5/sugungga/songsunseop/gugakbangsong saeeumwonsirijeu 5 songsunseobui sugungga/gugakbangsong saeeumwonsirijeu 5 songsunseobui sugungga-2/01-songsunseop-sugungga_beom naeryeooneun daemok.csv,test
madang5/sugungga/songsunseop/gugakbangsong saeeumwonsirijeu 5 songsunseobui sugungga/gugakbangsong saeeumwonsirijeu 5 songsunseobui sugungga-2/02-songsunseop-sugungga_byeoljubuga tokki mannaneun daemok.csv,train
madang5/sugungga/songsunseop/gugakbangsong saeeumwonsirijeu 5 songsunseobui sugungga/gugakbangsong saeeumwonsirijeu 5 songsunseobui sugungga-2/03-songsunseop-sugungga_byeoljubuga tokkireul yuinhaneun daemok.csv,test
madang5/sugungga/songsunseop/gugakbangsong saeeumwonsirijeu 5 songsunseobui sugungga/gugakbangsong saeeumwonsirijeu 5 songsunseobui sugungga-2/04-songsunseop-sugungga_yeouga tokki malrineun daemok.csv,train
madang5/sugungga/songsunseop/gugakbangsong saeeumwonsirijeu 5 songsunseobui sugungga/gugakbangsong saeeumwonsirijeu 5 songsunseobui sugungga-2/05-songsunseop-sugungga_tokkiga sugung deureoganeun daemok.csv,valid
madang5/sugungga/songsunseop/gugakbangsong saeeumwonsirijeu 5 songsunseobui sugungga/gugakbangsong saeeumwonsirijeu 5 songsunseobui sugungga-2/06-songsunseop-sugungga_tokkireul jabadeurineun daemok.csv,train
madang5/sugungga/songsunseop/gugakbangsong saeeumwonsirijeu 5 songsunseobui sugungga/gugakbangsong saeeumwonsirijeu 5 songsunseobui sugungga-3/01-songsunseop-sugungga_tokki bae gareuneun daemok.csv,train
madang5/sugungga/songsunseop/gugakbangsong saeeumwonsirijeu 5 songsunseobui sugungga/gugakbangsong saeeumwonsirijeu 5 songsunseobui sugungga-3/02-songsunseop-sugungga_sugung pungryu.csv,train
madang5/sugungga/songsunseop/gugakbangsong saeeumwonsirijeu 5 songsunseobui sugungga/gugakbangsong saeeumwonsirijeu 5 songsunseobui sugungga-3/03-songsunseop-sugungga_byeoljubuga ulmyeo yongwangkke aroeneun daemok.csv,train
madang5/sugungga/songsunseop/gugakbangsong saeeumwonsirijeu 5 songsunseobui sugungga/gugakbangsong saeeumwonsirijeu 5 songsunseobui sugungga-3/04-songsunseop-sugungga_tokkiga sesangeuro naoneun daemok.csv,test
madang5/sugungga/songsunseop/gugakbangsong saeeumwonsirijeu 5 songsunseobui sugungga/gugakbangsong saeeumwonsirijeu 5 songsunseobui sugungga-3/05-songsunseop-sugungga_tokkiga byeoljubu yokhaneun daemok.csv,train
madang5/sugungga/songsunseop/gugakbangsong saeeumwonsirijeu 5 songsunseobui sugungga/gugakbangsong saeeumwonsirijeu 5 songsunseobui sugungga-3/06-songsunseop-sugungga_tokkiga deoche geolryeotda sarananeun daemok.csv,train
madang5/sugungga/songsunseop/gugakbangsong saeeumwonsirijeu 5 songsunseobui sugungga/gugakbangsong saeeumwonsirijeu 5 songsunseobui sugungga-3/07-songsunseop-sugungga_tokkiga doksurireul sogigo sarananeun daemok.csv,train
madang5/sugungga/wanggiseok/wanggiseok pansorisegye/04-wanggiseok-sugungga jung_tokki hwasang geurineun daemok.csv,train
madang5/sugungga/yumiri/pan-0-023 chasedae myeongin yumiri pansorinundaemok/05-yumiri-sugungga jung tokkiwa jara mannaneun daemok(dongchoje).csv,test
other/ansukseon/gita037 ansukseon jieum/01-ansukseon-gueum sinawi.csv,train
other/ansukseon/gita037 ansukseon jieum/03-ansukseon-yukjabaegi.csv,train
other/ansukseon/gita037 ansukseon jieum/04-ansukseon-heungtaryeong.csv,test
other/ansukseon/gita037 ansukseon jieum/05-ansukseon-dungdanggae taryeongoe.csv,train
other/ansukseon/gita037 ansukseon jieum/06-ansukseon-ganggangsulrae.csv,test
other/ansukseon/gita037 ansukseon jieum/07-ansukseon-neolttwigi.csv,train
other/ansukseon/gita037 ansukseon jieum/08-ansukseon-dalmaji.csv,test
other/ansukseon/gita037 ansukseon jieum/09-ansukseon-parwolga.csv,train
"other/baeseolhyang/pan-0-007 SPsidaeui pansori yeoryu myeongchangdeul 4 baeseolhyang,gimsohyang,baksochun,jonongok/03-baeseolhyang-heungtaryeong.csv",test
"other/baeseolhyang/pan-0-007 SPsidaeui pansori yeoryu myeongchangdeul 4 baeseolhyang,gimsohyang,baksochun,jonongok/04-baeseolhyang-gaegoritaryeong.csv",train
"other/ihwajungseon/pan-0-006 SPsidaeui pansori yeoryu myeongchangdeul 3 ihwajungseon,singeumhong/07-ihwajungseon-yukjabaegi,jajinyukjabaegi.csv",train
"other/ihwajungseon/pan-0-006 SPsidaeui pansori yeoryu myeongchangdeul 3 ihwajungseon,singeumhong/08-ihwajungseon-heungtaryeong.csv",train
"other/ihwajungseon/pan-0-006 SPsidaeui pansori yeoryu myeongchangdeul 3 ihwajungseon,singeumhong/09-ihwajungseon-gaegoritaryeong.csv",test
"other/ihwajungseon/pan-chun-035 hangugui widaehan pansori myeongchangdeul(III) ihwajungseon/12-ihwajungseon-yukjabaegi,jajinyukjabaegi.csv",train
